username,content,labelling
"Pengguna Google,""Aplikasinya masih banyak bug. Tidak bisa mengubah informasi akun seperti nomor telepon. Setelah berhasil login sekali di Coretax, saat logout dan coba login lagi malah tidak bisa masuk. Mohon diperbaiki, karena sangat mengganggu. Selain itu, tidak ada notifikasi error yang jelas, jadi pengguna bingung harus melakukan apa. Untuk aplikasi yang berkaitan dengan pajak, seharusnya sistem lebih stabil dan dapat diandalkan."",negatif"
"Pengguna Google,""Kesel banget, mw daftar aja kek apaan sih. Mana makan pulsa, tolong lah ya kan diperbaiki, kok bisa tombol lanjutannya gak bisa dipencet padahal sinyal bagus aja. Apa gunanya ni apk kalo ujung2nya mw daftar mesti ke kantor pajak jga, hadeh"",negatif"
"Pengguna Google,""apk begini masi di pake, jelek banget , fiturnya tidak lengkap, login susah, padahal sandi sudah betul dan lain lain, pas di inputnya eror truss, malah email-nya tidak di konfigurasi katanyaa. pas mau aktivasi udah jelass email-nya tertera dan email yg sama aku pake buat login malah tidak bisa, kesediaan cs nya juga tidak ada. apk rendah banget ya, buat pajak , pajakkk tapi di korup aja tuhh modal kembangkan apk gini kagak bisa bisa haduhh, bukanya juga tingkatkan pelayanan malah bobrok,"",negatif"
"Pengguna Google,""aplikasinya sampah gak bisa buat login padahal sudh di verifikasi, sering ulang kata sandi via email yg terdaftar malah keterangan emailnya tidak valid, di ubah ke nomer, malah gak dpt notifikasi nya.."", negatif"
"Pengguna Google,""aktivasi masukin NIK/NPWP ud bener tp data gk ditemukan berkali kali. tp di tlp suruh download, nyatanya aplikasi gk bisa dipake. bikin aplikasi trial error dulu baru, ud smooth baru pengguna suruh download. dah ah cape,"",negatif"
"Pengguna Google,""aplikasi membingungkan dan bikin pusing orang. sudah berjam2 tidak bisa dipakai.. padahal sudah masukin data, sandi, dengan benar tapi selalu di ulang2 terus. udah verikasi swafoto trs suruh ganti sandi tapi selalu stuck disitu trs.. ini mah bukan mempermudah tp bikin mumet. lapor pajak aja sampe repot begini."",negatif"
"Pengguna Google,""Mending balik lagi metodenya ke tahun kemarin lebih enak. Sekarang kok ribet bener. Login udah berapa kali disuruh ganti sandi, verifikasi lewat no telepon atau email juga kagak ada Mulu. Tulisannya selalu aja """"kesalahan""""."",negatif"
"Pengguna Google,""aplikasi BUSUK, mau daftar pajak aja mengisi kontak wajib pajak padahal email dan no hp sudah di isi dan di verifikasi dengan benar, tombol lanjut malah ga aktif atau muncul (gabisa di klik) jadi stuck. hidup di negara KORUP ya gini"",negatif"
"Pengguna Google,Gimana si... Validasi foto gagal mulu. Notifikasi nya tidak sesuai dgn foto di database. Foto kapan??? Kalo berdasarkan foto KTP ya itu foto udh 20tahun lebih. Mana cocok??? Duit gw yg dipotong buat pajak buat aplikasi kaya gini???", negatif
"Pengguna Google,""aplikasi dan web paling jelek, gaa up to date banget. loading lama, ilang mulu, gaa efektif dan efisien banget. plisa dong apus ajaa web kaya gini, yang niat kalo bikin web, yang proper, masa web sekelas kemenkeu kaya gini"",negatif"
"Pengguna Google,""kenapa nomor NPWP gak bisa masuk, padahal baru kemarin ke kantor pajak reset password dan email.. udah bener.. eh malah tidak terdaftar katanya.. hahhh kok bisa, sandinya dan email udh bener, difoto malah"",negatif"
"Pengguna Google,""duuh susah amat login, udah bener semua, error melulu, udah fiturnya tidak lengkap, untuk login oun susah. tidak berfaedah dan tidak membantu sama sekali."",negatif"
"Pengguna Google,""Apk apa ini Gk jelas betul iklannya cuma 5 menti udah bisa buat NPWP pas mau daftar baru lembaran kedua udah di persulit kita udah verify email & no telpon udah masukin kode otp juga pas mau lanjut Gk bisa gitu kok katanya mempermudah, kita disuruh wajib pajak buat NPWP dipersulit pajak dibayar dikorupsi pula nanti Gk bayar pajak kita pula disalahkan dianggap ilegal kocak memang aturan negara ini"",negatif"
"Pengguna Google,""susah banget masuknya, sudah masuk sudah di isi bingung mau di klik di selesaikannya, malah muter2. gampang pakai e-Filling dari pada coretak"",negatif"
"Pengguna Google,""gajelas, verifikasi nomor handphone kenapa ga masuk bahkan saya coba sampe seminggu?! bisa gasih yg niat bukannya ini juga penting ya buat kita apa coba, aplikasi yg harusnya dibutuhin bener bener malah ga guna, minimal kalo ada kendala server cepat di perbaiki! apaaaaaaaaaaaallllaahhhh"",negatif"
Pengguna Google,tidak bisa masuk pada aplikasi padahal sudah verifikasi wajah dan data email serta telepon sudah di konfirmasi benar oleh aplikasi. saya jadi kuatir jangan sampai ini aplikasi spam pengambil data wajib pajak,negatif
"Pengguna Google,""Aplikasinya payah banget, aktivasi akun coretax udah berhasil, pas login diharuskan ganti password, kirim link via SMS kena biaya Rp 1200 udah gitu tampilan halaman ganti passwordnya cuma setengah halaman HP aja jd apa yg diketiknya gak gelas pas di kolom caphcanya, tapi yakin udah sesuai sih, eh pas diklik keterangannya ganti password gagal. Terus coba login dan ganti password via komputer, udah berhasil. Pas login di HP tetep muncul halaman ganti password. Ini orang yg buat apknya anak TK apa?"",negatif"
"Pengguna Google,""Aktivasi aplikasi paling susah di muka bumi, sudah isi pulsa kode OTP gk masuk, mau verifikasi muka error, ada lebih pajak masukin no rek gk bisa, apa sihhhh padahal harus lapor SPT"",negatif"
"Pengguna Google,""susah banget mau laporan tahunan dipersulit bgt aplikasinya jelek sekali, kemarin bisa log in tapi tidak bisa uodate data hanya bisa menampilkan kartu, sekarang katanya harus update di playstore tapi pas udah update harus log in harus aktivasi dan gabisa terus kalo mau log in... haduh pusinggg... pembuat aplikasi nya harus yang handal dong jangan asalÂ²an"",negetif"
"Pengguna Google,""Jelek selalu gagal login, error tidak jelas, bahasanya juga teknis sekali. orang non pajak kesulitan akses. ID pengguna tulis saja NIK, seperti ini saja dipersulit."",negatif"
"Pengguna Google,""aplikasi bermasalah login di arahkan ke website dari aplikasi, setelah ngisi id dan password selesai, otomatis membuka kembali aplikasi. tetap gak login, di coba login lagi tetap gitu-gitu aja. mahal-mahal bikin aplikasi, dananya di korupsi ya? anggaran Rp1,2 triliun hingga Rp1,39 triliun, seburuk ini hasilnya. sering eror, server down."",negatif"
"Pengguna Google,""memang nggak beres ini aplikasi,sangat mengecewakan,saya mau melakukan perubahan data saja karna email nggak sesuai data di djp malah nggak bisa,ini harus dilaporkan ke Mentri keuangan ini,aplikasi dibuat malah nggak bisa digunakan dengan maksimal"",negatif"
"Pengguna Google,""apk gilaaa, parahh pajak kan banyak duit tuh, bikin aplikasi yang bagus aja ga mampu intinya mau di website atau dr apk ini, error semua cs yg di website jg ga guna ni nulis ulasan jg pasti ga dibaca, percuma ada apk gini, mau login aja bermasalah"",negatif"
"Pengguna Google,""kenapa hrs pindah ke cortax,? kalo mau di pindah ya di permudah sistemnya ini malah udah masukin data email yg sesuai dan sudah konfrimasi ke kring pajak kalo emailnya sudah benar, pas di masukin ke cortax nya malah di bilangnya tidak sesuai, dan ujung ujung nya suruh ke kantor pajakðŸ˜Œ"",negatif"
"Pengguna Google,""Aplikasi lemot bermasalah, sering sekali disconect ketika diteruskan ke website oleh aplikasinya. Meskipun menggunakan perangkat kelas flagship sekalipun tidak menjamin aplikasinya lancar di gunakan"",negatif"
Pengguna Google,aplikasi gak jelas padahal punya pemerintah masa kaya gini buat aktivasi akun aja susahnya minta ampun ada aja yang eror. dulu udah bisa login enak sekarang malah ditambah coretax sialan bikin mudah kagak malah suruh aktivasi lagi. dimana mana pemerintah diksih uang pajak buat aplikasi yang nggak usah bagus bagus lah asal fungsinya jelas bisa dipakek apalah dikit dikit eror namanya apa gabisa dipake.,negatif
Pengguna Google,aplikasi sampah ini. bukanya tambah gampang tambah ribet dari tadi log in verifikasi no tlfn 10 mnt gak masukÂ². padahal ini nomor saya gunakan udah 7 tahun lebih sebelum kena wajib pajak. ini instansi yg terkait juga gimana sih masyarakat yg diwajibkan bayar pajak tapi suruh laporan sendiri juga. ngehek banget seneng banget bikin susah orang,negatif
"Pengguna Google,""sudah sekitar sebulan saya register npwp tapi setiap verifikasi nomor hp tidak pernah muncul kode otp nya, padahal emailnya bisa, sudah puluhan kali saya coba hingga beli kartu baru namun masih saja tidak terkirim kode nya"",negatif"
"Pengguna Google,""Suruh masuk akun coretax, tapi begitu suruh masukin kode verifikasi yang di kirim ke email malah halaman verifikasi hilang kembali ke halaman awal. Berulang ulang terus begitu. ini namanya ngerjain bosss"",negatif"
"Pengguna Google,""Download apk nya supaya gak perlu daftar online karena di web refresh dikit balik lagi dari awal. Udah tau verif kode no hp harus ada pulsa, ini aku udah berapa kali keulang terus alhasil boncos. Tapi di apk masih tetep dialihkan ke web. Males gak mood ðŸ˜­"",negatif"
Pengguna Google,tolong tingkatkan kemudahan dalam mendapatkan kode Verifikasi bisa melalui whatsapp atau email yang sudah terdaftar karena sangat repot sekali jika hanya melalui SMS yang mana di Indonesia masih banyak daerah yang sulit signalnya.,netral
"Pengguna Google,""Sumpah ya ,hanya utk lapor SPT tahunan aja ini dipersulit bangetttttttttt.puluhan kali aktivasi Coretax tapi gak bisaÂ².udahlah terserah.mau NPWP nya aktif atau gak,ini bukan salah kami.tapi aplikasinya yg gak jelas.emang benar di Indonesia,kalau bisa dipersulit knpa harus dipermudah.kapan negara mau maju ,kalau sekedar buat aktivasi aplikasi aja harus nunggu berjam jam.rakyat disuruh patuh pajak ,tapi fasilitas pendukungnya gak jelas.byeeeeee"",negatif"
Pengguna Google,aplikasi abal... verifikasi no hp kena tarif 1000. mending klo lgsg bisa. ber ulang2 sampe ngabisin pulsa msh gagal. dan sering eror eror eror eror. mending hapus aja aplikasinya sama web nya. anggaran negara mahal hasil nya abal abal.!!!,negatif
Pengguna Google,mau login susah amat. verifikasi harus via sms nomor telpon yang sudah terdaftar. sedangkan nomor yang terdaftar sudah tdk di gunakan lagi. harusnya verifikasi via email saja biar mudah. mau lapor pajak saja susah amat ðŸ‘Ž,negatif
"Pengguna Google,""ini fungsinya apa sih? Percuma ada aplikasi kalo harus tetep ka kantor mah. Verifikasi gak bisa-bisa, keterangan nya salah mulu. Lupa Sandi sudah sesuai proses link pemulihan nya tidak sampai ke email maupun no hp."",negatif"
"Pengguna Google,""Coba yang di website coretaxdjp.pajak.go.id di perbaiki untuk bugnya. Ketika ingin login selalu dianggap salah, ketika di aplikasi bisa masuk. Moga saran nya dibaca ya bapak/ibu yang terhormat. Terima kasih"",netral"
"Pengguna Google,""kenapa sih nomor telponya gak terbaca, klo nomor telpon di ganti, seharusnya di aplikasi ada opsi untuk ganti nomor telpon.. kirain pakai aplikasi udah gak ribet, malah semakin ribet.."",negatif"
Pengguna Google,sumpah dari kinerja aplikasi saja sangat jelek ya berbelit belit cuman mau lihat nomor npwp sendiri scan wajah lah verif email login kayak mau ngambil uang 1 m. tolong dipermudah kerja pemerintah itu mempermudah masyarakat bukan mempersulit gaguna ini aplikasi,negatif
"Pengguna Google,""Mau aktivasi akun, disuruh ambil foto, udah beres katanya foto tidak sesuai dengan data base, padahal gak pernah oplas, gak pake kacamata atau aksesoris apapun juga, ini gimana sih?"",negatif"
Pengguna Google,saya sudah ngisi semua dengan benar kenapa tidak bisa di verification trs kolom ke 3 juga tidak bisa diisi ini gimana to long diperbaiki lagi apk nya,netral
"Pengguna Google,""apk apa ini membuat ribett aja, ya kalo bikin apk itu yang simple deh, ini apa coba baru juga masuk apk terus dialihkan ke play store untuk update,setelah update terus masuk apk lagi disuruh update lagi. gak jelas.. bangett perbaiki lagi dong sistemnya"",negatif"
"Pengguna Google,""ampun banget ini apk mau login aja sulit padahal mau lapor pajak , padahal udah swap foto email dan no telp udah bener ttep aja gak bisa login.."",negatif"
"Pengguna Google,""mau uang pajak gak sih, bikin akun aja susahnya minta ampun, dicoba berkali kali udah sesuai prosedur malah gak berhasil pertama kendala di alamat, dicoba lagi ganti di verifikasi nomor HP. aplikasi negara gini amat,"",negatif"
Pengguna Google,aplikasi pemerintahan masih butuh pulsa aja untuk aktivasi !!! jaman sekarang pulsa itu ngga terlalu dibutuhkan kecuali kouta !! tolong dong upgrade pemahamannya lagi !!!,negatif
"Pengguna Google,""aplikasi gak guna, verifikasi email sudah,no telp sudah,tapi gagal login,padahal sudah login dengan akun dan password yg dia kirim,balik aja ke DJP lagi, coretax bikin ribet, bayar pajak sudah, mau lapor aja susah"",negatif"
Pengguna Google,dulu djp nggak sesulit saat ini ruwet dan susah tolong dong buat aplikasi yg mudah sudah disuruh laporan tapi aplikasi nggak jelas gini. terimakasih sl,netral
Pengguna Google,apk gaje klo misal blm siap luncur jangan disuruh instal katanya mempermudah tau nambah lamban . klo mau dijadiin kelinci percobaan buat diri sendiri aja kaga usah disebar luar.,negatif
Pengguna Google,Aplikasi tolol.. mau login malah masuknya ke reset password trus.. gw jg herman..gw udah bayar pajak lewat perusahaan tp gw jg tetep harus lapor..,negatif
"Pengguna Google,""Heiii pejabat pajakkk kalian ini kerjanya apa sihh... jemput bola kek bikin aplikasi menyusahkan banget bukannya bikin mudah , Kita yang bayar pajak kita juga yang ribet anehhhh bintang satu supaya nyampai Pak Purbaya sidak turun cek semua pegawai pajak gimana kinerjanya ini amburasutt"",negatif"
"Pengguna Google,""Aplikasi apaan ini, banyak bug bjir, udah ngisi form berkali kali masih gagal terus, terus minta bantuan di telpon malah di tutup"",negatif"
Pengguna Google,Aplikasi Paling Ribet.. Pembaruan Terus tapi Login makin Susah.. Id dan Pasword SDH Benar TPI kesalahan Login Terus... TIM IT nya Payah untuk aplikasi ini,negatif
"Pengguna Google,""apk apa ini mau daftar aja susahnya minta ampun,sampai bergadang keponakanku hanya untuk buat NPWP dan tetep belum bisa ,lapor cs pun gak ada kebanyakan nipurakyat nih sampai pelayanan sejelek ini aja gak ke urus."",negatif"
"Pengguna Google,""aplikasi nya kayaknya developernya pemula . data sudah benar tapi masih gagal login , bikin aplikasi niatnya buat mempermudah ini malah mempersulit"",negatif"
"Pengguna Google,""pengisian pendaftarannya dipersulit,susah,padahal sudh benar data yang dimasukan tapi malah ga valid katanyaa,,bikin pusing"",negatif"
Pengguna Google,aplikasi paling sulit sedunia setiap segala fitur selalu ada aja gendala. padahal aplikasi wajib pajak Indonesia lo ferivikasi wajah pun semalam gagal terus,negatif
"Pengguna Google,""jelek , ambil foto selalu gagal , lalu mengulang dari awal nip tdk terdaftar. apakah sengaja dipersulit."",negatif"
Pengguna Google,Sy sudah berusaha jadi WP terbaik..namun aplikasi yg baru ini begitu ribet sekali...susah login...tdk bisa masuk ...bahkan website cortex Pajak SPT tahunan PPh tdk bisa masuk... setelah lakukan perubahan data kemarin..malah di April sama sekali susah sinkronisasi mana lagi karena WP harus lapor lagi padahal sudah terbayar dan terpotong...kita rakyat dipersulit...para pegawai santai terima tunjangan dan gaji...waktu kami terpakai terus urusan ini...data internet dan wifi tdk gratisan,negatif
"Pengguna Google,""Kode OTP gak masuk masuk, pulsa juga sudah di isi tetap aja gak masuk. Aplikasi negara itu kenapa gak ada yang becus sih?"",negatif"
"Pengguna Google,""mau daftar aja di persulit banget, dateng ke kantor pajak disuruh pulang buat dulu di online giliran buat online malah di persulit padahal mau bayar ke negara susah amat dah aneh"",negatif"
"Pengguna Google,""gak ribet tapi udah berapa kali coba tetep aja gak bisa karena Address detail,padahal udah sesuai sama alamat rumah ,bikin emosi aja ,perbaikin ni ðŸ“"",negatif"
"Pengguna Google,""padahal sudah benar detail alamatnya, tapi kok error terus tolong diperbaiki biar bisa registrasi ðŸ‘Ž"",negatif"
"Pengguna Google,""Aplikasi gak jelassssss... Gara2 di telpon aja juga ini gue sama org pajak disuruh update data via apk, kalo gak di telpon juga ogah download dah. Login aja susah bgt astaga"",negatif"
"Pengguna Google,""mohon email , & no hp bisa di verifikasi dngn nomor terbaru, apa fungsi nya vermuk kalo masih sulit ubah data ini mau cek pajak lho, bukan mau minjem uang"",negatif"
Pengguna Google,apanya semakin baik??? mau masuk akun aja susah...mau lapor pajak aja dipersulit..buat akun tuh yg gampang dimengerti dan tidak susah untuk di akses..aplikasi sampaaahhh!!!!,negatif
"Pengguna Google,""bisa ndk sih, swafoto swafoto itu kita bisa balik kameranya supaya lebih mudah digunakan!!!!!!!! ngerepotin banget!!!!!!!"",negatif"
"Pengguna Google,""Hancurr,, mau masuk aja susah, ribet banget, gimana mau maju negara ini, buat aplikasi aja ga becus,, no nik udah bener, email udah bener, tapi ga bisa masuk,, kacau"",negatif"
"Pengguna Google,""pertama, aktivasi sulit. kedua, berhasil log-in apk menggunakan pw yg dikirim tapi saat ingin mencoba 'lapor spt' ternyata sedang under maintenance lalu saya mencoba melalui web tapi saat mencoba membuka melalui web, selalu gagal karena username dan pw salah ketiga, saat mencoba lupa sandi , email/nomor selalu salah pdhal sudah sesuai seperti awal aktivasi. kita yg membayar pajak kita laporan dan dipersulit. buat apa apk ini kalau ujung-ujungnya ke kantor pajak?"",negatif"
"Pengguna Google,""Ribet bgt sih, buat login susah banget karena lupa sandi. sudah di klik lupa sandi verifikasi pake email sama nomor HP gak masuk kan bangke."",negatif"
Pengguna Google,apa nih nak aktivasi akun susah bet padahal udah ada muncul alert kontak berhasil diverifikasi eehhhh malah muncul lagi email confirmation faild,negatif
"Pengguna Google,""aplikasi jelek tambah parah, udah patuh bayar pajak tinggal laporan aja susah banget+ribet, harapannya pemerintah membuat aplikasi yg mudah untuk laporan SPT tahunan."",negatif"
"Pengguna Google,""uda daftar, tak bisa masuk LOGIN, lupa kata sandi, uda di ubah pun tetap tidak bisa,,tidak ada info dari email atau SMS."",negatif"
Pengguna Google,Tak jelas...permohonan Efin Verifikasi Email atau SMS gk ada tombol kirim ..parah... pelaporan pajak semakin ribet... bukan mempermudah masyarakat...malah mempersulit...,negatif
"Pengguna Google,""kenapa tidak bisa utk buat Cortes, seperti susah sekali login nya, bukan buat gampang utk pelaporan pajakalah susah utk pelaporan pajak nya"",negatif"
"Pengguna Google,""Aplikasi kelasnya kementrian tapi kok payah sangat, mau login aja kok gak bisa bisa, selalu aja keluar notif halaman sedang tidak berfungsi, ðŸ‘ŽðŸ½ðŸ‘ŽðŸ½ðŸ‘ŽðŸ½ðŸ‘ŽðŸ½ðŸ‘ŽðŸ½"",negatif"
Pengguna Google,persulit terus uda semua apa2 butuh npwp giliran di daftar di persulit tolong di perbaiki kualitas regristrasi lewat sms nya gak masuk2 kode otp nya,negatif
Pengguna Google,aplikasi gak jelas udah download gak bisa di gunakan tolong dong di perbaiki mau lapor SPT aja ga ada jalurnya. pesan saya tolong di perbaiki.trmaksih saya menghargai hasil kinerja anda tapi ga berguna.,negatif
Pengguna Google,aplikasi sangat sulit di akses. bisa masuk tapi opsi penggunaannya sulit. tolong kita sudah bayar pajak ke negara jadi cari orang IT yang lebih kompeten,negatif
"Pengguna Google,""apk sampah... daftar sulit, aktivasi sulit, bukan d permudah cek masalah pajak malah jd sulit krna aplikasi ribet.. prettt"",negatif"
"Pengguna Google,""aplikasi ga jelas nih, emailnya udh bisa verifikasi.. nomer telpon nya belum.. kode otp nya ga masuk masuk gmana si, lagi urgent butuh NPWP kok malah susah sekali mau buat secara online"",negatif"
"Pengguna Google,""Indonesia belum siap dengan digitalisasinya, aplikasinya jelek, situs coretax buruk sekali, benar-benar masih tertinggal jauh"",negatif"
"Pengguna Google,""aplikasi rusak , bacaan Sistem Eror melulu kita di paksa Update tapi pelayanan nya sangat Buruk , Sistem Tidak berfungsi , gimna ni pengurusnya , kalau tidak mampu Mundur aja , Mikir dong"",negatif"
"Pengguna Google,""Ini apk apaan sii,verify token NO nggga mask masuk udah 3 hari,Tolong lah di perbaiki,kami masyarakat resah melihat masalah kaya gini,"",negatif"
Pengguna Google,Email confirmation failed. (GenericError) terus gimana mau lapor kalo daftarnya aja sudah gini gausah heran kalo orang gak lapor pajak bukanya gak mau tapi caranya ribet dan menyusahkan,negatif
"Pengguna Google,""Aplikasinya eror. NPWP,NIK, EMAIL dah bener malah coba lagi. tolong perbaiki dan permudah wajib pajak kalau mau rakyat taat pajak"",negatif"
"Pengguna Google,""susah sekali untuk aktivasi nya kalau belum bisa bikin aplikasi yang mempermudah, sebaiknya gak usah bikin aplikasi saja"",negatif"
"Pengguna Google,""NIK sudah bener, pasword sudah bener tapi ga bisa masuk tertera error aplikasi ga bermutu"",negatif"
Pengguna Google,app y ngak guna . atau emang di sengaja buat app bug ngak bisa masuk aktivasiii .orang mau bayar susah amat dah,negatif
"Pengguna Google,""ga bisa login udah berminggu-minggu,ga bisa bikin aplikasi yang bagus kah ,orang disuruh taat pajak tapi aplikasi nya ga mendukung ,ngabisin anggaran aja"",negatif"
Pengguna Google,Aplikasi paling parah.. lemot..Gak guna. Rampok terstruktur dan dilindungi,negatif
"Pengguna Google,""Mau laporan pajak aja ribet. apk buang"""" anggaran, ngak efektif sekali. Gak simpel blassss"",negatif"
"Pengguna Google,""tra bisa log in, dialihkan ke browser lain, proses log in ribet dan lambat, server tidak ada respon."",negatif"
Pengguna Google,apk ini setiap buka nyuruh update. setelah update dibuka tidak bisa juga buka fitur lapor sptnya.,negatif
"Pengguna Google,""bukannya mempermudah, malah mempersulit. nomor salah lah, keluar dikit langsung ngilang, dll kacaw.."",negatif"
"Pengguna Google,""login susah mau bayar di persulit untuk loginya ampun dahh , internet lancar juga tetap ngk bisa masuk mau dsuruh lapor pajak tapi di persulit"",negatif"
Pengguna Google,aplikasinya sama aja websitenya di buka kalao sudah nyampe e billing dan ketika salah pembetulan juga susah .,negatif
"Pengguna Google,""aplikasi masih banyak bug, terutama untuk otp no telpon tidak muncul muncul"",negatif"
"Pengguna Google,""aplikasi tidak mendukung sama sekali, saat upload selesai giliran step terakhir gagal mengirim permintaan, kita mau lapor pajak apakah harus antri lagi di kntor pajak. mau jadi warga yang taat pajak saja susahnya minta ampun."",negatif"
Pengguna Google,Aplikasi penting kayak gini sering error niat buka apk gak sihh? bukannya buat mudah malah buat susahh jncox,negatif
Pengguna Google,ini gimana sih bikin aplikasi tolol banget login aja gak bisa mau bayar lapor tapi di persulit kok bisa sih kalian punya aplikasi sesampah ini.... masih bagusan flappy bird,negatif
"Pengguna Google,""susah amat ngisi alamat di website, ribet. bagusin lah apk kyk gini masih dipake. kasih petunjuk yg jelas !!! ngabisin pulsa aja...."",negatif"
"Pengguna Google,""tidak bisa merubah data no telpon dll di aflikasi ini, mau download kartu electronic jg tdk ada, masih bagusan aplikasi lama"",negatif"
"Pengguna Google,""Sudah membuat berkali kali gagal. Bayangkan, tadi ke kantor pajak nya aja ga tau. Tolong lah kasih pemahaman pada masyarakat. Padahal td sudah menyerahkan ke kantor pajak tetap tidak bisa membuat NPWP"",negatif"
"Pengguna Google,""aplikasi sampah, mau daftar npwp aja sulit padahal data sudah sesuai"",negatif"
"Pengguna Google,""sangat sulit untuk masuk , waktu verifikasi,ada saja yang kurang,error melulu"",negatif"
Pengguna Google,aplikasi memusingkan. udah mah kita wajib bayar pajak. mau aktivasi ribet minta ampun. aplikasi yg tadinya buat memudahkan malah bikin pusing.,negatif
"Pengguna Google,""gajelas banget ini aplikasi masa kita mau buat laporan STP ga bisaÂ²,stuck di log in aja.mana kalo telat kena denda,giliran mau dikerjain aplikasi nya ngajak gelud,hadehhh"",negatif"
Pengguna Google,berapa kira2 dana yg dihabiskan untuk membuat dan untuk maintenance apk ini ya?Apk nya kok kayak gak niat banget. Malu2in,negatif
"Pengguna Google,""gimana sih ini aplikasi, mau aktivasi akun coretax juga susah banget masuk nya, laporan di wajibkan tapi proses sangat ribet."",negatif"
Pengguna Google,susah login padahal sepet terdaftar npwp cuma lupa sandi tetap aja gak membantu lupa sandinya mohon tuk di perbaiki lagi apknya min,negatif
"Pengguna Google,""aplikasi bikin pusing, data sudah dimasukkan dengan benar, verifikasi muka, email masih saja kesalahan. membagongkan"",negatif"
"Pengguna Google,""aplikasi ga jelas buat login aja susah nya setengah modyarrr, giliran bisa login di dalemnya lemottttt"",negatif"
"Pengguna Google,""mau login eror terus, verifikasi kontak ga bisa"""", pulsa ada pdhl,"",negatif"
"Pengguna Google,""Loging susahnya minta ampun padahal, Pasword sudah benar karena saya catat NIK benar. masih aja gagal"",negatif"
Pengguna Google,habis pembaruan kok Sekarang sulit sekali ya login di djp....bad aplikasinya,negatif
"Pengguna Google,""kirain download aplikasi bakal lebih mudah verifikasi nya, ga aplikasinya ga websitenya sama sama payah."",negatif"
"Pengguna Google,""kedok aplikasi. ðŸ¤£ðŸ¤£ ngisi atau login tetap pakai extension web, istansi besar sekelas perpajakan kalah sama apk umkm. kocak emg."",negatif"
"Pengguna Google,""sangat tidak membantu untuk log in aja susah, kayak gk ada guna nya sih padahal kita mau bayar pajak lohh"",negatif"
"Pengguna Google,""sampah betul, ga di optimalkan biar lebih mudah lapor pajak, mau lapor pajak udah kayak mau transaksi barang berbahaya susahnya minta ampun"",negatif"
Pengguna Google,kenapa selalu diminta logout terus? aku ga bisa lapor spt. tiap tahun sudah rutin lapor pajak online. baru sekarang ga bisa. ruwet. ternyata site under construction. kapan jadinya?,negatif
"Pengguna Google,""daftar online lwt coretak alamat domisili sdh benar tp gagal trs, cm ngurangin pulsa sm kuota doank."",negatif"
Pengguna Google,Aplikasinya merepotkan data sudah benar masih dibilang salah minus sekali pelayanannya,negatif
"Pengguna Google,""apk kuntul sama kaya yg bikin pemerintahnya juga, bukanya mempermudah malah makin ribet, ujung2 nya ke kantor pajak juga, apus aj ni apa ga guna"",negatif"
Pengguna Google,ko susah sih masupnya.dipermudah dong bagi yg sudah terdaftar harusnya masup otomatis,negatif
Pengguna Google,aplikasi sampah jangan ada yg install cuma bikin ribet doang periv berkli kli udh bener bngt masih juga ngga bisa to*ol,negatif
"Pengguna Google,""udh mlai integrasi dengan coretax yah aplikasi mpajak ini, jd login nya pake pass coretax. untuk cert digital dah mncul, tp krna sy dah buat di coretax, g sy buat lg, tnggu expired/lupa passpharse aja wkwkw. menu spt mash under construct, yaah smga kalo mau dpke thn ini kudu cepet tim dev untuk bikin nya"",negatif"
"Pengguna Google,""sulit untuk dipahami, banyak yang bingung, untuk pendaftaran spt nya gagal terus"",negatif"
"Pengguna Google,""teruntuk bagian pengembang, ini kurang bayaran, kurang skill, atau kurang tidur?"",netral"
"Pengguna Google,""mau login gak bisa,, emang bener stop bajar pajak,, sekelas aplikasi pemerintahan aja gajelas, kalah sama aplikasi judol dan pinjol,,"",negatif"
"Pengguna Google,""mau lapor sulit, no tlp yang di input sudah benar tapi tetep gak bisa masuk, ya sudah gak usah lapor pajak"",negatif"
"Pengguna Google,""sudah terdaftar login susah, masuk coretax tetap gabisa padahal terdaftar"",negatif"
"Pengguna Google,""aplikasi sampah , sekelas pemerintah aplikasi nya kya gini, verifikasi muka aja susah banget, (Ket perangkat terlalu jauh, udh dideketin kurang malah kurang jauh) nyusahin amat mau lapor pajak doang , Apk gak jelasss"",negatif"
"Pengguna Google,""ini apk belum siap ya,,masa setelah keluar,mau masuk lagi ga ada kolom log in,,gimana sih,gimana mau tertib pajak,apk nya aja ga siap"",negatif"
"Pengguna Google,""bikin emosi ini aplikasi sumpah, mau masuk ga bisaÂ² puluhan kali kirim foto intenet tidak terhubung terus padahal jaringan bagus..ga jelas ini"",negatif"
Pengguna Google,Bikin susah doank. verifikasi aja susah nya minta ampun. klo belum siap jangan di publish dlu. internet ada wifi ada tapi notifikasi nya tidak terhubung internet..,negatif
"Pengguna Google,""login susah amat password salah terus, mau ganti pw ga bisa bisa, emang sampah sampahhhh"",negatif"
Pengguna Google,aplikasi ga guna. password dia sendiri yg ngasih kok dipake login gabisa. nyusahin doang,negatif
"Pengguna Google,""update secara berkala tiap hari, tanpa hasil yg signifikan, lelet"",negatif"
Pengguna Google,susah banget loginnya. data sudah sesuai tp gak bisa.,negatif
"Pengguna Google,""apaan sih , mau aktivasi aja di pesulit bolak balik gagal terus. ga guna apk nya"",negatif"
Pengguna Google,Payah banget. Udah aja gausah ada aplikasi sama website. Biar semua orang bayar pajaknya ke kantor. ðŸ‘,negatif
Pengguna Google,sudah bulak balik aktivasi atau log in gk bisa. apa setiap aplikasi milik pemerintah selalu kalah oleh swasta ya? padahal biaya pembuatanny pasti lebih mahal dr aplikasi swasta. kualitas inovasi dari pemerintah selalu kalah oleh swasta. mengecewakan.,negatif
"Pengguna Google,""Narik uang gaji gercep sekali, giliran mau login aplikasi sulit sekali, kocak"",negatif"
"Pengguna Google,""gak website, gak aplikasi sama aja sering eror mulu, gua mau bikin npwp aja susah minta ampun, sibuk kembali ke menu awal terus"",negatif"
"Pengguna Google,""kami udh bayar pajak, gaji dipotong pajak bahkan sebelum terima gaji nya, tapi masih harus download2 aplikasi ginian ckckck"",netral"
Pengguna Google,aplikasi jelleekkk ribeettt mau bikin akun aja susahnya setengah mati katanya disuruh lapor penjualan dan pembelian saham giliran mau lapor dipersulit boro boro lapor bikin akun nyaa aja hampir stresss sangking susahnya.,negatif
Pengguna Google,sangat membantu memantau pajak hanya saja kurang saat penggunaannya,netral
Pengguna Google,kenapa mau daftar pajak gini amat dulu pakai djp online mudah yang penting punya efin sekarang kesini GK bisa ubah data email dan no hp sedangkan lupa sandi GK bisa KLO bukan email yg terdaftar .. gmn kita mau lapor pajak... cm org pajak yang bisa kita harus kesana buat ubah email dan no hp.. butuh waktu kan. tolonglah kasih kemudahan buat yg mau lapor pajak. banyak yang org tua pada GK bisa lapor.. mereka minta tolong jg GK bisa.. terkendala data tidak sama email no hp...,negatif
Pengguna Google,aplikasi bener bener gak jelas banget kita di tuntut pajak lewat online tapi aplikasinya sama sekali bermutu GAK JELAS SEKALI KONOHA INI,negatif
Pengguna Google,kembang terus sistem ya agar lebih lancar dan baik terima kasih atas kemudahan ya,positif
Pengguna Google,Aplikasi masih banyak bugs Ndk bisa sama sekali digunakan,negatif
"Pengguna Google,""anggaran negara milyaran tp produk aplikasinya jelek, Pajak itu harus mempermudah pelapor pajak bukan malah mempersulit dan buat waktu org terbuang sia2."",negatif"
Pengguna Google,aplikasi gak guna bikin susah sinyal kuat login error mulu,negatif
"Pengguna Google,""aplikasi ga jelas, tombol efin tidak ada, iuran gaji lo pada aja kita dibuat ribet"",negatif"
"Pengguna Google,""mau aktivasi aja susah, aplikasi apa ini buang buang anggaran doang. Gak bisa kirim kode verifikasi ke Gmail/nomor HP."",negatif"
Pengguna Google,yang mau lapor di persulit...harus pake otp ke email lain lagi...karna email terdaftar sebelumnya di apk pajak dianggap spam,negatif
"Pengguna Google,""kalau kamu mau buka usaha, kamu harus keluar modal sendiri. tp giliran usahamu berhasil, pemerintah menuntut pajak. ketika kamu kerja, segala resiko, tekanan, beban, tuntutan kamu tanggung sendiri, tapi ketika kamu gajian, pemerintah menuntut pajak darimu. rajin bayar pajak, tapi hidup ga semakin baik. pendidikan tetap mahal, kesehatan tetap mahal, kerja tetap susah, penghasilan tetap kecil, tapi pejabat dan pemerintah hidup makin mewah wkakaka .btw nunggu OTPnya lama!!!!"",negatif"
"Pengguna Google,""mau bayar pajak mau aktivasi aja ribet nya minta ampun di simpelin aja rakyat mau kemudahan dalam urusan pajak jangan di bikin ribet,...................."",negatif"
"Pengguna Google,""Udah ya temenÂ², jangan daftar online, percuma habis2 in pulsa kalian doang, udah muak banget dengan pajakÂ² an"",negatif"
"Pengguna Google,""aplikasi apaan sih ini, baru download 5 menit udah minta update aja, terus buat aktivasi akun tinggal kirim pernyataan aja gagal mulu, dah lah, tahun ini gak usah lapor SPT. bodo amat, bukan gue yang gak mau lapor tapi aplikasinya ribet. aku mau laporan apa yang sudah aku bayar lho, bukan mau ngerampok, kok dibikin ribet sih."",negatif"
"Pengguna Google,""aplikasi busuk. sebenarnya ini buat apa? log in saja ga bisa. udah itu skrg lapor pajak susah luar biasa. makin persusah rakyat saja. uda mau bayar pajak, lapor pajak saja susah minta ampun. asli negara konoha ini payah!"",negatif"
"Pengguna Google,""aplikasi aneh, mohon segera diperbaiki... fungsinya buat aplikasi itu biar mempermudah, bukun malah mempersulit!"",negatif"
"Pengguna Google,""susah masuk tinggal verifikasi jadi ribet amat pake koretak padahal email no hp sama,, gimanamau laporan"",negatif"
"Pengguna Google,""asu banget aplikasi buatan pemerintah tuh,.. gak jelas banget... sangat sulit masuk..."",negatif"
Pengguna Google,suruh bayar pajak tapi ribet aplikasi error trus banyak bug,negatif
"Pengguna Google,""aplikasi aneh paling nyusahin. kita yang suruh bayar pajak, tp diribetin pula."",negatif"
"Pengguna Google,""Aplikasi gajelas, mau login malah gabisa mulu. Gimana sih???"",negatif"
Pengguna Google,susah bener mau bayar pajak aja.. kita yg bayar kita juga yg di bikin pusing,negatif
"Pengguna Google,""percuma pake oline juga masih nyusahin,.buat verivikasi akun aja susah gagal terus gaya mau online tpi tetep nyusahin pengguna..."",negatif"
"Pengguna Google,""kami yang bayar pajak kami jiga yang ribet,, kalian enak2kan duduk manis seolah olah kalian yang di butuhkan,,"",negatif"
"Pengguna Google,""mau log in aj susah bnget, udh aktifin di coretex ttp aj DJP nya g bs nge link. minta update tiap dibuka. pusing lama2 pke ni apk"",negatif"
Pengguna Google,apk cacad total. mau ubah pasword sja slalu keterangan akun tidak terdaftar. yg download apk ini pasti nyesel. uninstall.,negatif
"Pengguna Google,""ga guna bgt. mau laporan karena wajib lapor, tapi aplikasi gak bisa dipakai. sejak download kok under maintenance teross.. ngabisin anggaran aja ini. tar terlambat laporan kena denda 100rb. ga mutu bgt."",negatif"
"Pengguna Google,""hapus aja apk nya masa klarifikasi nomor gak masuk masuk, delay ribet lagi"",negatif"
"Pengguna Google,""aplikasi pemerintah emang gk ada yg bener, mau byar pajak saja menyulitkan"",negatif"
"Pengguna Google,""aplikasi tidak kompatibel dengan perangkat anda, aplikasi yg menyusahkan...."",negatif"
"Pengguna Google,""Mau bayar pajak aja dipersulit, aplikasi tak berguna, tidak profesional ðŸ‘ŽðŸ‘ŽðŸ‘Ž"",negatif"
Pengguna Google,mau masuk malah halaman tidak berfungsi. bikin bingung apkikasi ini,negatif
"Pengguna Google,""berapa triliun anggaran aplikasi sampah begini????? anak SMA juga bisa bikin lebih bagus, paling cuma 500rebu"",negatif"
"Pengguna Google,""Sekalas app pemerintah kualitasnya begini? setelah ambil FOTO lalu submit, ada saja errornya, oh lupah ini kan konoha klo gk koropsi gk mgkn begini"",negatif"
Pengguna Google,kadang msh susah utk buka aplikasinya tp cukup membantu buat lapor pajak tahunan,netral
"Pengguna Google,""aplikasi tidak bisa digunakan, saya memasukkan nomor NPWP dan NIP tidak dapat diakses"",negatif"
"Pengguna Google,""aplikasi gak guna, gimana org mau bayar pajak, wong daftar aja muter2 trus"",negatif"
Pengguna Google,hidup pajak pajak Mulu giliran mau ACC account aja susahnya minta ampun benerin kek apknya percuma ada tim it kalo hasilnya kek gini,negatif
Pengguna Google,kalo blm mampu menjalankan sistem jngn malu bertanya. mo ikutin perkembangan jaman apl setiap login gagal. giliran buat akun NIK sudah terdaftar,negatif
Pengguna Google,gini amat sih mau laporan aja ribetnya minta ampun atau memang di sengaja di buat susah seperti ini tinggal aktivasi aja susahnya minta ampun,negatif
"Pengguna Google,""Sistem lambat, sering error."",negatif"
Pengguna Google,Mau lapor pajak aja susah. Semua data sudah benar tp verifikasi gagal terus.,negatif
"Pengguna Google,""biadap memang, cari kerja sendiri giliran gajian suruh bayar pajak, suruh lapor , giliran mau lapor di persulit juga gak bisa bisa masuk ke akun,, harraaammmmm"",negatif"
"Pengguna Google,""lupa kata sandi, tapi ga bsa terus. dengan uang srbnyak itu kualitas web kalian sangat menyedihkan"",negatif"
"Pengguna Google,""gak habis pikir, duit gede, tapi server apk gangguan terus"",negatif"
Pengguna Google,Mau login aja susah bgt.. dah lah ga usah ngurusin pajak..,negatif
Pengguna Google,harus lebih ditingkatkan lagi tidak bisa login saat ingin melakukan pelaporan SPT tahunan,netral
Pengguna Google,susah memang jadi warga negara yang baik. mau lapor pajak saja susahnya setengah mati. login tidak masuk masuk.,negatif
"Pengguna Google,""aplikasi paling tidak berguna di play store, mau aktivasi coretax aja error terus"",negatif"
Pengguna Google,gabisa masuk.otp email waktunya 10 menit.masuknya setengah jam.,negatif
Pengguna Google,IT nya kuliah lagi eh jangan balik SD aja buat aplikasi ga jelas amat,negatif
"Pengguna Google,""aplikasi error, website tak beres, diminta bikin password pas udh bikin, udh memenuhi ketentuan masi saja tertulis pola password tidak sesuai, pas mau login,halaman website error terus. entah apa apa yang diminta, org mau urus pajak jadi susah, udh kita yang bayar, kita yang urus sendiri lagi udah itu error error lagi, aplikasi tak beres, website tak beres, semua tak beres. lucu sekali"",negatif"
Pengguna Google,masih sangat baik sih saya kasih bintang 1. aplikasi ga guna nyusahin yang kaya gini sekelas pemerintahan aplikasinya?? kurang modal apa? verifikasi susah bener dah menyerah ga usah lapor kalau bgini ngabisin waktu,negatif
"Pengguna Google,""aplikasi cacat. sudak aktivasi coretax nunggu sms dan email tidak kunjung dikirim gimna mau login coretax?. percuma mau bayar pajak malah dipersulit. kalo dibiarin dikira tidak mau bayar pajak, apk aneh. ingat pemerintah kalian dibayar dari pajak kami ya. kenapa dipersulit"",negatif"
Pengguna Google,pengen login susah banget? gak bisa terus di web gak bisa di aplikasi gak bisa apa tujuannya dong ini aplikasi dibuat?,negatif
"Pengguna Google,""mau login susah,, harus rubah data nomor telepon padahal dah 2 kali perbarui data langsung sama orang pajak kenapa dibikin susah rakyat Indonesia yg pengen taat pajak pak menteri apa kepala pajak coba bikin terobos yg memudahkan ini"",negatif"
"Pengguna Google,""mau masuknya gimana cuman bolak balik suruh ganti password,apklikasi ribet"",negatif"
"Pengguna Google,""aplikasi gajelas, dialihin ke play store terus pdhl udh versi terbaru, benahin lagi ya."",negatif"
"Pengguna Google,""udh di suruh laporan, pas mau laporan di cek udh seminggu masih perbaikan terus"",netral"
"Pengguna Google,""aplikasi, tapi masih harus pindah ke Web, ngga bisa login pokoknya ampaslah"",negatif"
Pengguna Google,asli aplikasi g jelas ribet menyusahkan. bikin aplikasi g niat. mau login aja g bisa. semua ribetttttt,negatif
"Pengguna Google,""Aplikasi ga jelas, mau login aja susah banget. Trus apa yg mau diulas???"",negatif"
"Pengguna Google,""mau login aja susah, swafoto gabisa bisa apk pemerintah error trs"",negatif"
Pengguna Google,Kata sandi tidak sesuai...pada udh input bener jir...duit gue kepotong pake segala lapor pajak,netral
"Pengguna Google,""saya ga bisa masuk atau validasi, dan ganti perubahan data pribadi, coba dah di permudah susah amat bikin aktivasi akun"",negatif"
"Pengguna Google,""masih kurang optimal sih, harus ditingkatkan lagi"",netral"
"Pengguna Google,""mohon untuk diperbaiki lagi. sudah banyak komplain terkait aplikasi yang kualitasnya rendah tapi masih saja tidak diperbarui. untuk aktivasi akun saja sudah mengalami kesulitan luar biasa. setiap kali masukkan email dan no telp selalu salah, error padahal kita yang tau persis itu benar."",negatif"
"Pengguna Google,""sangat buruk, data log in sudah benar semua. tetapi giliran masuk keterangan selalu eror, sudah di ulang pluhan kali sampe bosan masih tetep aja eror. Tolong jangan di persulit , masih untung ada niatan laporan tahunan malah di persulitðŸ˜®â€ðŸ’¨"",negatif"
Pengguna Google,ga bisa lihat SPT we'll be back son tolong dipermudah dong,netral
"Pengguna Google,""Kita yg bayar pajak, kita juga yg di repotin ,terus kerjaan org pajak apaan? .... mending gampang bikin laporannyaðŸ˜‡ðŸ˜‡ðŸ˜‡"",negatif"
"Pengguna Google,""M-PAJAK aplikasi gak guna untuk masyarakat Login sangat rumit.. selalu error sudah berbagai cara... seperti hapus data cache apk/uninstall tetap tidak bisa masuk.. solusi buat kalian lebih baik ke kantor pajak nya langsung! jika ada email tentang akun M-pajak gak usah peduli ujung""""nya gak bisa masuk seperti sya.. buat pengembang aplikasi tolong login trus eror penampilan kurang elegan."",negatif"
"Pengguna Google,""aplikasi apaan ini, masuk cortex, malah diarahkan ke chromeðŸ˜‚, kocak bener buat aplikasi perpajakan, macam tak niat kerja kalian"",negatif"
"Pengguna Google,""aplikasi buruk banget, gagal terus input data"",negatif"
Pengguna Google,busuk apk nya susah di akses error terus mau aktivasi aja susah,negatif
"Pengguna Google,""sekelas aplikasi negara seperti ini?? verifikasi email dan no hp tidak ada dikirim , katanya mempermudah tapi kok mempersulit?"",negatif"
"Pengguna Google,""aplikasi ga jelas anggaran gede aplikasi ga bener , kita yang bayar pajak kita yang harus laporan kocak"",negatif"
Pengguna Google,bayar pajak buat mau dikorupsi aja ribet nya bukan maen,negatif
"Pengguna Google,""aplikasi bodoh, punya aplikasi tapi diarahkan ke web,mana nga bisa masuk setelah update, disuruh lapor pajak malah nga becus bikin aplikasi, ngakak"",negatif"
Pengguna Google,aplikasi jelek sering error dan gangguan,negatif
"Pengguna Google,""bisanya cuma nguras pulsa ga jelas, g bisa registrasi. terus aj ngulang2 smp pulsa abis. bus00x"",negatif"
"Pengguna Google,""aplikasi & web nya sama aja ga jelas, mau ganti sandi ngga bisa, ngasih link ga jelas link nya apa."",negatif"
Pengguna Google,gak di aplikasi gak di link sama jelek nya.laporan aja sulit,negatif
Pengguna Google,verifikasinya sulitt nanti kalau sudah bisa kuedit ðŸ˜€ðŸ‘ðŸ»,negatif
"Pengguna Google,""aplikasi sampah, verifikasi image berulang-ulang gagal terus, buang2 anggaran aja,"",negatif"
"Pengguna Google,""Aplikasinya sampah, mau apa2 lemootttttt bgt, banyak eror, taik"",negatif"
"Pengguna Google,""stuck di halaman login doang, dan itupun blank page. sangat sangat minus"",negatif"
"Pengguna Google,""GK jelas, sdh isi semua data hasil akhirnya gagal terus. Auto uninstall"",negatif"
"Pengguna Google,""kacau nih coretax gak bisa login terus, padahal batas waktu pelaporan sampai 31 maret, dah lah.."",negatif"
"Pengguna Google,""aplikasi apa si bng gini amat susah buat login, pemerintah bisa ga si buat aplikasi yg bener"",negatif"
"Pengguna Google,""parah, eror terus. mau log in aja susah. ini niat gasih buat apk"",negatif"
Pengguna Google,susah amat masuknya otp HP kagak d kirim kirim,negatif
Pengguna Google,masuk aplikasi bolak balik verifikasi tapi ga puas2 kalian gimna mau bayar pajak login apk ribet x,negatif
"Pengguna Google,""percuma diarahkan ke web juga. yg bikin app ini ga di potong pph, yg di suruh ribet yang byr pph."",negatif"
Pengguna Google,Hadeuh..... Tolong Aplikasinya bikin yang bener lah biar bisa digunakan,negatif
Pengguna Google,Mau login aja susah mohon system segera di perbaiki,negatif
Pengguna Google,buruk di persulit gak mempermudah banget,negatif
"Pengguna Google,""tidak bisa login, mau ganti kata sandi tidak bisa. makin parah aplikasi pemerintah"",negatif"
"Pengguna Google,""lemot susah login, susah masuk mau di situs ataupun aplikasi"",negatif"
Pengguna Google,semua situs pemerinrah pasti kayak gini wifi dan data saya bisa buat buka video 4k life stream buat buka aplikasi dan website pemerintah eror terus bawaannya,negatif
Pengguna Google,kebiasaan aplikasi lokal kadang ada yg gk bagus,netral
"Pengguna Google,""delete Apk , error terus yang dipiara bikin ribet"",negatif"
"Pengguna Google,""aplikasi g guna g fungsi, masak kita yang bayar kita juga yang lapor trus kalian ngapain ... ntr ujung2nya 100T korup"",negatif"
Pengguna Google,mohon dimudahkan next nya. untuk lapor SPT tahunan. supaya tidak perlu lagi datang ke KPP . buat semudah mungkin lah. mohon dibantu. TERIMAKASIH RESPON NYA.,netral
Pengguna Google,ribet amat sih ini bikin pusing aja sdh berkali2 masuk tetap aja tdk bisa,negatif
Pengguna Google,Jelek banget sampe gak lapor spt. bomat deh. login aja gak bisa,negatif
Pengguna Google,permintaan login selalu gagal tidak tau masalahnya apa,negatif
"Pengguna Google,""Aplikasi paling payah, lelet banget dan tampilan antarmuka nya jelek, di tambah verifikasi nomor telepon nya lama banget dan gagal terus. Duit Pajaknya gede tapi bikin layanan nya kek gini"",negatif"
"Pengguna Google,""Sulit diakses, disaat butuh pembuatan npwp online buat kelengkapan administrasi malah tambah sulit. Setelah opsi pernyataan semua terisi. Akses di bagian no 7 loading lambat. Terakhir ulang lagi dari awal, dan tetap seperti itu. Mana pulsa terpotong terus tiap ngirim kode. Sekali pencet lama masuk. Gitu kedua kali pencet masuk bersamaan. Tolong sebelum menerapkan aplikasi ini di akses/coba dahulu oleh pihak pihak yang memahami. Dan memberi demo yanglebih bisa dimengerti oleh setiap kalangan."",negatif"
"Pengguna Google,""aplikasi bagussss bangeytt woooiiii bikin aplikasi yang benerrrrr, pajak kan duitnye banyakkk !! apaansi ngirim kode OTP aje ga kekirim kirim kocakkkk malu sekelas punya negara begini, kerja lu pada ngapain sii"",netral"
Pengguna Google,saya kasi tiga dulu karena blom tau aplikaainya ini mempermudah atau mempersulit,netral
"Pengguna Google,""ini gmn mau buat spt dr awal bulan sampai mau akhir maret gabisa"""" di apk ini"",netral"
"Pengguna Google,""blm sehari download udh minta update aja, mana makin lemot, eror terus,nyusahin kalo apk blm selesai gausah diterbitin dulu ini apk"",negatif"
Pengguna Google,aplikasi busuk.. mau laporan aja malah di bikin ribet... bukannya di mudahin..,negatif
Pengguna Google,pemerintah kalo bikin aplikasi ga jelas semua suka di persulit,negatif
"Pengguna Google,""aplikasi sampah, tidak membantu sama sekali."",negatif"
Pengguna Google,buruk kinerja nya anjir pantes pas pak purbaya sidak ke kantor pajak ada yang lagi olah raga makanya komen kita gak denger lagi olah raga wkwkwkwkwk,negatif
Pengguna Google,ok cuma login nya agak bingung walau udah benar masukkan email-nya,netral
Pengguna Google,aplikasi rusak masih di pake kaga di update heran,negatif
"Pengguna Google,""update aplikasi kukira diperbaiki, trnyata masih gak guna"",negatif"
"Pengguna Google,""Apk gagal, alias tiada guna sama sekali... buat emosi"",negatif"
Pengguna Google,sangat membantu sekali dalam pelayanan pajak....,positif
"Pengguna Google,""haduuuuh puyeng pala,masuk lwt aplikasi ni g bisa tp lwt link pjponline bisa....kareppe yok nopo... mau laporan aja di persulit...Allah....."",negatif"
"Pengguna Google,""dikit dikit salah, email sandi no hp udh benar, log in di persulit"",negatif"
"Pengguna Google,""aplikasi nya nihil banget, buat apa bikin aplikasi kaya ginih kalau gak bisa di gunain,."",negatif"
"Pengguna Google,""aktifasi akun tidak bisa, dan pelayanan di WA sangat lambat,urusan saya sampai tertunda 3 hari karna petugas salah mengirimkan kartu NPWP, giliran di wa responnya lama banget. terpaksa harus datang ke kantor lagi hadehhh, btw saya asal Tarakan saya urus NPWP yg di depan kantor pos, bisa bisanya petugas salah kirim ðŸ˜’"",negatif"
"Pengguna Google,""aplikasi yang tidak jelas, bikin ribet aja, kalau buat aplikasi itu pikir matang2 jangan asal-asalan, diketawain sama orang luar"",negatif"
Pengguna Google,aplikasi bapuk. Ini duit develop app-nya dikorupsi apa gimana sih bisa sampe gak guna gini,negatif
Pengguna Google,aplikasi tolol udah masukan data lengkap login gagal terus kita yang bayar kita juga yang repot,negatif
"Pengguna Google,""aplikasi gak jelas, sering error gimana mau lapor pajak, aplikasinya aja jelek"",negatif"
"Pengguna Google,""ID server salah mulu, sebesar perpajakan aplikasi ajja error mulu. Ngga malu sm gaji dan tunjangan yg paling besar asn se Indonesia??"",negatif"
"Pengguna Google,""masuk login ubah sandi lagi ubah sandi lagi padagal ga mencet perubahan sandi, giliran aktivasi udah isi semua email salah lah nomor hp salah lah mending balik djp aja lebih enak"",negatif"
Pengguna Google,kagak niat gausah bikin kita bikin akun di persulit cuma mau ngabisin pulsa doang lawak giliran bisa malah eror alamat ada lagi aja alesan lu,negatif
"Pengguna Google,""data udah sesuai semua malah Gagal pembaharuan akun, mau lapor pajak aja susah amat"",negatif"
"Pengguna Google,""Bukanya mempermudah malah mempersulit , rakyat yang pajak rakyat yang repot"",negatif"
"Pengguna Google,""hadeh, bukan mempermudah malah bikin ribett"",negatif"
Pengguna Google,muter muter dipersulit... kita yg bayar pajak kita yg di suruh lapor dengan segala keruwetan nya... asuuuuuuuu,negatif
"Pengguna Google,""ga bisa login ,bolak balik gagal"",negatif"
"Pengguna Google,""Emaill berubah padahal tidak pernah ganti2 email, Coba orang pajak Jemput bola ke Pabrik2 ke perusahan2 saya yakin banyak yg terkendala"",netral"
"Pengguna Google,""id pengguna & kata sandi sudah benar, tetap aja ga bisa login. Giliran telat/tidak lapor pajak kena denda"",negatif"
"Pengguna Google,""aplikasi ini tidak membantu,gak guna masak setiap mau buka minta abdet terus"",negatif"
Pengguna Google,aplikasi nya sumpah payah bgt. diperbaiki lah min pajak bkn dikit loh masak aplikasi kayak anak tk,negatif
"Pengguna Google,""Tolong di perbaiki, masih Susah untuk melakukan aktivasi Akun Cortex"",negatif"
Pengguna Google,login muter2 malah bolak balik musti reset pasword. aplikasi pemerintahan gini amat bos.boro2 lapor pajak aplikasi saja kaga bener.jangan salahin rakyat gak lapor pajak.urus saja dulu sistem nya yang bener.,negatif
"Pengguna Google,""aplikasi untuk yg sangat mempersulit ,eror terus"",negatif"
Pengguna Google,karyawannya baik hati dan sangat membantu jika ada yg tidak bisa dibuat sendiri,positif
Pengguna Google,setelah di update aplikasi nya tbtb akun saya tidak bs login lg,netral
"Pengguna Google,""yg butuh laporan lu, yg penyedia lu juga app ga bisa"""" masuk ydah derita lu"",netral"
"Pengguna Google,""Gajelas. Mau login dibawa ke browser. Suda login di browser malah error:400. Minta orang pribadi lapor SPT, malah dipersulit, T4IK. Pas udah login haduh gak ada isinya yg bisa diapaÂ²in, SPT malah """"We'll back soon"""". Memang t4ik"",negatif"
"Pengguna Google,""Mua aktivasi akun aja susahnya minta ampun padahal email sama nomor telepon sudah benar, tetap aja nomot tidak cocok pas login.. hadehh, sudah hapus aja aplikasinya!"",negatif"
"Pengguna Google,""Sudah diperas dengan pajak, mau lapor pajak juga masih kena pajak SMS. Memang ini aplikasi dan instansinya menyusahkan saja. Mau lapor lewat web, harus login di apk. Mau login di apk, harus konfirmasi lewat laman online lagi. MENYUSAHKAN DAN MENYENGSARAKAN SAJAðŸ‘Ž"",negatif"
Pengguna Google,gimana mau lapor SPT tahunan kalo mau login aja susahnya minta ampun + ribet,negatif
"Pengguna Google,""sampah, udah berapa kali mau aktivasi akun enggak bisa, nomor telpon enggak pernah nerima kode OTP, udah beberapa kali kek gitu, gimana mau bisa daftar, padahal nomornya masih aktif"",negatif"
Pengguna Google,klo belum siap jngn diluncurin ya apknya,netral
Pengguna Google,masih gak ngebantu sama sekali aplikasi baru ini. hadeuh nyusahin yang mau laporan! biar kena denda kah?,negatif
"Pengguna Google,""APK GA GUNA BANYAK MASALAHNYA, SURUH BAYAR PAJAK TAPI DIPERSULIT, ANEH! MAU LOGIN AJA GABISA-BISA, GAUSAH SO DIGITALISASI KALO MASIH BOBROK SISTEMNYA!"",negatif"
"Pengguna Google,""dari awal download mau kirim laporan spt ga bisa bisa, site under maintenance terus"",netral"
"Pengguna Google,""Jujur saya sangat kecewa , krn apa. Terlalu banyak. Permintaan dan aturan login , haruspake kode efin lah , apalah . Dulu gak Seperti ini Gini kalo terlalu banyak aturan jadinya gak efisien, di. Minta melalui live chat , ada alasan gak tersambung dengan jaringan , Yang ada lah username tidak sesuai jelas2 itu sudah kita masukkan akun sewaktu mendaftar, adalah no npwp tidak terdaftar tapi sudah ada npwp, Gak jelasðŸ˜¡ðŸ˜¡ðŸ˜¡ðŸ˜¡ðŸ˜¡ðŸ˜¡ðŸ˜¡ðŸ˜¡ðŸ˜¡ðŸ˜¡ðŸ˜¡ðŸ˜¡"",negatif"
Pengguna Google,passpharse salah input mulu padahal dah ngikutin sesuai prosedur. servernya juga busuk sering eror,negatif
Pengguna Google,aplikasi yang bagus mudah diakses,positif
Pengguna Google,nyusahin mau daftar aja di persulit sinyal stabil verifikasi lama,negatif
"Pengguna Google,""Sistem sangat buruk, seharusnya sistem itu mempermudah.. bukan mempersulit.. untuk validasi data cukup menggunakan NPWP dan NIK saja, tidak perlu mengisi banyak Data.. Data diri kitakan sudah terdaftar diDatabasenya DJP.... Untuk Team Developmentnya, diperbaiki lgi sistemnya.. agar lebih mudah digunakan"",negatif"
Pengguna Google,Aplikasi kentang gak bisa dipakeee,negatif
"Pengguna Google,""pantes kasih bintang satu, login susah sekali selalu time out ..."",negatif"
Pengguna Google,fiturnya kurang lengkap,netral
Pengguna Google,Mempermudah pelaporan SPPT.,positif
"Pengguna Google,""kita dituntut untuk update laporan,tapi kalian sebagai penyedia platform tidak update soal kemudahan pelayanan login dari setengah jam yang lalu selalu gagal,alasannya sesi telah berakhir lebih baik kembalikan ke setelen awal saja,agar lebih mudah diakses"",negatif"
Pengguna Google,ini gmna ya saya ngisi dari tadi eror trus semua eror ngabisin pulsa lain kali klo bikin apk yg bner dikit heran data udah bener eror tros,negatif
"Pengguna Google,""Sistem dibuat bukannya untuk mempermudah bukan?, ini apa? Kita untuk daftar npwp harur klik satu persatu yang berjumlah 83.762 entry untuk mencari nama desa kecmatan dan kabupaten, seharus nya kalian itu kan manusiaÂ² yang berakal, buatlah sarana yang mempermudah lagi, bukan mempersulit."",negatif"
"Pengguna Google,""aplikasi sampah tidak jelas.. sudah benar semua data yang di isi untuk verifikasi NIK.. tombol verifikasi nya tidak mau biru, giliran salah data yang di isi malah biru, tapi ya namanya juga data salah tetap saja tidak mau lanjut.. jika tidak layak digunakan mending di hapus saja aplikasi nya.. sangat merepotkan sekali pelaporan pajak di ini"",negatif"
"Pengguna Google,""Saya tidak bisa login ke akun saya, padahal NIK dan password sudah sama persis 100miliar%. Tolong sistemnya segera diperbaiki. Masa sekelas aplikasi pemerintahan banyak errornya."",negatif"
"Pengguna Google,""aplikasi busuk, mau daftar tidak bisa karena terlulis nik sudah terdaftar, giliran mau login juga tidak bisa krena nik tidak valid, atau pasword salah, giliran mau ganti pasword juga tidak bisa katanya tidak valid, bener2 ni yg bikin aplikasi nyusahin"",negatif"
"Pengguna Google,""Kita sebagai warga negara mau bayar pajak saja ribet, seperti NIK hanya kiasan, sebagai pemilik NIK seharusnya di manapun kita bekerja potongan pajak itu langsung otomatis dan tidak perlu laporan yang ribet, satu kali klik selesai. Kita bukan koruptor jangan persulit kami dengan sistem yang ribet."",negatif"
"Pengguna Google,""aplikasi sampah!!! mau login aja dipersulit, mau ganti email sama no hp aja sulit . mau login kendala jaringan tidak terhubung ke internet. susah banget mau lapor pajak aja. giliran gk lapor koar-koar . solusi jga gk ada . percuma bikin aplikasi tpi gk bisa dipake"",negatif"
"Pengguna Google,""aplikasi bapuk ga guna masa nik udah bener, sandi udah bener di bilang salah ga bisa login giliran login lewat website malah bisa padahal pake sandi dan nik yang sama, mana buat login nya di batasin lagi bener bener jelek banget haduh, apk pajak apk pajak tolong di benerin lah masa udah 2026 buat aplikasi masih eror eror kaya gini"",negatif"
"Pengguna Google,""saya terkendala saat mau verfikasi akun, saya sudah isi pulsa, saat mau kirim lampiran, tulisan gagal, coba lagi terus gimana sih?? bayar pajak ribet gak bayar pajak di denda kitanya mau nya gimana sih buat aplikasi nya yang bener dongðŸ¤¦ðŸ¤¦"",negatif"
"Pengguna Google,""Tolong diupdate dan di upgrade lagi website & apk pajaknya ya, mau daftar NPWP secara Online kok dipersulit. Gk masuk"""" kode verifikasi melalui nomor HP. Padahal No HP aktif & terhubung WA."",netral"
"Pengguna Google,""tolong perbaiki kecepatan website nya karena itu mengganggu sekali untuk orang yang ingin membuat NPWP selalu gagal, sinyal lemot, website sering error dan masih banyak lagi, kumohon jangan apa apa dikorupsi"",negatif"
"Pengguna Google,""saya mereset ulang sandi berkali-kali ga ada hasil, mengenai, lupa sadi, mohon untuk, mengaktifkan kembali, NPWP saya, karena dulu saya pernah daftar, tapi belum di gunakan karena,kena PHK, dari perusahaan"",netral"
"Pengguna Google,""Aplikasi di update gak bisa login, APLIKASI M PAJAK gak bisa ,DJP ONLINE jga gak bisa ,no verifikasi Salah melulu ...ketidak mampua bikin aplikasi untuk rakyat aja gak gini, tiap bulan mh potongin Pph sana sini, aplikasinya ABSURD. SAMPAH"",negatif"
"Pengguna Google,""abis update pembaharuan aplikasi terus masuk lagi ke aplikasinya malah gagal terus tulisan nya email tidak terdaftar , nomer telpon tidak terdaftar. padahal sebelumnya saya bisa pakai M-PAJAK"",negatif"
"Pengguna Google,""ngga gunaa, aplikasinya menyulitkan banyak ngelagnya juga nihh aplikasi lalot, tolonglah kalau bikin aplikasi yang bener trus minta verifikasi nomor hp, tapi nomornya yg lama gmna sihh"",negatif"
Pengguna Google,Aplikasi apa ini. Eror mulu. Padahal mau ngasi duit buat negera.,negatif
Pengguna Google,Kacauuu... kode Verifikasi dari SMS gak masuk masuk,negatif
Pengguna Google,banyakan di tilep biaya r&d nya ini aplikasi ðŸ¤£ gak usah saya jelasin dah ya kenapa saya tulis begini yang lain udah banyak jelasin di bawah,netral
Pengguna Google,kata sandi dan nik sudah benar tapi berkali kali gagal login.... giliran bisa tiba tiba log out sendiri.... gimana bisa memadankan NPWP dan nik... tolong ya kalo belom siap membuat aplikasi jangan sedikit sedikit pake aplikasi.... malah mempersulit saja.!!!,negatif
"Pengguna Google,""ini aplikasi update trus,tp giliran masuk psti error"",negatif"
"Pengguna Google,""gagal terus mau login, eror terus ðŸ˜­ðŸ˜­"",negatif"
"Pengguna Google,""ribet kali yaa, selalu erorr, emng negara sebesar ini gak siap untuk sistem digitalisasi"",negatif"
"Pengguna Google,""aplikasinya bener-bener jelek banget,udh klik menu,mau login aja susah sekali udh memasukan Nik/NPWP dan password tetap aja salah,ini aplikasinya error terus, sebenarnya aplikasin ini bisa membantu masyarakatnya engak sih kok error terus menerus!!!"",negatif"
"Pengguna Google,""klik spt keterangannya site under construction,gimana mau taat lapor kalau gini trs"",netral"
"Pengguna Google,""kalau aplikasi lambat, verivikasi lambat, percepat donk waktu sesi, jangan udah ngirim verivikasi lama, sampai - sampai klik lagi dan lagi.. perpanjang sedikit untuk sesi aplikasinya sekelas aplikasi pajak lambat dan interfacenya kaku banget."",negatif"
"Pengguna Google,""buruk dan tidak bisa kode billing muncul, padahal mau bayar. kenapa dipersulit pembayaran jika rakyat diwajibkan bayar pajak, sudah mudah bayar via website melalui laptop. dipersulit melalui aplikasi ðŸ‘Ž gini amat ambil cuan instal aplikasi, tapi ngak bisa bayar/munculkan kode billing."",negatif"
"Pengguna Google,""sistem nya benerin dlu lah login aja susah gmna rakyat mau patuh pajak, ini malah mempersulit, jangan salahin kami rakyat ya KLO tidak patuh , karna ini kesalahan kalian mruni ngk becuss"",negatif"
"Pengguna Google,""aplikasi bikinan pemerintah pasti yg gini, gaptek tapi maksa"",netral"
"Pengguna Google,""Aplikasinya sebenarnya bagus, cuma waktu mendaftar dan memasukkan data diri pribadi selalu ada masalah di servernya,dan juga ketika data sudah lengkap tapi ketika ingin mengeklik validasi data nya gak bisa kayak cuma loading terus,sama ketika ingin login waktu memasukkan kode captcha-nya itu padahal sudah benar tapi di next selalu disuruh ulang/salah jadi harus berkali-kali memasukkan kode captcha-nya.Tolong untuk segera diperbaiki aplikasinya karena bagi UMKM ini sangat DIBUTUHKAN!! TERIMAKASIH"",netral"
"Pengguna Google,""sistem buruk, cuma mau lapor pajak saja verifikasi data error terus"",negatif"
Pengguna Google,Ribet sangat tidak membantu karena harus aktivasi ke kantor pajak nya dulu kalau untuk karyawan atau pegawai aktif ya susah cari waktu nya. Semoga dibuat lebih mudah kan gunanya aplikasi itu untuk memudahkan bukan bikin ribet dan susah menggunakan nya.,negatif
"Pengguna Google,""Saya menggunakan fitur lupa efin dan telah memasukkan data yang sesuai, tapi saat verifikasi selalu saja gagal dengan pesan """"gagal mengambil data NIK...."""" saya ingin memberikan masukkan supaya fitur reset password juga mungkin bisa dipermudah lagi kedepannya, terimakasih"",negatif"
"Pengguna Google,""aplikasi rusak, serta website yang sulit untuk di mengerti, saya sudah isi pekerjaan sesuai dengan yg ada di ktp dari jenis pekerjaan BELUM/TIDAK BEKERJA, KARYAWAN SWASTA, WIRASWASTA, masih tidak terverifikasi. mempersulit masyarakat yang membutuhkan NPWP"",negatif"
"Pengguna Google,""Sistem pendaftarannya payah terlalu di persulit kirim otp perlu berkali-kali padahal yang di masukkan sudah benar tapi di anggap salah oleh sistem waktu pendaftaran NPWP juga sulit, kata sandi selalu di anggap salah padahal yang di masukkan sudah benar, apa kata sandi yang kumasukkan terlalu sulit? Sampai sistem lupa dengan kata sandiku. Setalah ganti sandi pas mau daftar ulang malah linknya tidak bisa di akses aneh TIDAK BISA BUAT APLIKASI MENDING HAPUS SAJA, DAFTARNYA JUGA DI WEB BUKAN DISINI."",negatif"
Pengguna Google,Gunanya apa ya ni aplikasi? Lagian kalo login harus pake browser?,netral
Pengguna Google,aplikasi gaguna!!!!ga berfungsi!!!,negatif
"Pengguna Google,""ribet bangetttt , saya yg anak muda aja kesusahan banget buat buka dan pengen tahu nomer NPWP nya aja ,udah bolak balik aktivasi masih susah login. apalagi yg ga melek gadget. ya ampun bikin emosi ajaaa"",negatif"
"Pengguna Google,""kan pas bikin pajak awal nya harus pake NIK KTP , kenapa ga sekalian di padanin aja , biar simple .. kita bayar pajak , harus kita juga yg repot lapor apa yg sidah kita bayar .. terus kerja nya orang pajak ngapain aja jadi nya .. makan gaji buta ?? kalo ada yg susah , buat apa yg mudah .. blogg"",negatif"
Pengguna Google,baru juga download dan buka apk sudah disuruh update ðŸ˜Ÿ,netral
"Pengguna Google,""aplikasi abal-abal, dikit dikit eror, tutup saja alikasinya"",negatif"
"Pengguna Google,""maksudnya apa coba ini aplikasi? gk guna banget. gk bisa kasih solusi sama sekali. cuman ada pilihan masuk tapi gkda pilihan buat daftar akun. punya npwp fisik juga gk guna. data gk valid. mau tanya chat pajak nya juga gk bisa di klik. kalau ujung ujungnya tetap harus kekantornya langsung, terus ngapain ngadain aplikasi ðŸ˜’"",negatif"
Pengguna Google,sejak login lwt coretax jadi gabisa aplikasi ga jls ga guna,negatif
"Pengguna Google,""aplikasi gak jelas, mau daftar akun gagal terus"",negatif"
"Pengguna Google,""apalahh ini sistem pemerintahan loh padahal(kerjaaa woi kalian di gajih),,, tiap kali login ga bisa terus, di haruskan lapor pajak tapi sistemnya bobrok seperti ini? astagfirolloh :("",negatif"
"Pengguna Google,""Lupa efin, pengiriman kode Verifikasi melalui SMS tidak masuk"""" Ditunggu samapai 1jam -2 hari gaada SMS masuk, melalui email juga sama tidak bisa jawaban malah diarahkan untuk menghubungi nomor kantor pajak sudah dihubungi tidak bisa, lewat live chat disarankan sama seperti saran di email, Tolong jangan seperti itu customer sudah mengikuti arahan yang diberikan berikan kesan yang baik!!!"",netral"
"Pengguna Google,""Aplikasi ngaco !!!!! Gw mau lapor spt tahunan ribet nya ampun.. lupa sandi, kudu masukin efin, lupa efin kudu pengajuan hari kerja, lewat live chat g guna, lewat aplikasi m-pajak verifikasi antara data npwp dan ktp ga bisa diverifikasi sedangkan data sudah sama semua!!!! Mau nya gimana sih!!!! Permudah bukan persulit !!! Sudah dipotong pajak tpi dipersulit dengan kewajiban tambahan ini!!!"",negatif"
Pengguna Google,aplikasi kaya sengaja dipersulit sedangkan kita diwajibkan lapor pajak,negatif
"Pengguna Google,""Aplikasi gak jelas, suruh masukkan nik/npwp giliran di ketik ga bisa sampe full, npwp nomernya banyak lebih dari 16 dan ada tanda titik,sambung, tapi di aplikasi gak bisa ngetik angka lebih dari 15, trus gimana???? alhasil ngetik nik cuma 15 angka, dan ada notifikasi error mendapatkan npwpðŸ˜¡ðŸ˜¡ðŸ˜¡"",negatif"
Pengguna Google,saat login kenapa masuk ke browser,netral
"Pengguna Google,""aplikasi tidak jelas , ambil foto aja susah nya minta ampun"",negatif"
"Pengguna Google,""Mau lapor pajak saja susah kali.. """"Under site Construction"""" berhari-hari."",negatif"
Pengguna Google,Saat akan melaporkan SPT tahun 2025 dan akan finish laporan. Tiba-tiba signalnya ngelag. sepertinya sengaja di buat begitu oleh sistem DJP. dan akhirnya Rakyat tetap susah Buat SPT Tahunan secara Pribadi. Parah,negatif
Pengguna Google,APLIKASI APAAN INI MAU LAPOR SPT AJA GAK ADA FITURNYA AMPAS!,negatif
"Pengguna Google,""Saya baru mendaftarkan npwp online dan sudah jadi ketika saya mau login pada akun npwp saya sudah memasukkan Nomer NPWP NIK dan juga password dengan benar sama sekali tidak bisa sudah coba berulang kali tetap saja gabisa masuk, tolong dong dibenerin sistemnya agar dipermudah yang utama itu setelah terdaftar dan terverifikasi ketika sy mau login ke akun saya malah gabisa dengan keterangan (username dan password salah) dan akun terblokir mksdnya gimana? sy cek npwp sy ada tapi kok login aja gbsa"",negatif"
Pengguna Google,baik dan cepat di gunakan,positif
"Pengguna Google,""apk ama Web cacat udah minta pajak malah nyusahin,login aja susah bener"",negatif"
"Pengguna Google,""Tolong dibantu , saya daftar di eREG , namun formulir belum lengkap karena saat validasi ktp loadingnya terlalu lama, bahkan sampai 4 jam lebih belum tervalidasi, kemudian gagal entah kenapa, kemudian saya daftar kembali , namun nik saya sudah terdaftar, padahal formulir belum lengkap, saya coba hubungi customer servis namun CS selalu sibuk, saya coba daftar dengan mendatangi KPP ternyata harus online, kan seharusnya dipermudah , kami ingin membayar pajak sesuai peraturan , tolong dipermudah,"",negatif"
"Pengguna Google,""Mau login, sudah memasukan NPWP/NIK serta password yang benar, tapi tetap gak bisa login dan dinyatakan salah terus. Sementara login di web DJP Online gak masalah. Jadi kesimpulan sementara sebenarnya aplikasinya yang salah."",netral"
"Pengguna Google,""djp melalui aplikasi atau web Google chrome sama lelet dan ribet nya. siapa pun anda pegawai yg telah mengkorupsi uang yg seharusnya untuk membiayai akses ini lebih canggih dan modern, semoga lekas di beri hidayah dan sukses hidup nya. terlihat sangatÂ² primitif sekali"",negatif"
"Pengguna Google,""aplikasi tak berguna, katanya bisa ajukan efin dari aplikasi pas dicoba malah angka digit terakhir tidak bisa masuk karena kurang space. yaudah sih gausah bayar pajak ngapain repot-repot wkwkwkwkwkwkwk"",negatif"
"Pengguna Google,""NIK dan PASSWORD sudah benar,, tapi selalu salah dalam keterangan loginnya [kesalahan sandi atau nik]. padahal sudah aktivasi susah payah dan ikuti semua prosedurnya tetap gabisa login gmn sih..."",negatif"
Pengguna Google,bagaimana ini saya mau daftar NPWP ternyata nik saya sudah terdaftar.tidak bisa untuk masuk.bagaimana bisa terjadi ini.saya merasa dirugikan.padahal belum pernah mendaftar kenapa sudah terdaftar..jelas nik saya dipakai orang lain dan itu bukan diri saya.,negatif
"Pengguna Google,""APLIKASI dan WEBSITENYA SAMPAH !!! Dua duanya ga berguna, ga bisa login. Mau login aja password salah melulu, padahal udah diisi dengan BENAR. Lupa password juga ga bisa, malah ribet ga jelas."",negatif"
"Pengguna Google,""Aplikasi tidak berguna,saya sudah buat akun di website Coretax DJP dan sandi aplikasinya tetapi waktu login di aplikasi ini error terus sedangkan jaringan aman.Aplikasi belum sempurna sudah di lepas untuk publik bagus hapus aja aplikasi DJP buang-buang anggaran doang nanti ujung-ujungnya jadi lahan korupsi"",negatif"
"Pengguna Google,""min tolong lah masa take foto aja selalu tidak valid, bolak balik nyoba dari pagi sampai malam, udh habis 10k pulsa buat verifikasi nomer hp aja ttp nggk bisa, bingung padahal foto juga nggak ngeblur, opsi upload foto juga nggak guna nggk bisa di tekan, nangis bgt mempersulit masyarakat tidak rekomend"",negatif"
"Pengguna Google,""Mohon maaf untuk laporan pajak penghasilan seharusnya pihak pemerintah mempermudah untuk pembayaran , jangan mempersulit, kita sebagai warga negara yg baik taat pajak kesulitan untuk mengakses. gimana itikat baiknya supaya caraÂ² nya di permudah (contoh pakai barcode/qiuris)"",negatif"
"Pengguna Google,""di sesi akhir keterangan detail alamat rumahnya invalid jadi tidak disetujui pihak ketiga, padahal alamatnya sudah jelas dan akurat sedetail2nya udah bberapa kali tetap tidak disetujui, minta tolong ke Help desknya DJP melalui e-mail gk ada respon sama sekali padahal ini hari kerja bukan hari libur."",netral"
"Pengguna Google,""setalah update kok malah tidak bisa Login, Username password salah, padahal ituÂ² aja Username dan password nya. bukan malah bagus setelah update tapi makin Buruk."",negatif"
"Pengguna Google,""layanan kring pajak nya benar2 gk berguna, seperti para koruptor pajak. jadi yakin kenapa tidak pake layanan no WA, ngabisin pulsa doang. tapi pelayanan gk guna. ganti data email saja di bikin ribet. padahal kami yg bayar pajak, pelayanan 0 besar"",negatif"
"Pengguna Google,""Tolong lah ini kalo aplikasi nya belum siap jangan dulu di publish perbaiki dulu coba dulu sendiri, kata nya mau di benerin mau di siapin tim it hebat tapi sampe sekarang masih kek gini apk nya tolong lah jangan cuma omon omon katanya semua serba online biar mempermudah segalanya tapi yang ada malah makin ribet terus kemudahannya darimana? gak di web gak di apk SAMA AJA!!! padahal mau ngasih pemerintah duit buat di korupsi tapi malah di persulit"",negatif"
"Pengguna Google,""jelekkkkkk sistemnya,ngga semua orng deket sama kantornya! tolonglah permudah dalam pendaftaran secara online!! dri kemarinÂ² nunggu kode otp dari no tlpon ngga dikirimÂ² smpe nungguin 10 menit dicoba lagi ngga bs dicoba lagi ngga bs! nanyain ke layanan juga slow respon bngtt, tolong benahi smpe sekarang sya msh nunggu kode otp krna butuhðŸ™"",negatif"
"Pengguna Google,""Masih terlalu ribet , aplikasi belum siap di gunakan .. perlu perbaikan lagi terutama jangan terlalu ribet .. fokus saja ke penggunaan yang mudah , tapi aman dan nyaman.."",netral"
Pengguna Google,udh daftar ke kantor. dikasih surat id dan password. giliran mau masukinnya salah terus. trs mau gimana kalo login aja gk bisa udh jelas tertulis disitu password nya tpi masih tetap salah. masa harus kekantor lgi. gk kerjaan lh ribet bgt cmn mau login aja. mending waktu ke kantor kmren langsung suruh login aja gausah ngasih kertas id password nya!!,negatif
Pengguna Google,Bintang 1. Sistem aplikasi rongsokan! Pemerintah memaksa rakyat taat pajak tapi menyediakan aplikasi yang bahkan tidak ada menu pendaftarannya. Masih minta nomor fax di tahun 2026 adalah bukti pengelola sistem ini tidak becus dan ketinggalan zaman. Sangat memalukan bagi instansi negara,negatif
"Pengguna Google,""Teknologi itu digunakan untuk mempermudah, mempercepat, dan mempermurah. kalau masih harus datang manual ke kantor pajak buat urusan akun segala macam apa gunanya aplikasi. Jaman sudah canggih masih saja kayak di jaman batu"",negatif"
"Pengguna Google,""bukti gagalnya pemerintahan indo, bikin aplikasi saja ga becus, dana benar hasil sampah. saya registrasi nik saya sudah benar namun keterangannya """"nik sudah terdaftar."""" namun saya coba login """"data tidak ditemukan."""" muak!"",negatif"
Pengguna Google,buruk buat login ga bisa-bisa beda dengan yang ada di web. kalo ga niat bikin autentikasi ga usah ngide padahal username dan pw sudah bener tetep ga bisa login. gini amat aplikasi pemerintah bikin males!,negatif
"Pengguna Google,""ntah apa apa, login aja susah minta ampun, pasword salah lah, ID salah lah, ntah apa apa"",negatif"
"Pengguna Google,""Aplikasinya sangat lambat. Kita ajukan berulang kali untuk mendapatkan kode EFIN pun selalu saja gagal. Masukkan kode OTP yang dikirim oleh sistem pun dibilang """"SALAH"""". Tolong diperbaiki aplikasinya. Jika tidak bisa digunakan, silahkan kunci saja aplikasinya."",negatif"
"Pengguna Google,""UX-nya ribet, ga bisa terintegrasi email atau pakai cara simple. Sudah daftar NPWP dan terima EFIN, tapi login katanya belum terdaftar. Udah install aplikasi saat mau daftar atau perubahan dialihkan ke web lagi, lah kocak."",negatif"
"Pengguna Google,""aplikasi boomers sistem aneh, mau verif akun aja lama upgrade noh apk lu kocak"",negatif"
"Pengguna Google,""Sekitar 1 tahun yang lewat ini aplikasi ini bagus dan baik saja digunakan, makin sekarang dan makin di upgrade kok malah rawan erorr. Padahal nomor NPWP dan kata sandi / password sudah pas dan juga sudah bolak balik diganti waktu sewaktu mau login buat laporan SPT. Chat dari WhatsApp bolak balik masuk terus, sementara dari link dan aplikasi tidak bisa login. Aneh memang aneh."",negatif"
"Pengguna Google,""Saya baru mau daftar, pas udh tahap 2 trs tiba2 keluar sendiri, pas coba login lagi gak bisa karena userid dan ps salah, padahal udh bener, trs coba bikin lagi pake email yang sama gak bisa karena udah digunakan, gmna solusi nya? Saya mau ttp pakai email sebelumnya"",netral"
"Pengguna Google,""aplikasi ini hanya berguna buat NPWP, selain itu tidak ada lagi. ini kementrian paling banyak aplikasi, kenapa tidak buat 1 aplikasi untuk jalankan semua, masa setiap kebutuhan masyarakat harus install aplikasi lain lagi"",netral"
"Pengguna Google,""Kalau aplikasinya masih belum sepenuhnya bisa di gunakan, jangan di publish dulu dan jangan di promosikan. setiap login selalu kendala error, padahal NIK/NPWP sudah valid, eh giliran di klik verifikasi malah error. mohon untuk di tarik dulu aplikasinya dari PlayStore, soalnya belum bisa di gunakan 100%. mohon untuk di perbaiki dulu"",negatif"
"Pengguna Google,""sulit untuk login kedalam apk selalu terdapat error di setiap percobaan login pdhal username dan password sudah benar bahkan untuk memastikan saya ganti password beberapa kali dan hasil tetap sama login error, coba diperbaiki aplikasinya katna terlalu banyak error dan belum siap digunakan cek lalu perbaiki lgi sebelum di publish"",negatif"
Pengguna Google,kok bundeli bgt sihh. ni bikin aplikasi niat apa ngga?? klo ga ya ga usah bikin aplikasi,negatif
"Pengguna Google,""Mau aplikasi, situs web, atau instansi lainnya yang berhubungan dengan pemerintahan 1. situs lemot, lama terbuka walau pakai jaringan wifi kuat, 2. cs/pengaduan/chat/gmail semuanya lemot balasnya kayak gak ada orang sama sekali, dari kedua point itu ajah sudah bisa menyimpulkan ya? Seberapa buruknya aplikasi/sistem web pemerintahan"",negatif"
"Pengguna Google,""Untuk login susah, untuk dapatkan efin ribet, mau pergi ke KPP terdekat juga sangat tidak memungkinkan, krna antri terlalu banyak. Setiap KPP terdekat juga tempatnya kecil dan harus berdesakan desakan"",negatif"
Pengguna Google,ngak berfungsi dengan baik,negatif
"Pengguna Google,""ngeselin banget, w mau buat npwp susahnya nauzubillah. ada opsi untuk upload foto bisa lewat dari file yg sudah banyak fotonya atau take foto. terus gua klik upload lewat file yg udh ada fotonya malah ga bisa, bisanya yg take foto. sebenarnya lu niat ga sih ngasih fitur pemilihan begitu? lu ngasih fitur buat milih tapi giliran dipilih kagak bisa."",negatif"
"Pengguna Google,""rakyat disuruh taat pajak,pemerintah bikin APP aja kaga becus,otak +62 mah susah SDM rendah"",negatif"
"Pengguna Google,""mau jadi warga taat aja susahnya, coy. udah masukin NPWP, password, error. pesan username dan password yang anda masukkan salah. padahal itu gak pernah berubah, ajukan Lupa Password gak bisa, balik lagi, balik lagi. Iki pie to, coy. padahal udah tanggal 24 maret, bentar lagi abis waktu pelaporan. mbok ya bikin aplikasi yang bener pak, duit rakyat kok disia-siakan dengan aplikasi sampah kayak gini."",negatif"
Pengguna Google,masuk lewat web di alihin ke apk di apk suruh masuk lagi beralih ke web gitu aja terus sampe anis gak pindah parpol,netral
"Pengguna Google,""Untuk lupa sandi perlu EFIN, tapi kalau ternyata email pemulihan sandi gak sesuai dengan email saat mendaftar ya gak kelar juga urusan, makin repot jadinya. Link reset password nya dikirim ke email yg saya gak pernah lihat sebelumnya, ntah dimana salahnya ðŸ˜­ðŸ˜­"",negatif"
"Pengguna Google,""aplikasi jelek parah, lapor pajak disusahin, yg butuh siapa yang ribet siapa"",negatif"
"Pengguna Google,""Nomor NPWP dan Password sudah sesuai, di web sama aplikasi tidak bisa login, dengan alasan tidak sesuai. Saya ajukan Lupa EFIN tapi sama saja, data ditolak, tidak sesuai. Padahal semua sudah benar dan sesuai. ANEH!"",negatif"
"Pengguna Google,""Aplikasi nggak berguna,saya sudah 3 jam mengakses live chat selalu saja tidak bisa terakses dengan alasan jaringan tidak stabil, kurang stabil appa jaringan saya sudah pake wifi langsung di pusatnya Indihome masih saja alasan nya karena jaringan tidak masuk akal skli. Klo mmng aplikasinya tidak bisa digunakan yah.... tidak usah di adakan"",negatif"
Pengguna Google,Aplikasi pemerintah? Bukanya mempermudah malah mempersulit. 1.pembuatan akun npwp sulit minta ampun 2.untuk log in sulit 3.figtur ampas g bisa jalan (contohnya laporan SPT tahunan. Fiks aplikasi ter ampas yang pernah saya downloadðŸ¤¡,negatif
"Pengguna Google,""mau bikin npwp buat pengajuan pinjaman di bank,masuk aplikasi harus daftar dulu,daftar diwebsite harus pake nomor hp sama email,udah lengkap tp teteeep aja gk ada kode masuk ke nomor hp lewat sms maupun wa,gunanya daftar online tuh apa coba,gajelas,mempersulit rakyat,capek bgt idup di indo,ngurus administrasi susahnya minta ampun"",negatif"
"Pengguna Google,""parah, gak guna, crash,lemot,semua minus ada di sini"",negatif"
"Pengguna Google,""Aplikasi anjayyy bgttt. Ngebug parahðŸ˜­. Ini gimana mau laporan SPT kalau nomor efin aja susahnya mintak ampun. Tolonglah,ini aplikasi kan dibuat permudah untuk masyarakat kenapa lama banget sih.sudah klik meminta permohonan malah balik ke tampilan awal.padahal pake data.sudah pake wifi gabisa bisa. Aplikasi yg jelas dikit dong kalau buatðŸ˜­ðŸ«µ"",negatif"
"Pengguna Google,""gagal log in karena koneksi internet, padahal sdh pakai Telkomsel"",negatif"
"Pengguna Google,""Web coretaxdjp.pajak.go.id full hari ini lambat semua, dari penerimaan kode verifikasi yg waktu tunggu 10 menit bisa 30 menitan baru menerima notifikasi, kan keburu hilang kotak isian verifiksinya, disaat mau ajukan permohonan point 7 muncul pop up eror (http failure blablabla) beberapa kali, buat online bukanya mempermudah proses pembuatan npwp malah butuh waktu seharian di depan komputer. Ayo dong diperbaiki lagi websitenya supaya lebih cepat dalam pelayan ke semua kalangan yg membutuhkannya."",netral"
Pengguna Google,aplikasi apa ini loginbgak bisa verivikasi gagal terusss adohhhh,negatif
"Pengguna Google,""Password tersimpan di google dan gak pernah diganti ini mau login katanya salah mulu, effin dah, ada npwp juga ada nik juga ada diisi dengan benar tapi error mulu malah pesan error katanya belum terdaftar, lah lalu npwp-nya gaib???"",negatif"
"Pengguna Google,""Jelek sekali, mau login saja sangat sulit. Kode verifikasi tidak masuk2. Sudah mencoba kirim lewat email atau sms tetap tidak masuk juga. Gimana mau bayar pajak kalo hal gini aja sulit. Tolonglah ditingkatkan lagi kualitas aplikasinya."",negatif"
"Pengguna Google,""Aplikasi Lemot, mint Kode Verifikasi aja muter"""" dan lama udh nyoba dr 3 Hari lalu masih aja bgtu. Klo dtng ke Kantor nya bilang """"bisa lewat aplikasi"""" aplikasinya aja bgni. Zaman udh canggih tp hal ug berhubungan dengan aplikasi pemerintah slalu lemot dan lama."",negatif"
Pengguna Google,m pajak semakin di permudah. terimakasih pajak,positif
"Pengguna Google,""Saya fikir dengan M-Pajak urusan pajak jadi lebih simple, tapi malah lebih di persulit. Lupa efin padahal sudah oke ada fiturnya, tapi proses verivikasinya itu nyangkut ke email mana ya?? Ya itu mengharuskan orang datang juga ke KPP, kita libur kpp juga libur."",negatif"
"Pengguna Google,""aplikasi tak berfungsi, tak guna"",negatif"
"Pengguna Google,""Kaya gak guna aja apknya,, buat cetak kode biling aja gak bisa,,, menunya jg gak lrngkap, banyak yang eror,,,menu menunya jg beberapa dialihkan ke web,,, harusnya sekelas dirjen pajak apk dan layananya harus wajib diperbaiki,,, masyarakat yang udah sadar pentingnya pajak harusnya dipermudah bukan dipersulit bayarnya tau tau dapet surat dendaðŸ¥´ðŸ¥´ðŸ¥´"",negatif"
"Pengguna Google,""bayar dan laporan pajak dikejar2, giliran mau urus bukti SPT lewat app, busuk. negara macam apa ini"",negatif"
"Pengguna Google,""saat daftar susah nya minta ampun setelah berhari-hari baru berhasil, nah sekarang mau reset password aja dibikin lebih sulit lagi,perbaiki lagi lah sistem nya ini mah kalo bisa dikasih 0.5â­"",negatif"
"Pengguna Google,""Udah seneng bisa buat e-billing dgn cepet sewaktu-waktu, tapi aplikasinya error, klik jenis pajak dll gak muncul pilihannya, ngadat. Sungguh mengecewakan, mau pakai aplikasi lain ada biaya admin pula"",negatif"
"Pengguna Google,""Aplikasi rusak,anggaran untuk aplikasi aja mahal"",negatif"
"Pengguna Google,""Aplikasi pajak koc begini ya kualitas nya, sudah registrasi di bilang email tidak aktif padahal tiap hari di pakai,mau buat ulang makai email itu bilang nya email sudah di gunakan. Trus harus gymna?? Tolong donk kalo buat Apk di maksimalkan, ini aplikasi sekelas Pajak koc begini???????"",negatif"
"Pengguna Google,""Untuk saat ini belum bisa dikatakan bermanfaat. Login pake NIK, kotak ga cukup, kurang 1 angka. Pake NPWP, password salah terus. Klik lupa password, apk cuma diam ga respon apa2. Trus ni apk buat apa? Belum siap kenapa dilaunching, servernya aman ga nih? Kenapa lagi2 aplikasi punya pemerintah selalu bermasalah? Kalah dgn aplikasi swasta. IT-nya gimana nih?"",negatif"
"Pengguna Google,""Aplikasinya bagus banget, chat live susah banget buat nyambung ke agen. Lewat web browser djp online pun sama, sekarang kok gabisa ubah email lama? Tidak tersedia juga penghapusan akun djp online"",positif"
"Pengguna Google,""Pas daftar krim kodenya lama, klau salah cepat dapat info salahnya tapi klau benar tiba"""" Heng lalot ,,, perasaan daftar aplikasi lain lancar jaya sekalinya daftar berkas negara pasti dipersulit entah dari oknum maupun aplikasi nge hengðŸ«¢"",negatif"
"Pengguna Google,""Semakin parah aplikasi djp, buat dari websitepun tetap sama aja. Kode verifikasi tidak pernah masuk ke email. Semakin sloww respon tidak seperti sebelumnya, sebelumnya cepat sekali kode verifikasinya masuk."",negatif"
Pengguna Google,terlalu sulit dan berbelit-belit,negatif
"Pengguna Google,""monyet makin ribet aja mau lapor pajak aja, udah tiap bulan dipotong masih kudu lapor lagi."",negatif"
"Pengguna Google,""Seharusnya aplikasi ini mendapatkan bintang setengah, minimal kasih fasilitas pembuatan NPWP-nya dj aplikasi ini. Secara logika bagaimana caranya orang masuk kalau belum daftar. Rakyat dipaksa bayar pajak tetapi aplikasi pajaknya bermasalah"",negatif"
"Pengguna Google,""bagaimana mau bayar pajak ini, semua serba sulit, link onlinenya eror, serasa kemampuan th 2010, ini perlu IT yang kemampuan standarlah biar enggak ketinggalan amat, ini kayak orang yang enggak paham di suruh urus beginian ya jelas semuanya pada enggak bisa"",negatif"
"Pengguna Google,""kita mau bayar pajak, kita keluar uang kita yang repot dan ribet. kalo aplikasinya mudah dan lancar sih mending ya. lah ini apaan dah sampah banget"",negatif"
"Pengguna Google,""aplikasi paling ribet yg pernah saya kenal,paling membingungkan sangat perlu perbaikan ,seperti lihat npwp,daftar npwp,sangat tidalk berguna"",negatif"
"Pengguna Google,""Tolonglah, segera perbaiki kinerja aplikasinya. Ini mau login gagal terus error 1516. Masa update terakhir di tanggal 27 Agustus 2025 (saat tulisan ini di muat). Ini sudah 2026"",negatif"
Pengguna Google,SAMPAH! Udah webnya gak fungsi. Mau login saja susah. Kolom username gak bisa diisi. Begitu bisa diisi salah mulu padahal username & password udah benar&tersimpan otomatis di chrome. Disuruh memadankan nik&npwp. Login aja gak bisa. Abis download aplikasi malah suruh update. Kenapa gak sekalian yg didownload versi terbaru? MuterÂ² doang! Dirjen pajak tugasnya ngapain sih selain malak? Bikin web/apk nyusahin gak fungsi. Ini di web ada kolom kritik saran aja tombol kirimnya gak bisa??? Anti kritik!,negatif
"Pengguna Google,""TOLONG diupdate fitur dalam aplikasinya, agar ada fitur untuk dapat meminta No EFFIN baru scr online, ngapain bikin aplikasi buat dipakai secara online, kalau pengurusan untuk no Effin 1st time saja harus secara manual? Aplikasi dibuat untuk memudahkan user bukan merepotkan. Aplikasinya tidak berguna sama sekali ini. 1 lagi NPWP saya dibuat scr online, katanya kartu fisiknya akan dikirimkan 2 Minggu kemudian, ke rumah, tapi sampai detik ini, kartunya blm juga sampai ke alamat rmh saya. Miris!!"",negatif"
"Pengguna Google,""pembuatan npwp sangat sangat sangat sulit, banyak masalah mulai dari error verifikasi code tidak muncul, server aneh, internet langsung lemot saat registrasi. Gimanasih ini rakyat mau bekerja aja sulit, padahal tinggal npwp doangðŸ¤£, yaudah, #kabur aja dulu ahðŸ¤£ðŸ¤£, emang lebih bagusðŸ¤£"",negatif"
Pengguna Google,Aplikasi ngebug daftar npwp susah banget lain kali satelit nya sambungin aja sama gmaps jgn di suruh nyari sendiri ribet banget masa nyari in rumah dari sebnyak itu. Di pikir gampang nyari in rumah dari satelit mana gabisa di zoom,negatif
"Pengguna Google,""Setiap login sllu yg muncul """"data gagal atau belum terdaftar"""" pdhl kalo cek NPWP sllu valid status nya, dan sudah aktif, NPWP jg sudah kluar brti kan uda valid data2 nya sewktu daftar,, bingung saya gmn cara nya mau login aja gak bisaÂ²... solusi nya apa nih?? Buat aplikasi doang gak ada solusi nya nih"",negatif"
"Pengguna Google,""Tolong dong, baik web mau pun apk nya bnrin lg, mau daftar NPWP online bagian kolom kerjaan perlu verif orang ketiga itu mksdnya gmn sih anjir, mau verif no hp jg kodenya kg dikirimÂ², 1 jam an di kerjain web yg bnyk minusnya ini wkwkwkkw. Daftar ACC di apk jg ampasss, ngga bisa samsek, bilangnya koneksi terganggu lah, awalnya mikir siapa tau emng wifi nya LG lag, beli kuota lah, sama aja anjir wkwkwk, pdhl gw mau wifi/kuota di pake buat yg lain lancarÂ² aja, emng programnya aja yg AMPASSS"",negatif"
Pengguna Google,pa sy tinggal kompirmasii tanda tangan doang masih gagal terus padahal NIK SY uda di registrasi tapi tiap kompirmasi tanda tangan selalu muncul registrasi nik tolong perbaiki datA sy pa trima kasi,negatif
"Pengguna Google,""ini mau mempermudah masyarakat apa mempersulit sih ,kaya asal2 lan aja ya kerjanya"",negatif"
Pengguna Google,dri pagi login gagal mulu gk jelas mau aktivasi aja susah tolong di permudah donk min,negatif
"Pengguna Google,""Aplikasi bermasalah, gak beres udah ganti jaringan paket data ke wifi tetap aja, mana gak bisa masuk katanya sandi salah dll. Malah ujung-ujungnya akun keblokir, padahal barusan selesai daftar"",negatif"
"Pengguna Google,""bagaimana cara saya untuk mendaftar NPWP, jika untuk mendaftar saja entah lewat website atau aplikasi saja sulit, website nya sangat buruk selalu error, website seakan-akan hanya pajangan agar terlihat pemerintah sangat modern, lewat aplikasi hanya bisa dilakukan jika kita sudah punya terdaftar saja, tidak ada opsi untuk mendaftar hanya login, JANGAN MEMPERSULIT RAKYAT UNTUK MENDAPATKAN PEKERJAAN, KARENA SEKARANG PERUSAHAAN MEWAJIBKAN PENCARI KERJA HARUS SUDAH PUNYA NPWP WALAU BELUM KERJA!"",negatif"
"Pengguna Google,""apk apa ini jelek banget sumpah, beneran tak siap buat apk"",negatif"
"Pengguna Google,""Seperti Biasa, Aplikasi pemerintah gak ada yang bener"",negatif"
"Pengguna Google,""Saya sudah mengisi seluruh data untuk pendaftaran NPWP, namun saat klik Ajukan Permohonan, situs hanya memuat tanpa henti. Ini sangat mengecewakan karena saya sudah mengulang beberapa kali. Tolong perbaiki sistem ini agar tidak menyulitkan pengguna."",negatif"
"Pengguna Google,""Aplikasi yang tidak bermutu, semua serba error, mau verifikasi lupa efin sudah berapa hari dicoba masih selalu gagal, tidak ada efin gimana mau login? mau live chat dengan CS pun selalu gagal tidak bisa terhubung. Semua tidak ada yg bisa digunakan"",negatif"
"Pengguna Google,""aplikasi apaan, bikin efin susah sekali!!!! sudah benar nomer hp tapi notivikasi kode otp di SMS!!! padahal data lengkap!"",negatif"
"Pengguna Google,""ini situs online di hapus aja kalo masih ribet dan harus ke KPP. ga terlalu membantu, kebanyakan errornya. mana verifikasi pake pulsa segala, iya kalo ga ngulang, ini ngulang dan ujung-ujungnya harus ke KPP."",negatif"
"Pengguna Google,""mau bayar pajak aj di persulit,ga bisa di aktivasi"",negatif"
"Pengguna Google,""kampungan, aplikasi haus foto dll,masa tiap di buka harus selfie wkwkwkwkw kenapaa tidak pakai sidak jari"",negatif"
"Pengguna Google,""Kalo buka pake hp, kolom informasi nya kurang lengkap. Minta info ke admin kerjanya lelet. Ditanya pagi, sore me jelang tutup kantor barudiberi jawaban, Mau buka djp online sesuai petunjuk admin, malah ga ada menu-nya. Ribet jg org pajak. Buat dapat NPWP yg sudah diperbaharui berupa pdf aja muter2 bukannya langsung kirim ke alamat email yg sudah terdaftar."",negatif"
Pengguna Google,Saya mau daftar npwp baru..pas mau daftar d suruh masuk web pendaftaran..udah d isi form nya tp pas minta kode otp gak ada sms masuk ke no saya..udah bberapa x d coba tetep gk bisa...perbaiki lagi sistem nya biar bisa lebih mudah,negatif
Pengguna Google,Jangan di download pusing sendiri,negatif
"Pengguna Google,""Kalau tidak bisa bikin apk pajak, lebih baik tidak usah bikin apk pajak. Saya tekan bikin akun gk bisa, login akun NPWP saya malah gk terdaftar/password salah, saya tekan lupa password pun gk bisa dipencet. Banyak banget kekurangan dari apk ini. Padahal hp saya bagus lho~ ram 8gb rom 256gb tapi buat mengoperasikan apk pajak ini gk bisa sama sekali sumpah."",negatif"
"Pengguna Google,""Aplikasi kurang cerdas,saya sudah terdaftar di djp dan sudah sukses,namun setiap mau login di app djp ini sllu aja tertulis npwp/psword salah /errorr.padahal login di web djp lancar2 saja. Gak beres ini aplikasi tolong diperbaiki biar memudah kan costomer mu lg. Saya unistal saja dah."",negatif"
"Pengguna Google,""app yang tidak punya opsi lupa password. Saya tidak bisa masuk akun coz lupa password. Please dong pemerintah, buat app yang bagus bukan buat ribet masyarakat..."",negatif"
Pengguna Google,tidak bisa digunakan untuk verivikasi akun,negatif
"Pengguna Google,""Lupa efin di suruh lewat m pajak , udh di coba tpi pas mau ajuin pas bagian verifikasi email/sms nya ga bisa di klik coba ?? Kenapa itu ngebug atau gimana dah ? Udh di apus instal ulang sama aja ga bisa juga ngebug aplikasi nya . Ini kan aplikasi dari pemerintah nih kalo bisa di tingkatin lagi dong masa mau tau efin aja susah pake segala ngebug gitu aplikasi nya ."",negatif"
"Pengguna Google,""Aplikasi aneh, mau masuk berulang kali salah password terus, sdh masuk malah gak bisa diapa apakan menu menu didalam ya, bener bener aneh, ayolah pemerintah masa satu aplikasi begini aja gak bener. Gmna mau system' online berlaku"",negatif"
"Pengguna Google,""Proses langkah ke 2 selalu gagal..catatannya FLOW TIDAK BENAR ( SESSION TIDAK DITEMUKAN ) ,Aplikasi buatan orang Indonesia ngak ada yang beres...kebanyakan korupsi anggaran biayaðŸ˜ ðŸ˜ ðŸ˜ ðŸ˜ , masukkan kode captcha salah trus ..yang salah mataku apa yang buat aplikasi nya yah"",negatif"
"Pengguna Google,""Haduuuhhh mau bikin NPWP aja susahnya minta ampun, tahap 1&2 nya sudah beres giliran isi formulir tingkat 2 nya yg data pribadi itu susah bgt dari smlm sampe skrg ga bisa terus pas verifikasi data padahal data kenceng."",negatif"
"Pengguna Google,""Ternyata gak cuma aku yg gak bisa verifikasi sms dan email. Malah disuruh kekantor untuk minta kode efin, enak bener nyuruh kekantor, dulu aku daftarnya online, jadi aku maunya online aja,, katanya telat lapor kena denda, tapi bukan gak mau lapor tapi di persulit. Klok pas daftar aja lancar,, giliran minta kode efin buat laporan malah gak bisa. Kerja yg bagus benahi apk nya."",negatif"
Pengguna Google,nunggu no untuk verifikasi ke inbox email lama sehingga ketika kembali ke tab di hp aplikasi m pajaknya suka keluar sendiri.. dan ketika no sudah masuk ke email buka tab baru lagi dan otomatis minta no verifikasi dan no yg ada di email gak bisa di gunakan..gitu dan gitu terus iniðŸ˜‡ðŸ˜‡,negatif
"Pengguna Google,""tolong perbaiki sistem dibagian take foto saya gabisa upload foto nya, kalau gini terus gbisa buat NPWP nyusahin aja, kalian kerjanya apasih, kesalahan seperti ini aja ga di perhatikan nyusahin orang yang mau daftar npwp"",negatif"
"Pengguna Google,""Tombol pilihan jenis pajak dan jenis storan gak bisa di klik ketika mau buat kode biling,.. mohon diperbaiki kakak. Untuk tampilan sudah cukup bagus dan simple."",positif"
"Pengguna Google,""Kode OTP nomor hp nggak masuk, perkara mau lapor SPT aja susah kali"",negatif"
"Pengguna Google,""Yang bener aja lah, bug fixed tanggal 4 desember 2024. Tapi bug tombol verifikasi otp effin udah dimasukin tapi malah ga bisa di tekan tombolnya. Bug apaan yang di fix tolol"",negatif"
Pengguna Google,bolak balik mengisi data lupa kata sandi katanya suruh cek email tapi ttp tidak bisa masuk.. aplikasi parah banget tidak bisa membantu memperlancar.. membingungkan.,negatif
Pengguna Google,klo belum becus bikin aplikasi mending belajar bikin bakwan dlu sana,negatif
"Pengguna Google,""Pendaftaran lewat coretax ribet ,, tidak ada panduan ,, pengisian terlalu sulit untuk menarik map ,, detail alamat juga susah di masukan ,, padahal semua sudah di isi sesuai data ,,tolong admin di tinjau"",negatif"
"Pengguna Google,""rusak bgt ini aplikasi, gak ada perbaikannya dari tahun ke tahun cuma ganti nama doang, tolong lah di perbaiki dan di permudah biar gampang di pake ya."",negatif"
"Pengguna Google,""sering error, pengujuan lupa efin error terus dan pelayanannya lama sekali. sesuatu yang harusnya mudah untuk diakses dan diselesaikan secara online malah harus dibuat secara offline. blm lagi offline antreannya selalu panjang padahal sudah datang dijam kantor baru buka. tolong permudah padahal mau lapor pajak, malah dipersulit"",negatif"
"Pengguna Google,""Bener kata orang yg bilang aplikasinya bermasalah muter terus padahal jaringan bagus pas udh download mau login ,eh malah update .kenapa gak di awal pas instal apk tersebut mohon di perbaiki apk nya kerjanya jangan tidur doang atasin masalah sepele kaya gini anggaran pasti gede jangan di makanin ,."",negatif"
Pengguna Google,apk ngk guna error mulu abisin angaran aja lu.kita yg bayar pajak kita yg bikin laporan pajak harusnya kita yg bayar pemerintah yg bikinin laporan pembayaran kita dengan nik ktp semua aset kita udah bisa diketahui sama pemerintah eh kita pula yg harus lapor mulu tiap tahun pakai error mulu lagi msk cortexnya,negatif
"Pengguna Google,""kacaw, mau aktivasi aja di persulit sampe mau verifikasi otp ga muncul muncul, sampai berulang verif udah habisin banyak pulsa."",negatif"
"Pengguna Google,""Serius banget M-pajak ini guna nya apa? Ini itu gak bisa. Mau ini eror itu eror terus bisanya apaa? di beberapa KPP tidak menyediakan nomor atau telegram yang bisa kita chat hanya mengandalkan live chat tapi mau ngetik aja katanya eror, kita nya juga lagi merantau ribet banget pokok nya!!"",negatif"
"Pengguna Google,""Dikembangkan lagi aplikasinya, ganti nomor hp dan wa harusnya ngga perlu login coretax... bgmn mau login klo no hp sdh tdk aktif dan email lupa password..."",netral"
"Pengguna Google,""taii Giliran mau tertib pajak, Aplikasi Online dbuat tapi akses Selalu gagal, hadeh... Berbasis Kerja Online sekelas Instansi pmerintah Justru server Akses nya buruk,,, Jgn mnuntut pajak dan pajak minimal rapikan genahkan akses Online nya.. secara semua org tidak bisa disamakan waktu sibuknya,, Smoga dibaca dan dperbaiki sgala System Bug, error, Dan gagal saat mengakses ini aplikasi... ujung"""" nya Antrian panjang"""" dan dsuruh ke kantor trdekat Kocak."",negatif"
Pengguna Google,aplikasi gak jelas masak udah punya akun coretax mau aktifasi lagi ngak bisa udah berap kali dicoba login juga gak bisa padahal nik sama pasword udah bener hadehh tolong diperbaiki apk,negatif
Pengguna Google,susah bngt dapetin efin ...katanya sdh di kirim lewat SMS di cek ga ada..padahal nomernya sdh pas..pulsanya ada..gini amat pemerintah bikin aplikasi,negatif
"Pengguna Google,""Benar benar g bisa, setelah masuklaman login, langsung blank screen, memang gak pernah niat mempermudah,"",negatif"
"Pengguna Google,""di potong pajak iya udah , lapor pajak nya ribet, harus nya kan kita yg nerima laporan pajaknya krna kita bayar pajak terus, bener gak sih ,,"",netral"
"Pengguna Google,""gak bisa buat lapor SPT, akhirnya buka website lagi yg njlimet,kirain ini aplikasi lebih simpel tinggal isi aja,eh cuma bisa buat e billing doang ternyata"",negatif"
"Pengguna Google,""lupa no efin katanya bisa lewat aplikasi mpajak, tapi pas dicoba malah gak bisa slalu proses loading. pas coba uninstall aplikasi nya dan install ulang kira in udah bisa eh malah tulisan efin di bawahnya hilang ðŸ˜Œ ini aplikasi nge bug atau gimana yah?"",negatif"
Pengguna Google,Pakai versi lama dan sudah bisa online setelah update versi terbaru malah gak bisa log in..malah di bilang nomor NPWP salah dan pin salah...hadeh bukannya makin bagus malah tambah parah udah gitu lelet lagi...gak seperti versi lama.,negatif
"Pengguna Google,""Jujur saja saya download aplikasi ini cuma ingin ngasih keluhan, bahwa bikin NPWP online sangat lah menyulitkan saya sudh seminggu ttp tidak bisa masih mentok di dashboard, bukan nya di permudah tapi di persulit dengan sistemnya yang ga jelas, pulsa saya habis 5000 buat validasi OTP tapi tetap tidak bisa, tolonglah gunakan uang pajak kami semua buat perbaiki sistem kalian yang ga jelas itu."",negatif"
"Pengguna Google,""Aplikasi gak niat, cuma niat nerima duit pajaknya doang, giliran lupa password gk bisa diurus langsung dari apknya, ketika diklik lupa passwor malah ditujukan ke website kosong LOL, sekelas pemerintah pajak apknya butut banget, masih bagusan apk livin yg mana kalo lupa password gampang."",negatif"
"Pengguna Google,""System perpajakan di indonesia sangat kacau terutama PKP untuk para pengusaha, server yang lambat, pelayanan AR yg kurang maksimal, yg paling bikin jengkel sebenernya servernya yg sangat lambat dan ga cepat reponsif, ketika perusahaan bayar pajak langsung berhasil uang langsung terkirim, tapi ketika perusahaan laporkan NTP dari hasil bayar pajak tadi lamanya nauzubilah, kadang smpai besoknya pun masih erorr ga bisa dilaporin, ujung2nya, sampai kelewat akhir bulan akhirnya pelaku usaha kena DENDA"",negatif"
Pengguna Google,aplikasi yg sangat membantu utk mendaftar djp online,positif
"Pengguna Google,""Data pajak bisa bocor?? seminggu ini banyak yang telpon dari pajak, mereka bisa ngasih data pajak lengkap, dari nama PT NIK sampe NPWP nya, sampai saya di suruh instal aplikasi hipajak..tolong dong di jaga data nya, jgn sampai dipake buat penipuan sama pihak tertentu."",negatif"
Pengguna Google,npwp tolol... di apk sama di website nya sama saja... gx ada pembenahan,negatif
Pengguna Google,hidup di negara sendiri di persulit oleh system sedangkan para pemangku jabatan dan penguasa tetap santay dan menikmati indahnya hidup kita sudah di pajaki kita juga yang harus lapor.,negatif
"Pengguna Google,""Applikasi sama pemerintah juga gak guna. Rakyat aja di pajakin tapi layanan online nya NOLLL. Gak ada yang bermutu, gak ada yang berguna. Gak bisa di akses, minta kode EFIN aja ribetnya kaya apa aja. GagalÂ² terus di verifikasi padahal data yg di masukan sudah benar.ðŸ‘ŽðŸ‘ŽðŸ‘ŽðŸ‘ŽðŸ‘ŽðŸ‘Ž"",netral"
"Pengguna Google,""Aplikasi tergaberguna asli udah di coba verifikasi email Ampe berhari hari tuh email kaga masuk masuk, sue bnget dah, ujung ujungnya malah harus Dateng ke KPP langsung akhh tolong dong yaa di tingkatkan lagi untuk masyarakat, katanya lebih mudah klo digital ini malah mempersulit, mau login ajh GK bisa bisa , gimana klo lagi keadaan terdesak"",negatif"
"Pengguna Google,""Data saya bocor!!! Tadi siang ada yg menghubungi saya melalui WA dan berkali-kali menelpon saya. Di chat tertera data-data pribadi saya seperti Nama, No.KTP, NPWP, Email dsb. Sudah cek di Apk lacak nomor telepon ternyata benar itu penipuan mengatasnamakan Direktorat Jenderal Pajak. Si penipu minta uang transferan dan minta kode verifikasi. Untungnya gk saya kasih. Tapi Hp saya justru jadi hang dan apk pajak selalu kebuka dgn sendirinya. Karena takut jadi saya uninstall dan kembali install apk."",netral"
Pengguna Google,aplikasi ga guna . mau log in d apk aj gk bisa . note no npwp pasword tidak trdaftar . pdhal msuk d website nya bisa lancar no npwp sma pasword nya udh bener. buat ap d bkin apk klo g bisa d pake . sistem nya apa admin nya yg kerjanya tidur gk d prhtikan perfom dri apk ini . ðŸ˜‚ indah nya negriku,netral
"Pengguna Google,""Aplikasi pajak tapi tidak bisa untuk lapor pajak.. ditanya ke petugas katanya """"kita kan sudah online jadi tidak perlu aplikasi"""" saya hanya bisa menjawab """"hah??!!"""" Jawaban macam apa itu.. aplikasi untuk mempermudah tp malah tidak digunakan.. lucu memang.. anggaran oh anggaran"",netral"
"Pengguna Google,""Gak guna, kalo. Mau buat aplikasi yg niat, bisa mempermudah aksesnya untuk login dan lain sebaginya, apk dan link sama saja susah untuk diakses"",negatif"
"Pengguna Google,""Aplikasi tolol, ga di website dan di aplikasi ga ada bedanya buat konfirmasi OTP ga ke kirim kirim, nomor udh di cross check berkali kali, udh nunggu berjam jam tetep ga bisa"",negatif"
Pengguna Google,Bulan Juni kalau nggak Juli kemarin aku unduh apk ini karna lupa efin. Mudah tapi untuk nunggu email buat Nerima kode nya laaaamaaaaaaa bangtt gak ada masuk malah.. berkaliÂ² dicoba dihariÂ² brikutnya masih sama.. pilih dikirim pakai nomor juga gak bisa.. trus pasrah.. hapus apk.. trus sekarang isengÂ² lagi eh bisaa.. cepet lagi nggak kaya yang bulanÂ² kemarin.. lancar sampai bisa lihat kartu NPWP online ku.. terimakasih sudah di update untuk pelayanannya.. SAYAA SANGAATTT TERBANTUUU TERIMAKASIH ðŸ™,positif
"Pengguna Google,""Tolong di perbaiki lagi, kok jaringan selalu ngak ke sambung padahal wifi aktif, juga npwp salahlah apalah.. ribet banget ni aplikasi."",netral"
"Pengguna Google,""Tombol verifikasi OTP di menu EFIN tidak bisa di tekan, alangkah baik nya sebelum release ke playstore di cek lebih mendalam lagi dengan QA, jadi nggak ada istilah hot baked code langsung di release di production seperti ini"",netral"
"Pengguna Google,""Mau pasang listrik di Indonesia harus ada nidi , slo, siup dan nib, buat siup dan nib harus ada no npwp, giliran buat no npwp registrasi situs tidak ditemuakn, coretax. susah kalau urusan sama pemerintah, buat aturan tapi dipersulit sendiri. Kocakkk"",netral"
"Pengguna Google,""Hahaha, daftar onlen di browser ngestuck di validasi Nik+KK, Giliran download app nya gw kira bisa daftar, eh malah butuh NPWP yg udah aktif, KOCAK WEB DEVELOPER-APP DEV NYA. BANYAK LULUSAN IT NOH SUSAH NYARI KERJA, EH INI BUAT HTML-PENDAFTARAN ONLINE AJA GABISA. era digital tapi sama aja boong, harus dateng juga ke pusatnya buat daftar NPWP..."",negatif"
"Pengguna Google,""Aplikasi apa si ini nomor telpon engga jelas buat verifikasi OTP dan email-nya pun juga engga jelas, aneh banget buat aplikasi ke tukang kebun kayanya engga jelas gini Punya anggaran bukannya buat aplikasi untuk memudahkan malah mempersulit masyarakat bikin pusing"",negatif"
"Pengguna Google,""Mau daftar npwp sulit, web dan aplikasi sama sama gak jelas, """"data gagal di simpan, eror constrait database, silakan hubungin adminisiator.... Tidak ada penjelasan kesalah dimana. Hubungin CS isi bot gak dan berbayar pulsa tidak menyelesaikan masalah."",negatif"
"Pengguna Google,""Login di aplikasi dan di website susah, padahal sebelumnya gampang laporan pun tinggal kirim tapi menunggu kodenya lama giliran di cek lagi harus login kembali tapi ketika login ada notif kata sandi salah terus yang sebelumnya kenapa bisa??? Ketika di coba lagi kenapa eror mulu??? Pelayanan yang tidak memuaskan"",negatif"
"Pengguna Google,""Yak seperti biasa, tipikal aplikasi bobrok khas pemerintah. Menunya ribet, mau login dibilang salah password, udah reset password tetep ga bisa login. Yang kek gini narikin pajak dari kita, cuih."",negatif"
"Pengguna Google,""Apk ngga responsif,lemot,dan tidak membantu sama sekali lebih baik hapus Aplikasinya,karena tidak membantu sama sekali justru merugikan pengguna yang memakai,karena buang banyak waktu ,dan nihil hasilnya"",negatif"
"Pengguna Google,""Sampahhhhhh, masa kesalahan nya terus terusan di bagian kolom penulisan Kelurahan, Kecamatan dan Kota/Kabupaten nya mulu, udah di coba 20x cara penulisan dirubah masih aja muncul error code dengan keterangan kesalahan yang sama."",negatif"
Pengguna Google,Mau daftar npwp saja susah. Lewat e-reg website gak bisa lewat aplikasi juga gak bisa. Masak kualitas pendaftaran online sekelas dirjen pajak cuman sebatas ecek2. Susah diakses seperti ini. Mengecewakan.,negatif
"Pengguna Google,""Gabisa login lewat aplikasi, mempersulit orang yang mau login. bukannya mempermudah malah mempersulit, error terus setiap mau login pake aplikasi"",negatif"
"Pengguna Google,""Gak prima , gak efesien , gak bagus , mempersulit , gak bagus , memperlambat , makanya bikin aplikasi itu update ke didukcapil secara berkala jangan setahun sekali NIK aktif bilang tidak ditemukan , gak ada solusinya mending ganti aja aplikasinya yang lebih bagus kalo emang niat mau melayani dengan bagus"",netral"
Pengguna Google,Sumpah ini aplikasi pemerintahan ga ada yang benar benar bekerja dengan baik. Mau masuk aja ga bisa. Apalagi udah bisa masuk dan mau verifikasi gagal terus. Padahal signal bagus. Semua data sudah saya teliti dengan seksama tapi gagal. Aneh. Untuk apa menciptakan aplikasi online kalau memang sistimnya seperti ini. Hapus Saja. Memang pemerintah itu selalu membuat ribet warga nya. Tidak ada kemudahan sama sekali.,negatif
"Pengguna Google,""Padahal tiap bulan gaji saya terpotong untuk bayar pajak, tapi begitu susahnya ingin tau data dari wajib pajak saya itu. Buat apa ada aplikasi pajak & web pajak online kalau mau login aja susahnya setengah mati. Bahkan menghubungi nomor daruratnya saja jawabannya server kami sedang sibuk."",negatif"
"Pengguna Google,""Developernya tolol, stuck di langkah ke 2. Ga ada email masuk. Verifikasi nope padahal udah berhasil. Website djp juga makin ancur. Kalau udah login pun ga bakal bisa ngapa2in. Ga bisa bikin npwp. Ga tau deh kalau pake PC, bisa atau ngga nya."",negatif"
Pengguna Google,Jelek bgt! Mau daftar di tempat selalu di arahkan ke online. Giliran pakai online webnya sering eror. Ga malah mempermudah malah menyusahkan. Saya sampai habis pulsa 15k lebih buat kirim kode verifikasi yg sering eror. !!!,negatif
"Pengguna Google,""Tidak bisa login padahal password udah benar. Tapi keterangannya salah password mulu. Saya coba login melalui chrome bisa. Giliran di app password salah, padahal password sama dengan apa yang saya gunakan saat login melalui chrome."",negatif"
"Pengguna Google,""Apa apaan ini aplikasinya udah lengkap semua data yg diminta, malah dipersulit, padahal bener2 lupa efin Niat buat aplikasi ga sih, kalo emng ganiat buat aplikasi sekalian aja nyuruh masyarakat datengin langsung kantor pajak yg terdekat buat npwp,dihapus aja apk nya ga guna juga Jaman canggih TPI apk bobrok!"",negatif"
Pengguna Google,Kita ini mau bayar pajak lho...bukan nyolong atau korupsi...kenapa aplikasimu kayak gini????....tidak membantu sama sekali...dapat trilyunan uang pajak tp bangun aplikasi yang compatible aja gak bisa!!!profesional dong!!!,negatif
"Pengguna Google,""Mau heran ya INI INDONESIA. Negara DENGAN WAJIB KORUPSI. Padahal pendapatan Pajak per/Agustus 2024 itu 1,*** Triliun. Anggaran pembuatan aplikasi penyelenggara negara itu cukup besar, tp kenapa hampir rata rata fasilitas ini semua eror.... Anggarannya kemanaa??? Bikin apk ribuan, data masih ke HACK... Gblok"",negatif"
"Pengguna Google,""saya lupa email dan efin. Tidak bisa ijin di hari kerja, menanyakan ke pelayanan online malah gk bagus solusinya,pelayanan online mendingan ditutup kalau tidak bisa membantu. Yang mudah di persulit, yang sulit makin sulit."",negatif"
"Pengguna Google,""Kode verifikasi berhasil dikirim, dikirim kemana min? Lain kali pake developer yg besar klo mau pesan aplikasi Jan pake orang dekat, busuk hasilnya kek gini, gak ada yg masuk gk bisa pake cara lain"",netral"
"Pengguna Google,""Saya harap sistemnya dipermudah lagi. Seperti pembuatan sandi yang ribet, Padahal akun pajak gak sesensitif itu sehingga keamanannya harus super duper kuat. Dan untuk ubah sandi kenapa harus pake nomoer EFIN padahal saya baru buat akun dan sandinya salah mulu padahal perasaan sudah benar. Seharusnya untuk ubah sandi cukup verifikasi email, kan gunanya email tertaut seharusnya difungsikan.. Sumpah ribet parah, Seharusnya sistem online itu mempermudah bukan sebaliknya..lk"",negatif"
"Pengguna Google,""Susahnya mau bayar pajak, app ini tidk bisa membantu,, mau buat kede billing tak bisa.. tak ada kah cara yang paling mudah untuk bayar pajak.."",negatif"
"Pengguna Google,""Aplikasi apa ini gak jelas amat... E-KTP terdaftar didukcapil giliran KK bisa gak terdaftar,,!!??padahal kalau kita mau ngurus E-KTP kan harus ada KK ... Baguslah jadi gak perlu lagi aq bayar pajak syukur2 semua pajakku yg lain2 juga digratiskan .. Tq..."",negatif"
Pengguna Google,ini sebenarnya buat apa aplikasi dibuat??? kok saya merasa g ada faedahnya... berharap ada aplikasi agar dipermudah dalam administrasi nya..eehh malah seperti spam ni aplikasi...mau lapor pajak aja gak tau dimana yang mesti di pilih.. beneran kecewa sama dinas perpajakan yang bangga pakai ni aplikasi secara global,negatif
"Pengguna Google,""Pagi tadi ke kantor pajak buat ngurus aktivasi akun, setelah selesai nanya ke CS nya soal login aplikasi ini dan CS nya bilang """"kita"""" gak ada aplikasi kaya gitu pak, """"kita"""" base nya pakai website, jadi mending uninstal aja. Baca2 komenan review juga mayoritas negatif, takut input data2 malah disalahgunakan"",negatif"
"Pengguna Google,""tidak membantu yang jadi pertanyaan saya buat apa sih ada EFIN segala ? dan ini saya coba untuk ke menu lupa EFIN gak pakai di analisa dulu, langsung gagal padahal tujuan saya download apk ini mau gabungin NPWP dan NIK tapi di persulit, lagian pihak pajak bisa kerja dikit gak sih, kan datanya sudah ada kenapa kita yang harus gabungin gaji tinggi pekerjaan cuman malak"",netral"
"Pengguna Google,""Ini aplikasi pemerintah tapi kok tidak berjalan dengan baik ya. Tidak memudahkan sama sekali. Mau daftar pakai email aja, email nya huruf kecil semua dia formatnya huruf besar semua. Hahahaha. Gimana ini dong, ngisinya? Verifikasi emailnya ga masuk-masuk ini"",negatif"
"Pengguna Google,""Ini bagaimana yaa mau pengajuan ulang EFIN pas dapat otp dari email selalu gagal terus entah darimana nya coba, coba tolong diperbaiki lagi lah , mau datang ke KPP kejauhan masalah nya"",netral"
Pengguna Google,sampah. maintenance nya gimana sih? bisa mau login malah keluar sendiri. kalo ga sanggup buat aplikasi mending gausah di buat. RIBET! harusnya mempermudah ini malah error terus.,negatif
Pengguna Google,Bayar pajak disini tak semudah bayar di tokopedia. Padahal aplikasinya bagus. Harapan saya bayar pajak tuh kayak transfer duit via bank... atau semudah top up gopay atau ovo atau shopee... Contoh untuk bayar saja kita harus tentukan jenis pajak dll seharusnya tinggal klik objek pajaknya trsu tinggal bayar aja. ganti profil foto aja ga bisa...,negatif
"Pengguna Google,""Bener-bener nyusahin rakyat, udah bagus kita mau bayar pajak online tapi kok fasilitas untuk bayarnya gak memadahi alias aplikasinya bobrok. Nih aplikasi kocak bet dah, login pake npwp dan sandi yg bener masak dibilangnya salah terus. Dan gak cuman satu dua akun ya, tapi emang banyak yang punya problem yg sama. Tolong dong segera diperbaiki kalo gak mau rakyatnya telat bayar pajak."",negatif"
Pengguna Google,Pendaftaran langkah 2 aja untuk validasi otp sulit sekali ketika d klik bagian daftar malah g bisa di klik mohon webnya di perbaiki lagi ... Sangat no recomend buat pendaftaran online tergolong sulit yang ada habis2in pulsa,negatif
"Pengguna Google,""Aplikasi apaan kayak gini..sudah buat akun npwp tapi mau login tidak bisa. Aplikasi sampah..sudah susah payah daftar npwp, sekali mau login di Apk ini malah tidak bisa."",negatif"
"Pengguna Google,""Kalau orang pengen pada tertib bayar pajak lebih di mudahkan lagi di pastikan lagi apk tidak ada kendala, lakukan survey ke masyarakat perbaharui, lupa efin kendala y aplikasi masih lambat padahal signal kencang, verifikasi tidak masuk masuk, menggunakan no telpon tidak bisa, semoga bisa lebih memudahkan kembali dan terus evaluasi"",netral"
Pengguna Google,Tidak membantu sama sekali.. Tetep aja harus datang ke kantor pajak Padahal bukan mau nyolong mau bayar pajak masih aja di persulit Mau minta no effin pajak aja susah nya udh kaya apaaan... Di gajih sama yg bayar pajak aja masih di persulit,negatif
Pengguna Google,Saya kasih bintang 1 karna kurang bagus sudah berbagai cara saya untuk bisa login/masuk ke akun tidak bisa mohon bantuannyaðŸ™ðŸ™ Kalau tidak bisa sampai saat ini saya uninstall aplikasinya habisÂ² data sajaðŸ˜”ðŸ˜”,negatif
"Pengguna Google,""Apa gunanya mendaftar online jika harus kekantor pajak untuk mengetahui Efin? Sangat tidak efisien, yang harusnya memudahkan malah mempersulit, dengan apalagi dengan status pekerja butuh yang harus di wajibkan masuk kerja tanpa boleh ada izin saat bekerja."",negatif"
"Pengguna Google,""Appsnya ga bisa simpen history pembayaran mandiri UMKM yg bulanan itu... Mungkin appsnya ini bisa di upgrade bisa untuk bayar langsung tiap bulan itu dan saat laporan SPT tahunan itu datangnya ngeLink, sehingga kami tinggal update harta dan sedikit lainnya... Sehingga UMKM yg baru merintis dan yg ingin mencoba berwirausaha tidak merasa susah untuk melapor... Tolong yaa tuan Dirjen pajak ðŸ™ðŸ™"",netral"
"Pengguna Google,""Untuk Pembaruan data belum bisa di update, tolong perbaiki lagi utk kedepannya. Digit 15 / 1 Januari sudah tidak berlaku, dan login menggunakan nomor NIK. Dan untuk login dgn no NIK harus update dulu. Terimakasih"",netral"
"Pengguna Google,""Diperbaiki tim IT ini bagaimana mau login salah terus, lha wong nulis nomor npwpnya aja tidak bisa full. Ya jelas salah terus. Mau gapake simbol titik pun tidak bisa. Segera perbaiki!"",netral"
"Pengguna Google,""Mau daftar efin lewat online tapi ngga bisa.. ga bisa verifikasi otp nyaa.. udh bbrpa hari dicoba ttep ga bisa..pdhl udh d cobain pake email yg sama tapi kode otp ngga muncul, udh dicoba pake no hp juga sama kode otp nya gaada masuk.."",netral"
"Pengguna Google,""Aplikasii gak jelass udah di sesi 2 ribett amat. Sampe habis pulsa pun gak bakall bisaa Nyesll we downlod. Niat gk si bikin apk, bukan nya mempermudah malah di persulit. Udah habis bnyk pulsa ttp ae gk bisa"",negatif"
Pengguna Google,Untuk bagian lupa efin setelah dapat kode verifikasi via sms kenapa tombol verifikasi kode nya gak bisa d tekan dn gk brubah jd warna biru gitu.. alhasil gagal terus ini proses recovery akunnya..,negatif
"Pengguna Google,""Daripada ribet, itu efin mending hilangkan saja, kenapa?? Aplikasi ga berguna, lupa efin aja ribetnya minta ampuuunnnn! Harus ini itu, tapi aplikasi ga mendukung, buang-buang anggaran saja! Bilang aja tinggal datang ke KPP masing-masing, ga ush pake aplikasi segala! Beres!"",negatif"
"Pengguna Google,""Untuk kelebihannya itu ialah 1. Memudahkan masyarakat dalam membayar pajak 2. Masyarakat dapat menghemat waktu dan biaya tranfortasi 3. Aplikasi ini dapat memberitahu kepada pengguna tentang tanggal tempo pembayaran pajak. Untuk kekurangannya ialah 1. Aplikasi ini rentan terhadap masalah kegagalan sistem, mengganggu pengguna dalam proses pembayaran pajak. 2. Keterbatasan dalam hal fitur 3. Keterbatasan dalam mengakses aplikasi m-pajak"",positif"
"Pengguna Google,""Aplikasi ini sangat cerdas...ðŸ¤—ðŸ¤— Terbantu sekali,,saya sudah lupa dengan efin saya dan mertua tinggal isi data dan foto diri..langsung dapat efinnya..terima kasih m-pajak ðŸ™ðŸ™ MudahÂ²n dapat lebih ditingkatkan lagi, dapat digunakan utk segala keperluan perpajakan spt pelaporan dan pembayaran pajak.."",positif"
"Pengguna Google,""Otp sangat lama, waktu sudah masuk proses verifikasi gagal. Verif efin sudah berkali-kali dicoba tetap gagal verifikasi. Ujung-ujungnya ke kpp juga ini. Buat apa aplikasi dibuat tapi tidak untuk mempermudah"",netral"
Pengguna Google,Aplikasi dan layanan kurang maksimal saya mau menganti paswor email pajak pada watu pengantian paswor baru dan setelah di masukkan pw baru server tidak dapat bekerja. Seolah2 semua itu masi ada yg tidak beres sehingga server tidak jalan dengan baik. Server yg kurang baik maka akn memberikan kesempatan oknum2 yg suka melakukan kecurangan.,negatif
Pengguna Google,Mohon kalo online EFiN nya otomatis atau di buat paswod biasa aja. Percuma ujungnya juga datang ke kantor pajak. Apa lagi sedang di pedalaman susah akses susah sinyal. Jika tidak lapor kita juga yang di salah kan,negatif
"Pengguna Google,""Saya berusaha bayar pajak, buatlah aplikasi yg mudah, hal paling simple,netral"",netral"
"Pengguna Google,""Asli, aku biasanya ngga pernah bisa masuk dan dianggap NPWP dan Password salah. Kusering Uninstal karena kecewa, tapi anehnya barusan kudowload tbtb bisa login lagi, pdhl niatnya mau chat Helpdesk KPP. Seneng banget ðŸ˜Š"",netral"
"Pengguna Google,""Lupa nomor efin, sudah ikuti pengisian sampai tahap kirim OTP berkali-kali via email & sms tetap tidak dikirim nomor EFIN nya Email manual via lupa.efin tetap juga tidak dikirim padahal sudah mengikuti arahan dan format, mau lapor spt aja kok nyusahin gini.."",negatif"
"Pengguna Google,""Kalo belom bisa menyempurnakan pelayanan via aplikasi seluler, jangan sok buat aplikasi, masa gak bisa masuk katanya nomor NPWP sama password salah, padahal di Website nya sukses terus login nya"",negatif"
"Pengguna Google,""Sangat sangat tidak profesional!, Tidak di APK, tidak di WEB sama ribetnya!. Mau login saja susahnya minta ampun!, Trus bagaimana kita mau menunaikan kewajiban kita sebagai pembayar pajak kalau sistemnya seperti ini!? Pelayanan yang sangat buruk sekali!!"",negatif"
Pengguna Google,halo m-pajak ada terdapat bug di aplikasinya ketika lupa efin dari sistem sudah muncul pop up berhasil dan kirim email tapi saya cek emailnya belum ada email yg masuk harap segera di perbaiki,negatif
Pengguna Google,Pokok nya aplikasi yang berhubungan milik PEMERINTAH gak ada yang BENAR BENAR MEMPERMUDAH. saya bukan orang GAPTEK klo soal LOGIN malah gak bisa MASUK dan TERBLOKIR. saya lakukan berbagai cara dgn mengisi ulang data yg di MINTA malah Bla Bla Bla Bla... Saya bukan menjelekkan PEMERINTAH malah saya BANGGA menjadi WNI. Tp klo aplikasi milik pemerintah KEBANYAKAN SAMPAH mempersulit MASYARAKAT nya. Masyarakat sdh TAAT tp aplikasi nya MEMPERBURUK keadaan.,negatif
Pengguna Google,Bangke lah udah minta kode via sms bayarnya mahal...udah dapet giliran d masukin dgn sangt benar eh tombol verifikasinya gk berubah warna jd gk bs d klik...begitu terus sampai berkali2...buseeet pulsaku langsung abis...klo sy hitung minta kode via sms jatuhnya Rp.1100/sms dn tidak ada hasil.. .ðŸ˜­ðŸ˜­ðŸ˜­,negatif
"Pengguna Google,""Aplikasi apaan nggabisa buat npwp online susah banget pas kirim otp nunggi lamaa bet ampe sejam gw tunggu jg ngga ada apapun informasi kelanjutan aplikasi buruk, perlu di update! Pdahal berguna banget buat masyarakat!"",negatif"
Pengguna Google,Awal nya sangat membatu... Habis itu mau login lagi gak bisa... Pdhl no npwp dan pswrd sudah benarðŸ¥²ðŸ¥² mau bayar pajak ajja susah amat ya... Klw bisa jangan dipersulit... Dimudah kan saja semua nya... Semua sudah serba online... Gak perlu kan antri dtg ke kantor pajak...,negatif
"Pengguna Google,""Gak jelas udah masukin kode OTP tapi salah tanpa alasan yang jelasan, eh setelah diulangi lagi yang kedua dengan nomer yang samabaru bisa, mana harus bayar pake pulsa lagi, dan beli nomer telkomsel pula hufftt"",negatif"
"Pengguna Google,""aplikasi ga guna kalau kurang menarik ga becus dan uji coba aja kayanya dan ga mampu bayar IT utk sistem onlinenya , saya pernah buat online sampe sekarang ga bisa npwp saya dan ga becus juga CS nya makan gaji buta"",negatif"
Pengguna Google,Kenapa pendaftaran isi formulir ini susah banget ribet. dari semalam Pribadi Nama Email Kata sandi. No hp Otp Pertanyaan pribadi Captcha ( berulang-ulang gak selesai2 ) Pulsa Habis disedot wkwk Nyari2 di sosmed Banyak banget Callo ðŸ˜†ðŸ˜‚ Massa di aplikasi resmi nya rakyat mau di peras juga Tolong dipermudah lagi trimakasih,netral
"Pengguna Google,""Cik atuh lewat WhatsApp otp tuh kan udah canggih, dana kalian kan besar masa iya sistem otp masih jadul pake SMS, mana beban di tangguhkan ke kita sebagai user, please lah kalian tuh perusahaan besar bukan perusahaan iclik, sistem CCD"",netral"
Pengguna Google,Web nya ngaco.. banyak bug tp dh buat pemakaian publik.. di coba dulu lah di berbagai browser minimal.. masukin kode verifikasi sama otp aj gk bs.. kadang malah gk bs buat ngirim kode verifikasi..,netral
Pengguna Google,Sangat tidak bermutu.orang mau daftar NPWP malah diminta masukin nomor NPWP pusat.lah blm punya makanya mau buat.pas udah isi identitas malah gak bisa next ataupun preview.emank blm layak aplikasi pemerintah padahal.,negatif
"Pengguna Google,""Ini gimana mau bayar pajak kok malah gak bisa, nanti gak bayar pajak dikejar2 orang pajak dan kena denda. Sudah bayar aja masih dipermasalahkan, apalagi gak bayar. Konyol emang king indo ini."",negatif"
"Pengguna Google,""Tolong instansi terkait, buat apk tu yg memadailah, pajak bayar terus, apk yg memudahkan warganya saja kayak gini. Ini saya mau melaporkan pajak pribadi saya tidak bisa. Tidak dilaporkan nantik didenda. Tolong dinote ya kritik dan sarannya. Bukan mempermudah malah mempersulit."",negatif"
"Pengguna Google,""Baik web atau aplikasi, saat saya ingin login ga bisa ada keterangan """"Username dan Password tidak cocok"""" Padahal sudah benar. Webnya pun sekarang sudah tidak bisa di kunjungi. Apakah kena retas hacker juga ? ðŸ¤¦ðŸ»â€â™€ï¸"",negatif"
Pengguna Google,Ini aplikasi gimana sih? Masa baru aja download udah disuruh update? Gk jelas bgt mana updatenya gk selesai-selesai. Hadeh mau taat pajak tapi alurnya aja susah bgt. Belum lagi propertinya gk mendukung,netral
Pengguna Google,Parah Banget Aplikasinya Padahal Punya Pemerintah.Masuk Gagal Terus Padahal Udah Bener Loading Terus Ujung Ujungnya Malah Ke Blokir.Diulangi Sampe 3x dan 33nya Akunnya Ke Blokir.TOLONG DIPERBAIKI !! Baik di Website ataupun Aplikasi Tolong Diperbaiki Percuma Orang Mo Daftar Online Kalo Gak Bisa Di Akses,negatif
"Pengguna Google,""ga jelas aplikasinya, data data udah benar gabisa login mau aktivasi butuh EFIN, mau dapetin EFIN disuruh login, gajelas banget ini web sama apknya, anggaran banyak buat apa?????"",netral"
"Pengguna Google,""Tolong aplikasi di perbaikin, knapa mau proses isi form no 2, error VALIDASI ,muter muter loadingnya lama,, tolong ini awal yang baik berantas pungli,dengan sistem online ,jadi jangan di gara garain maintenance nya ngak beres."",netral"
"Pengguna Google,""Mohon ditindaklanjuti keluhan pengguna, apa yg menjadi masalah segera diperbaiki. Setelah update, user log out, mau sign in tapi link lupa password tidak fungsi. Jadi harus bagaimana? Mohon respon nya"",netral"
Pengguna Google,Tombol verifikasi kode pada menu permintaan EFIN setelah menerima email dan memasukan ke kolom tombol verifikasi tidak aktif sehingga kita tidak bisa melakukan verifikasi. Mohon segera ditindak lanjuti. Terima kasih,negatif
"Pengguna Google,""aplikasi nya mohon di perbaiki. suka force close sendiri. harap di perbaiki sesuai dengan nama aplikasi yaitu PAJAK. Anda di bayar dari rakyat. jadi tolong bikin web yg seharus nya seperti apa. jangan seperti aplikasi"""" murah. Seharus nya anda membaca ulasan dari penilaian ya. !!!! Woi t*l*l respon"",negatif"
Pengguna Google,untuk login ke aplikasi ribet sekali kirain daftar udh bisa login ke aplikasi ternyata gak .. tidak bisa login terus harus datang ke kpp terdekat untuk mendapatkan efin jadi apa gunanya online ini,negatif
"Pengguna Google,""Kenapa ini?? Mau login aja gabisa :( terus ajaaaa username pasword salah!! Pdhl udh ada email kl npwp udh jadi, username otomatis keubah sndiri tp pas kupake malah gabisa :(((((( gmn cara bayar pajaknya dong"",netral"
"Pengguna Google,""Tujuan penggunaan aplikasinya sih bgus yaa cuma pas d pakai tuh aslinya ribet ðŸ˜‚ mau minta efin aja nunggu kode verifikasinya gk masukÂ² udah 3x coba ttap aja gk masukÂ² heran kn ðŸ˜¬. Emang lebih mudah pas covid sih, tggl wa pelayanan kantor terdekat selesai sudah cm skrg sudah tidak ada jadi yah fix lah bkin susah harus mesti ke kantornya apalagi pas lg sbukÂ²nya kerja ini."",negatif"
Pengguna Google,Maaf nih kenapa yah waktu pengajuan efin di saat verifikasi kode yg di kirim via sms atau email selalu salah terus padahal bener kok kode verifikasinya. Tolong di perbaiki lagi apk nya,netral
"Pengguna Google,""Lupa efin terus data-datanya udah lengkap semua,pas verifikasi ga ada SMS atau Gmail yg masuk nomornya padahal udah berulangkali nyoba, gimana nih solusinya"",netral"
"Pengguna Google,""Kenapa mau lapor pajak saja susah ya,nanti gak lapor salah,saya sangat menyayangkan kita sudah di bayar dari perusahaan kenapa suruh lapor lagi.sangat terlalu berbelit2 nih untuk masalah perpajakan ini.tolong pengertianya dan di perhatikan keluhan masyrakat yang taat ini.saya harap bikin mudah biar yang masyrakat awam juga bisa dengan mudah menggunakanya"",negatif"
"Pengguna Google,""Mau login padahal udah bener akun sama password, nulis kode keamanan juga bener masih aja di bilang salah kode. Mau login doank di persulit. Benerin itu website nya!"",negatif"
Pengguna Google,Dari sore sampe ketemu malam Ku daftar di sesi 2 kelik tombol daftar gagal mulu. Di website juga sama aja. Belum lagi masukin capcha katanya salah padahal udah bener.,negatif
Pengguna Google,Pakai browser pakai aplikasi tetap sama tidak bisa kirim kode verifikasi server ke email dan ke sms tetap tidak ada... menunggu sampai kapai terkirim.. sudah dibuat laporannya ga bisa dikirim gara2 tidak ada verifikasi... pabaliut Verifikasi kode server.. Pajak buat siapa ayo...,netral
"Pengguna Google,""Aplikasi gk berguna, Development gimana sih, sudah ada aplikasi, Tapi untuk registrasi pake NPWP pake efin,untuk mendapatkan efin harus ke kantor pajak/kirim email,, Pertahankan prinsip : """"Kalo ada yg ribet kenapa harus dibikin gampang..??"""""",negatif"
"Pengguna Google,""Sudah coba login aplikasi pakai password yang benar tetap harus verifikasi email. Sebenarnya tidak masalah untuk verifikasi dua langkahnya tapi yang jadi masalah email berisi kode verifikasinya lama banget baru masuk, maksudnya apa coba, semoga aplikasinya bisa lebih baik kedepannya!"",negatif"
"Pengguna Google,""Ketika aplikasi sudah terinstal dan dijalankan muncul sebuah pesan """"unexpected error occured"""", dan meminta restart, dan begitu terus ketika sudah direstart apknya. Bantu dunk"",negatif"
"Pengguna Google,""Jangan didownload afk ini tolol, daftar nggak bisa juga. Pasti gagal dilangkah ke 2nya. Aplikasi yang sebenarnya harusnya mempermudah, malah bikin orang buang2 waktu. Salah satu aplikasi sampah yang ada di flay store.ðŸ–•ðŸ–•"",negatif"
"Pengguna Google,""Masih kurang representative, seharusnya ketentuan/aturan yg muncul disajikan lebih detail jangan cuma judul doang, atau dikasih menu download, mungkin menu update profil dari aplikasi jangan dengan map, sebaiknya ada kolom untuk menuliskan alamat"",netral"
"Pengguna Google,""login aja susah, verifikasi gak muncul2 di email, sudah kirim kode berulang2 tetep aja gak muncul. di websitenya juga sama aq pakai email, katanya malah tidak terdaftar... hla... bertahun2 login selama ini gimana, koplak? kok tiba2 gak kedaftar. gak apk, gak websitenya, punya pemerintah emang sampah semua, anggaran doang gede"",negatif"
"Pengguna Google,""Mohon maaf yang sebesarnya, aplikasinya sudah bagus tinggal catat lalu buat kode billing dan bayar pakai e-wallet, mempermudah pembayaran. Tetapi kemarin udah input omset warung lalu ada kendala datanya hilang semua maklum baru memulai jadi belum ada pembukuan jadi omset yang udah di catat lupa lagi, apa ada solusinya ? Maklum baru merintis meneruskan usaha orang tua. Kalau bisa biar mempermudah warung di aplikasinya sekalian pelaporan SPT nya."",netral"
"Pengguna Google,""masih heran sama aplikasi yg dibuat pemerintah, padalan anggaran besar, buat aplikasi saja masih kalah jauh sama aplikasi swasta 1. verifikasi gagal, tapi gak ada notice penulisan yg salah yg mana 2. pemberitahuan dikirim lewat email, tpi gak dikirim2 sampai coba nulis ulang tetep sama 3. live chatnya di web juga gitu, udah nunggu luamaaaaaaa gak ada respon"",negatif"
"Pengguna Google,""Developing aplikasinya gimana?. OTP masuk sudah diisi kok nggak bisa verifikasi, makan pulsa terus kalo di coba ulang-ulang. Di laman verifikasi juga tidak ada button kembali (back). Mohoh ini seharusnya proyek besar developingnya yang bagus juga."",negatif"
"Pengguna Google,""Alhamdulillah sistem udah diperbaiki. Kemarin terkendala buat login masalah pengiriman otp sekarang sudah lancar, untung aja sebelum ke kantor kpp aku coba cek aplikasinya dan ternyata udah lancar"",positif"
"Pengguna Google,""Kasih bintang satu saja,,, mo login nungguin kode verifikasi masuk di email dari semalam, nanti besok sore baru masuk itu email, giliran mo masuk ulang ke aplikasinya, kembali ke awal lagi, nunggu lagi kode nya,,,ah kenapa ribet ini aplikasi"",negatif"
"Pengguna Google,""Mohon ke Developer web pajak terdapat bug sistem pengisian pendaftaran NPWP online jeda waktu yang terlalu singkat, perlu durasi pengisian formulir butuh waktu lebih lama beberapa detik berikutnya, jika terlambat beberapa detik mengakibatkan bug sistem harus mengulang berulang kali berulang ulang login logout"",negatif"
"Pengguna Google,""Aplikasi SAMPAH!!!! ANJ bener bener bikin orang buang buang waktu, dimana mana orang pake apkikasi biar memudahkan ini malah bikin tambah susah, mau web mau aplikasi bener bener sampah, produk gagal, untuk daftar diminta kode efin, suruh donlot aplikasi udah di donlot daftar ini itu dan udah selesai seenaknya data error, suruh lagi ulang dari awal padahal udah bner semua, gini doang gk bisa! gimana mau maju Indonesia dasar apk sampah!"",negatif"
"Pengguna Google,""Aplikasi yang membagongkan.... Kalau belum punya akun ga bisa akses semua menu, giliran mau daftar pengguna baru malah ga bisa. Tombol Daftar disini ga bisa di klik. Trs gimana mau pake aplikasi ini. Dasar...."",negatif"
"Pengguna Google,""Heran. Ngga paham. Instansi pemerintah sebesar & sekelas ini, apalagi reminder : pajak2 pajak2, tp aplikasinya yah cuma begini. Giliran anak sy mau daftar NPWP sj susah. Disuruh daftar online. Coretax2. Tp situsnya lemot abis. Ribet pula. Mdh2an pegawai2nya ngga ikut lemot ya."",negatif"
"Pengguna Google,""Pas masuk harus verifikasi lewat email, pas di cek email nya gak ada inbok, ditungguin sampe pegel bolak balik lihat email, pas no verifikasinya muncul, pas mau ke aplikasinya mulai dari awal lagi, harus masukin verifikasi nomor yang baru lagi, bikin kesel ðŸ˜¤"",negatif"
"Pengguna Google,""Bukannya mempermudah masyarakat untuk mengaksesnya secara langsung via apk, ehh malah tambah mempersulit. Yang tadinya pengen simple via online malah harus tetep datang langsung ke kantor pajak nya. Terlalu banyak di korup sih !!!"",negatif"
"Pengguna Google,""blum apa2 udah app error, pasti bukan w doang yg heran kenapa aplikasi buatan pemerintah yang harusnya bagus malah jadi abal2 begini, pihak pengembang yang serius lah bikin aplikasi besar begini, ini lebih mirip aplikasi yang masih Alpha version.. tingkatkan lagi,nanti kalo udah jelas, baru dirilis ulang!!!!!!"",negatif"
"Pengguna Google,""Tolong diperhatikan lagi aplikasi nya ini milik pemerintah loh susah banget buat verifikasi efin disitu udah coba berkali kali tetap gagal. Gak tau dah aplikasi lain lancar registrasi, sinyal ok, software udah pembaruan gak tau dah apa yang susah. Ini mau daftar aja ribet arus ada efin dan daftar efin aja gagal Mulu bagaimana mau daftar."",negatif"
Pengguna Google,Untuk kode perivikasinya lama banget... 2 jam kadang 6 jam... Yg lebih parah nya hampir 24 jam... Jadi otomatis kan kalo lama suka keluar sendiri dari aplikasinya.. Tolong lah. Di benerin lagi.,negatif
"Pengguna Google,""Aplikasi payah. Website payah. Query validasi data juga payah. Scrum master-nya tolong totalitas dong. Bisa2nya NIK & KK dibilang gak terdaftar. Trus kita bisa bikin NPWP dan terdaftar di Disdukcapil gimana ceritanya? ðŸ¤¦ðŸ»â€â™€ï¸ Udah update, minta update. Ditungguin, malah splash screen dan blank. Cape pengguna dibuatmu. ðŸ¤¦ðŸ»â€â™€ï¸"",negatif"
Pengguna Google,orang mau buat Npwp harapannya dengan aplikasi atau website jadi lebih mudah. Di bikin mutermuter terus sama Aplikasi ini! Tiap kali Verifikasi nomor telpon itu di kenakan biaya pulsa setelah lanjut ke tahap berikutnya tibaÂ² server Down yang mengharus RE-LOAD mulai isi data dari awal dan di minta Verifikasi Data hingga nomor telpon. Bisa di Hitung kalo 1akun kena potongan Pulsa 2.000rupiah x5 karena kesalahan server udah 10.000 kalo dalam sehari ada 100orang yang gagal sudah dpat 1JUTA PULSA!!!,negatif
"Pengguna Google,""Maaf Min, ini kenapa tahunnya jadi mundur. Saya bikin kode billing dengan tahun 2025 tidak bisa. Lalu saya coba 2024, kode billing bisa muncul. Mau saya bayar pajaknya, tapi saya ragu. Padahal ini sudah tahun 2025. Untuk aplikasi, ini mudah dan simpel untuk digunakan, lalu kode billing bisa disalin. Tidak seperti di website. Yah intinya sudah bagus."",netral"
"Pengguna Google,""Sangat miris ya, app penting dan dikelola pemerintah bisa error dan gak fungsi, mau daftar tidak bisa, lupa password tidak bisa, lupa efin pun tidak bisa di registrasi/perbaharui!"",negatif"
"Pengguna Google,""Ini apaan minta efin kok gangguan mulu mau bayar pajak gini amat, live chat gak ada fungsi dari pagi sampe sore gk bsa terbuka... Sy yg mau bayar di persulit pula gokil. Kurang dana kah??? Sampe perbaikan aplikasi dan layanan gk bisa"",negatif"
"Pengguna Google,""Bagaimana mau maju peradministrasian Indonesia termasuk pajak dengan basis daring jika login saja selalu error. Padahal No. NIK/NPWP dan Password sudah sesuai, tapi selalu dinyatakan salah. Teknologi sekencang ini, tapi sistem administrasi daring saja Indonesia masih bobrok. Jangankan pegawainya, website/apk nya saja bisa miskomunikasi. Kalau seperti ini terus, warga juga kesulitan untuk mengurus NPWP."",negatif"
Pengguna Google,Aplikasi ngaco..gak ada gunanya...gimana Indonesia mau maju klau aplikasi begini...di suruh login dulu.tapi menu untuk buat akun ajaa gak ada...Berharap dii permudah..tapi tambah sulit..,negatif
"Pengguna Google,""Aplikasi yang mengecewakan, katanya di suruh taat pajak, giliran kita sudah taat tapi malah di persulit. Log in aja gk bisa, gak usah nyuruh rakyat taat pajak, gak usah nagih2 pajak kalau sistem nya saja belum beres. Kalau mau nyuruh rakyat taat pajak bukin sistem yang sederhana yang mudah di fahami. Kita cari makan tdk di bantu negara jadi mohon di permudah kalau ingin rakyat taat pajak."",negatif"
"Pengguna Google,""Bikin aplikasi ini pasti anggarannya gede tapi fitur live chat gk guna, gak ada fitur lupa password, trus knp ada permintaan no npwp dan nik, kan no npwp sdh dirubah pke nik. Tolol emang, aplikasi buatan pemerintah memang gak bisa diandalkan"",negatif"
"Pengguna Google,""Aplikasi dibawah naungan pemerintah seperti ini kualitasnya? Ckckck tidak heran. Baru buka apps sudah eror. Baru buka Live Chat Pajak, padahal jaringan bagus, sinyal oke. Tiba-tiba chat berakhir. Baru buka loh? Ckckck aplikasi tidak berguna."",negatif"
"Pengguna Google,""Aplikasi m pajak tidak layak dipakai! Fitur pemulihan EFIN terus error meski jaringan stabil, chatbot tidak membantu, dan pengguna akhirnya tetap harus ke kantor pajak. Buat apa ada aplikasi kalau ujung-ujungnya tidak mempermudah? Hanya buang anggaran negara! Performa sangat memalukan untuk urusan sepentas pajak. Rating 1 bintang pun masih terlalu baik!"",negatif"
"Pengguna Google,""Parah ini aplikasi , mau buat kepentingan malah gak bisa ke buka . Ket restart restart trs, pdahal udah sy perbarui. Mksdnya apaaaa????? ðŸ’©BRENGSEK MALAH GK BS DI BUKA SAMA SEKALI , APLIKASINYA MATI AP GIMANA WOIIIIII , buat pnting ini"",negatif"
"Pengguna Google,""Aplikasi nya sungguh buruk, mau aktivasi efin pun dipersulit. Update : yang susah dapat verifikasi dari email, lebih baik verifikasi lewat sms saja, tapi sebelumnya harus punya pulsa yaaa karena dipotong pulsa"",negatif"
"Pengguna Google,""Loh mau masukkan npwp karena sesuai malah NIK gak muat jadinya gak bisa akses EFIN. Seharusnya app pajak lebih bagus dari semua instansi ini karena berhubungan dengan uang ini malah gak update. App pemerintah kalah dengan app swasta, aneh"",negatif"
"Pengguna Google,""Mohon lebih bijak dalam menginstal aplikasi ini. Karna saya setelah instal aplikasi ini jadi lebih sering di teror oleh nomor yg mengatas namakan pegawai pajak pusat. Jika ada yg mengatasnamakan pegawai pajak pusat mohon ditanyakan atas nama siapa dan NIP berapa untuk selanjutnya dilaporkan ke pihak badan kepegawaian, karna setiap saya tanya demikian panggilan akan selalu dimatikan oleh mereka. Jadi mohon untuk semuanya berhati2 dalam menginstal aplikasi lebih baik gunakan website resmi djp."",netral"
"Pengguna Google,""Aplikasi gak jelas. Mau minta permohonan lupa efin tapi verifikasi selalu gagal entah salah dimana. Diulang berkali-kali sama aja. Kalau harus urus ke kantor pajak langsung, ngapain bikin aplikasi sih? Diperbaiki tolong, masa aplikasi pemerintah kayak gini"",negatif"
"Pengguna Google,""Sesi telah berakhir, log in ulang dengan user name dan password yg benar tp selalu sesi telah berakhir daaaannnn seperti itu terus.. Serius ini gaji saya dipotong hampir rata rata lebih dari 1 juta tiap bulan tapi dengan layanan aplikasi resmi dirjen pajak milik pemerintah seperti ini? #SAVE RAJA AMPAT"",netral"
"Pengguna Google,""entahlah dari sekian banyak ulasan buruk yang di berikan pengguna kenapa tidak ada perbaikan,padahal ini adalah aplikasi resmi yang di awasi pemerintah. dari yang mau buat npwp ga bisa karna sulit,aplikasinya juga error..harusnya dapat ulasan selerti ini menjadi PR bagi mereka yg bekerjs di bidangnya.bagaimana aplikasi di buat namun tujuannya justru tidak tercapai? bahkan mau kasih ulasan saja 'server error' it's amazing for me"",negatif"
"Pengguna Google,""email kode verifikasi lambat masuk, saya buka aplikasi sore mau daftar akun sampai malam belum ada muncul kode verifikasi nya, pagi baru muncul kode verifikasi di email, bayar pajak telat di denda, tapi pelayanan lambat."",negatif"
"Pengguna Google,""sistem pajak sampai saya menulis ini sangat sangat menyusahkan dan tidak jelas, lambat, sering error, berulang kali mencoba namun tidak ada hasil dan hanya buang buang waktu, ujung ujungnya harus datang ke kantor pajak dan dipersulit"",negatif"
"Pengguna Google,""Mau apk atau web nya sangat tidak profesional sekelas pemerintah begini begitu dangkal, Buruk sekali udah mh tidak tertata ribet lemot lagi, Ditambah suka eror harus ngulang dari awal lagi pas awal pendaftaran pulsa gua habis cuma buat kode otp SMS ... MIRISSS !!!"",negatif"
"Pengguna Google,""Jujur, layanan pajak saat ini semakin susah, web utama coretax menghilangkan beberapa menu ereg dulu, padahal menu cek npwp juga penting tapi coretax belum memfasilitasi, ngurus efin lewat sini juga bingung soalnya nomer npwp aja nggak tau gimana ngurusnya kalau nggak ada menu buat cek nomer npwp nya"",negatif"
Pengguna Google,Aplikasi gak jelas.. Telp nomer cs sibuk terus..chat eror terus. Masuk aplikasi gak bisa reset passw..dr chrome bisa masih pake no effin.. Aplikasi buat mempermudah bukan malahan bikin emosi,negatif
"Pengguna Google,""Orang dipaksa laporan sama bayar pajak, giliran bikin aplikasi yang tujuannya untuk mempermudah malah jadinya kayak sampah. Minta kode otp untuk EFIN aja loh gak bisa. Ini lah contoh gambaran aplikasi dari pemerintah yang gak guna!!!"",negatif"
"Pengguna Google,""Bagus banget. sudah lama saya memimpikan aplikasi android dr pajak. buat billingnya pun cuma sekali tekan, tdk perlu capca jg. Saran : 1. Kode billing bs didownload dalam bentuk pdf atau gambar. 2. Ada menu transaksi favorit. Agar tdk bingung pembayaran yg sama tiap bulannya(umkm) 3. Ada semacam virtual asistent kayak samsung. Wah pasti banyak yg bakal download. Mungkin si Viska dr e-learning bs tuh. 4. Kode billing yg sdh dibuat bisa dilihat kembali, jd tdk perlu bikin lagi. Tetap semangat...."",netral"
Pengguna Google,Sangat membantu bikin darah tinggi dan emosi. Masyarakat di suruh digitalisasi sistem tapi pelaksanaan pelayanan untuk masyarakat sangat mengecewakan sangat buruk di berbagai bidang termasuk ini wajib pajak wajib pajak tapi menyulitkan ribet,negatif
"Pengguna Google,""Baru donwload terus dh ada notif suruh update padahal di play store gg ada keterangan update, lanjut isi link buat efin malah error dan keluar apk dengan sendirinya, pas dibuka lagi aplikasinya muter sampai skrng dan gg bisa kebuka. Ini yang buat aplikasi kompeten atau cuman nyoba"""" Yh, kalo gini mh lebih bagus apk kipas simulator bos"",netral"
"Pengguna Google,""Ini aplikasi kaya gak ada yg operasikan,, Kalau kita live chat di luar jam kerja boot sistem suruh di jam kerja antara pukul 08:00 sampai 16:00 WIB. tapi saat kita chat di jam kerja malah eror terus. Kita sudah di potong gaji untuk bayar pajak tapi mau buat laporan SPT, rumit sekali. Tidak ada laporan kena denda, Hapus saja aplikasi ini Tidak bisa di gunakan."",negatif"
"Pengguna Google,""Aplikasi ga guna, kirim email verifikasi baru masuk sehari kemudian. Pas di klik udh expired, coba kirim lagi tetep masuk emailnya sehari kemudian, expired lagi. Gitu aja trus."",negatif"
"Pengguna Google,""Susah minta kode verifikasi, kurang canggih. Tidak memudahkan. Menunggu lama untuk dapat kode verifikasi ke email. Dapet nya baru ke esokan hari. Kenapa hal-hal kecil seperti ini aja aplikasi pemerintah ga bisa maintain ?"",negatif"
"Pengguna Google,""tolong diperbarui lagi, saat saya ingin mengajukan lupa EFIN saat ingin mengisi pada form NPWP hanya tersedia 15 digit saja padahal NPWP saya sama dengan nomor NIK yang sejumlah 16 digit angka alhasil pengajuan TIDAK AKAN PERNAH BERHASIL karena sistem hanya tersedia 15 digit saja dan NPWP saya tidak terdeteksi karena kurang 1 digit angka, sederhana namun fatal sekali"",negatif"
"Pengguna Google,""Jelek banget, gk bantu, nyusahin iya, masa buat verifikasi malah gk bisa ditekan-tekan sampe waktunya habis. Tetot diulangin aja trs berkali-kali hasilnya juga sama, gk bisa. Ini knp bikin apps begini sih -_-"",negatif"
"Pengguna Google,""kenapa buat aplikasi bukan untuk mempermudah, tiap bulan bayar pajak, mau lapor spt tahunan kenapa tidak bisa, mohon untuk orang terkait dibadan perpajakan buat aplikasi yang mudah, jangan bikin pusing, tolong perhatikan"",negatif"
Pengguna Google,Tolong benahi aplikasinya tidak berguna sama sekali. Waktu daftar ada beberapa masalah 1.pengisian email harus di awali angka ribet bgt sumpah 2.pemilihan kenegaraan tidak bisa di pilih 3.capta ngaco. Masih bagus pake google from aja mending perasaan anggaran gede website aja kek buatan anak SMP,negatif
"Pengguna Google,""aplikasi dan web tidak berjalan dengan lancar menyusahkan orang kalau bener bener membantu orang itu aplikasi dan webnya harus lancar. katanya disuruh taat pajak, buat npwp aja dipersusah. nggak berguna sama sekali, lebih baik diberhentikan aja"",negatif"
Pengguna Google,Mohon arahan min...sy setelah mengisi kolom lupa efin..setelah mau verifikasi kodenya kok terkirim ke nomer sy yg lama tidak aktip..bagaimana cara merubah nomer hp untuk mendapatkan kode verifikasi ke nomer yg skrg masih terpakai,netral
"Pengguna Google,""aplikasi masih cacat, susah dapat kode verifikasi. form formulir tidak update, padahal NPWP sudah 16 digit tapi dalam aplikasi hanya bisa mengisi 15 digit nomor NPWP. ini berarti sistem nya tidak berjalan sesuai dengan ketentuan dan kebutuhan wajib pajak dan malah merugikan/menyusahkan para wajib pajak. bahkan karena hal tersebut, para wajib pajak tidak bisa melakukan registrasi EFIN"",negatif"
"Pengguna Google,""saya sudah menggunakan aplikasi Ini lama tidak ada kendala dan sangat membantu,tiba2 ada pemberitahuan update aplikasi di BLN Oktober 2025,setelah sy update versi terbaru eror terus ada password salah menu login tidak ada opsi lupa password dll,bikin repot saja heran"",negatif"
Pengguna Google,aplikasi kurang berguna gak bisa buat npwp secara online mana sering macet jaringan bagus tapi setiap buka aplikasi ini gagal teris dan eror tolong cepat di perbaiki saya mau kerja terhalang sama aplikasi ini,negatif
"Pengguna Google,""Knpa orang bnyak yg tidak bayar pajak ? Jawaban : karena pelayanan buruk.bnyk orang berkendala dari email ditunggu tidak muncul, layananya ditelfon gak mau angkat, bilang sibuk Mulu. Sebaiknya dipecat saja para pegawai nya,habis habisin Anggaran negara, gak fungsi."",negatif"
Pengguna Google,tolong bpak ibu yang terhormat. kemabalikan seperti dulu untuk masuk aku DJP ini dipermudah hanya dengan no efin dan email. kayanya lapor e filling wajib tapi kenapa dipersulit. no hp tidak valid terus sementara lewat online tidak bisa lewat tlpon tidak bisa bahkan kekantor pajak juga tidak bisa. gimana ini coba. bpak ibu kita bayar pajak bukan ga bayar. klo seperti itu udah cukup bayar pajak saja tidak usah melaporkan,negatif
"Pengguna Google,""sistem gak jelas!!!! tahun kemarin laporan SPT gak ribet, alamat email dan nomer HP aman. sekarang alamat email yg sudah terdaftar malah gak ada, yg nongol malah alamat email yg lain, sama juga nomor HP bener, nomor npwp bener, NIK bener, TETAP AJA SALAH!!!! aplikasi gak guna!!!"",negatif"
"Pengguna Google,""Udh bayar. Mala di suru bikin buat laporan yg sangat ribet sekali,apk berat gak mendukung,harusnya pemerintah ngasih laporan ke kita bukhti pembayaran,karn langsung motong dari gajian,bukan kitanya bikin laporan..... semua di bikin ribet"",negatif"
"Pengguna Google,""Biasa, seperti aplikasi pemerintah pada umumnya, ngga yang manual ngga online sama ribetnya. Giliran sama pajaknya kita disuruh taat, tapi pelayanannya, bahkan yang online sekalipun tambah bikin makan pikiran sama makan hati. Aplikasi sampah cuman ngabisin anggaran doang."",negatif"
"Pengguna Google,""aplikasinya cacat, pilihan verifikasi email/SMS nya ga muncul, tibaÂ² di tolak karna email pada sistem tidak ditemukan. memang setiap aplikasi pemerintah gak bisa diandelin, anggaran doang gede."",negatif"
Pengguna Google,Aplikasi nggak jelas anj memang. mo daftar tapi ga ada tombol daftarnya hanya login. gimana caranya mau login kalau ga ada akunnya .,negatif
"Pengguna Google,""Registrasi aja dibikin susah, daftar Npwp pakai kartu tri gk boleh, emangnya kartu tri itu ilegal di indonesia apa? Ngurus offline dipersulit surat keterangan lurah, formulir ini itu. Ngurus online juga dipersulit. Sebenarnya negara indonesia itu pingin masyarakatnya terdaftar di lembaga pajak gak sih? Kok registrasi aja dibikin ribet & susah kayak gak pingin masyarakat indonesia terdaftar di lembaga pajak aja. Aplikasi gak guna, ribet & berbelit2, gue uninstall aja sekalian."",negatif"
Pengguna Google,Mengajukan efin pas menu verifikasi nya tombol nya tidak bisa di tekan pdhl angka nya sudah sesuai.... Aplikasi bikinan pemerintah emng banyak masalah nya....,netral
"Pengguna Google,""Buat sandi akun saja sulit sekali. Sudah diubah berkali-kali, pake huruf besar, pake angka, pakai simbol berbeda2 atau ga pakai simbol, sama aja gabisa. Bisa ga sih buat NPWP d sni? Haa?"",negatif"
"Pengguna Google,""aplikasinya belum siap digunakan, mau buat spt tahunan saja tidak ada menunya, mau cek laporan spt sebelumnya juga tidak ada, proses aktivasi sangat ribet, apa pembuatan aplikasi ini juga dikorupsi?"",negatif"
"Pengguna Google,""aku baru saja mengintal aplikasi ini m-pajak dan berjalan dengan sanggat lancar tanpa ada kendala apapun atau terjadi yg tidak diingin kan seperti halnya ngebug , macet , eror ,dan lain sebagainya khususnya di wilayah sampit, Kalimantan Tengah dan untuk survei kali ini aku sangat puas dengan hasilnyaâ˜ºï¸ untuk teman2 pastikan hp teman2 dalam kondisi normal jika terdapat sampah atau file apk yg tidak berguna segera di hapus jika tidak ini akan menghambat kondisi hp dan jaringan yg tidak stabil."",netral"
"Pengguna Google,""Jumlah input karakter nik untuk login kurang 1 , sehingga nik yg diinput/diketik tidak akan komplit bagaimanapun caranya. Ini entah disengaja biar gada yg login dulu atau ada kesalahan nulis script kodenya ya ðŸ˜… ?"",negatif"
"Pengguna Google,""Sebaiknya disempurnakan tidak hanya sebatas informasi,akan tetapi di tambahkan fitur pelaporan SPT yang lebih mudah/lebih sederhana dari versi web. Karena info perpajakan bisa dengan mudah didapatkan,akan tetapi pelayanan dalam hal pelaporan SPT ini dari dahulu yang selalu sulit .terimakasih"",netral"
"Pengguna Google,""Aplikasi pemerintah memang gak punya kualitas, waktu limit kode verivikasi untuk EFIN 10 menit, tapi kodenya dikirim saat waktunya sudah habis. Memang agak lain aplikasi yang dimiliki pemerintah Indonesia ini"",negatif"
"Pengguna Google,""aplikasi gak membantu banget. mau daftar, mau laporan pajak aja susah nya minta ampun. di wa gak membantu banget. tidak ada sosialisasi pencerahan perpindahan ke coretax. RIBET. GAK GUNA. HABISIN ANGGARAN DOANG. MASYARAKAT KECEWA!"",negatif"
"Pengguna Google,""Hati hati sekali ! untuk para masyarakat , modus penipuan mengatasnamakan DJP , modus nya mengatasnamakan pensiunan orang tua , ( sy garis bawahi bukan aplikasi ini ya ) sangat rapih sekali operasinya. Mereka menghubungi melalui via wa dan telpon biasa mengatasnamakan DJP dan rekeningnya atas nama pribadi. pemerintah mohon untuk tidak keras pelaku pelaku seperti itu. semoga bermanfaat untuk semua nya . terimakasih.( ini berdasarkan apa yg sy alami)"",negatif"
Pengguna Google,pembuatan akun melalui Web nya parah banget.. udah sesuai Semua dan koneksi saya bagus ke refresh terus ! bikin PULSA HABIS KARENA UDAH 3 KALI KODE OTP MULU .. GILIRAN SEMUA SELSAI TINGGAL AJUKAN PERMOHONAN LOADING REFRESH SENDIRI.! PERCUMA DONG KATANYA BISA DAFTAR ONLINE TAPI AKHIRNYA KUDU KE KANTOR PAJAK JUGA !,negatif
"Pengguna Google,""Aplikasi lemot, Fitur chat pajak yang merespon hanya bot, Ketika ingin terhubung hanya menerima notif bahwa kendala jaringan sedangkan normal, Kendala dari kalian dan aplikasi kalian itu"",negatif"
"Pengguna Google,""Sumpah ini aplikasi ga guna sama sekali, program pemerintah ko ga ada yg bener ya, masa mau verifikasi aja lama banget sampe berjam2, giliran udah ditunggu kodenya udah ga berlaku karena lama dikirimnya, padahal gaji udah dipotong pajak, masa pelayanannya begini, kalah sama yg swasta yg notabenenya ga dibiayain dari pemerintah. Udah gaji dipotong, trus harus lapor pajak, tapi pelayanan pajak malah begini."",negatif"
"Pengguna Google,""Udah setahun lebih, ini aplikasi masih aja problem di bagian verifikasi pengecekan EFIN,( buka pake hp ga bisa di scroll gak bisa di apa apain jadinya stuck ga bisa minta verifikasi mau di kirim kemana) Gada niat buat benerin kah??"",negatif"
"Pengguna Google,""Tempo hari ditelpon orang DJP disuruh install ini tp Google Play nya dinonaktifkan dulu dan menu aksesibilitas aplikasi M-Pajak di halaman setting harus dinyalakan. Efeknya, m-banking saya ndak bisa dibuka (memu aksesibilitas harus nonaktif semua supaya aplikasi m-banking bisa dibuka). Karena m-banking lebih penting, jd saya nonaktifkan aksesibilitas nya M-Pajak. Eh besoknya aplikasi M-Pajak nya terhapus sendiri karena sistem mendeteksi """"sumber aplikasi tidak valid"""" ðŸ¤£ðŸ¤£"",netral"
"Pengguna Google,""Kalo bisa di menu awal beranda setelah log in ,langsung terlihat total penerimaan pajak seluruh rakyat .dan itu selalu update secara sistem otomatis tiap ada pembayaran pajak masuk dr rakyat . Biar transparan !rakyat tau brapa sihh penerimaan pajak negara ini."",netral"
"Pengguna Google,""Benar benar menyusahkan Rakyat aplikasi ga berguna ini,nyusahin rakyat tiap sekali verifikasi lama + kita harus cepat cepat masukin effin kalo tidak tidak bisa masuk lebih dari 20 menit padahal kita rakyat nunggu bisa sampe 3 jam an untuk dapet code"",negatif"
"Pengguna Google,""baru siang melakukan pembaruan NPWP di kantor pajak, sdh selesai,ganti password jd sdh, masuk lewat WEB sukses...eh pas donlot APK ini malah gk bisa login,coba lg lwt web berhasil login, coba lg nih aplikasi ttp aja gk bisa login...emang ampas nih aplikasi, klo gk bisa bkin aplikasi mending gk usah boss,malu maluin aja"",negatif"
"Pengguna Google,""Agak aneh sih dgn aplikasi dari lembaga yang anggarannya luar biasa. Mau Lapor SPT bolak balik liat menu justru gak ada menu Lapor di aplikasi ini. Ujung2 nya dari browser baru bisa. Jadi apalah guna aplikasi klu lebih lancar gunakannya di browser??? Ditunggu perbaikannya,,,. Supaya ratingnya bisa saya perbaiki."",negatif"
"Pengguna Google,""Mengajukan lupa EFIN, sudah ngisi syarat2nya, katanya dikirim lewat email, tapi sampai sekarang nggak ada email masuk. Chat lewat Live Chat juga respon bertele2. Mau tertib kok susah amat."",negatif"
"Pengguna Google,""Kenapa pelaporan harus mandiri? Udh aja otomatis pak kendala aplikasinya error mulu tiap pelaporan, mohon sistemnya pelaporan secara otomatis saja karena mempersulit jatuhnya kan tiap bulan pajak ada data toh pastinya yang disimpan sekelas pemerintah ini masa harus ada pelaporan lagi, apalagi ini web dan aplikasi sering error tiap tahun karena penggunaan overload"",negatif"
"Pengguna Google,""Tolong diperbaiki lg!!!! aplikasinya sangat buruk, Nge bug teruss ga jelas, kode otp ditungguin ga masuk"""" Rata"""" emg pada bintang 1 karena emg bener apknya sgt payahh dan buriqq, sebenernya mau kasih bintang 0 Ga usah download drpd emosi"",negatif"
"Pengguna Google,""Praktis dan banyak menu menarik. Bisa melihat kantor pajak terdekat sesuai lokasi kita saat ini, bisa akses kalkulator pajak, lupa EFIN, buat kode billing, update aturan terbaru, dan sebagainya. Yuks, unduh aplikasinya untuk layanan pajak yang makin praktis."",positif"
"Pengguna Google,""Ini mreka ngapain sih? Katanya mau d buat era digital, tp live chat aja g ada yg on. D keterangan ada setiap hari kerja jam 8 udah start. Tp nyatanya nihil. Malas yg ter organisir. Ngrusak fasilitas publik. Uda d pajakin, d persulit."",negatif"
"Pengguna Google,""Aplikasi Hao Hao... sekelas Pengelola Pajak negara ...tak becus ngelola Aplikasi yg di butuhkan masyarakat... bagaimana masyarakat mau bayar pajak dengan tepat... Fasilitas yg anda buat sangat rumit ,,,dan membuat susah masyarakat banyak...padahal rakyat sudah bayar pajak,kalian suruh lagi lapor, sudah mau melapor kalian buat susah lagi"",negatif"
Pengguna Google,Itu login nya di perbaiki.. Ya tidak bisa masuk wong mau kasih masuk nomer NIK hilang satu angkanya. Mau diketik tambahin angka tidak bisa,negatif
"Pengguna Google,""Mau masuk aja sulit nya minta ampun , mau buat laporan spt aja sulit nya minta ampun, udah masukin NPWP dan pasword nya salah mulu, minta kode EFIN aja di suruh melengkapi data lagi. Waktu pendaftaran NPWP kn sudah lengkap, aneh"",negatif"
Pengguna Google,Sebenarnya sangat memudahkan tapi perlu diperhatikan hal2 berikut: 1. Mengapa tdk langsung sinkron antara aplikasi dengan versi web? 2. Mengapa kita buat billing tdk dapat dilihat kembali histori nya maupun cetak ulang?,netral
"Pengguna Google,""Gak bisa login, dgn keterangan NPWP atau Kata sandi yang anda masukkan tidak sesuai. Aneh, padahal lewat web bisa login.. dah coba berkali tetap saja gak bisa login.."",negatif"
"Pengguna Google,""Hati hati ini aplikasi pishing, aplikasi penipuan jgan di download atau di install, Logika saja instansi pemerintah yang bisa dibilang banyak uang kok aplikasi kayak gini Djp , tidak bermutu.. Sekali lagi INI APLIKASI PENUPU JANGAN DI DOWNLOAD/INSTALL!!! Terima kasih,"",negatif"
"Pengguna Google,""Ini saya mau daftar kok gak bisa bisa ya ,gak ada fiturnya gak jelas, saya mau daftar malah minta nomor efin saya kan mau daftar bukan login gimana sih minta nomor efin malah kekantor terus ngapain buat online"",negatif"
"Pengguna Google,""Biar di respon sama pihak IT nye. Ini aplikasi kurang membantu sekarang, jadi serba susah. Tolong dong perbaiki lagi. Kalo memang masih maintenance. Beri pemberitahuan. Dan tolong pihak terkain kalian Aktif Respon Kritikan masyarakat jangan diem aja."",negatif"
"Pengguna Google,""mau log in aja susah, katanya akun sudah ada, tp saya blum pernah bikin, dan lg pas mau kata sandi disuruh masukin nomor hp dan email yg terdaftar, tp yang daftarin ngg tau siapa ngasal... hah ini kekny ada yg hack data saya y"",negatif"
"Pengguna Google,""Aplikasi gak guna sumpah.. Para pejabat pajak buang uang cuma buat hal gak bisa dimanfaatkan.. Mereka cuma asal buat untuk menunjukkan indikator kinerja telah dilakukan, sudah berinovasi.. Tapi ndak ada manfaatnya sama sekali"",negatif"
"Pengguna Google,""Hati2 penipuan a/n djp disuruh download aplikasi kemudian masuk ke aplikasi yg proses cuma verifikasi2 doang. Nanti ada kode otp, mereka minta untuk aktivasi & semua saldo di ATM akan habis"",negatif"
Pengguna Google,Aplikasi gak guna!! Gini negara mau maju darimana?? Pajak aja di gedein tapi pelayanan ruwet! Pengen lapor lewat online biar hemat waktu tapi malah muter-muter aja kayak kentut!,negatif
"Pengguna Google,""mau heran tapi aplikasi bikinan negara udah pasti kek gini, aneh masa gaada perbaikan dari tahun lalu, pw udah bener nomer npwp/nik sudah benar kok masih gabisa login. apa apa kok harus ke kantor gunanya aplikasi ya biar lebih efisien"",netral"
"Pengguna Google,""Emang bener di komentar kalau aplikasi ini mempersulit, pas saya coba emang mempersulit, data sudah lengkap, punya negara kok gini sistem nya, kemana uang kami bukan nya bekerja dengan benar malah asal asalan"",negatif"
"Pengguna Google,""Mengapa aplikasi ini jadi tidak bisa di buka via browser.. Niat hati ingin Registrasi dan dapat login. Akan tetapi respons nya selalu terjadi kesalahan.. Sudah 2 hari ini. Sebelum nya baik"""" saja.. Mohon di perhatikan, Terima kasih"",netral"
"Pengguna Google,""Aplikasi maupun web pemerintah selalu saja jelek, lemot, ribet, beda dengan milik swasta sat set sat set tambah mau menyampaikan kritik namun webnya tidak bisa disubmit."",negatif"
"Pengguna Google,""Ini gimana mau login aja susah,padahal sudah d masukkan dengan benar npwp dan paswort,tp tetap saja nggak bisa login & salah terus"",negatif"
"Pengguna Google,""Kode verikfikasi tidak terkirim kirim, baik ke e-mail maupun ke sms, sudah saya cek ke spam juga tidak masuk, pulsa nomor saya juga tidak 0. Saya ulang 2 kali masih juga ga terkirim."",negatif"
Pengguna Google,Aplikasi tidak beres orang masuk kirim kirim kode verifikasi ke email orang masuk di bilang kode salah ? Di ulangi begitu lagi kalau salah napai mengirim kode salah ke email ?,negatif
"Pengguna Google,""Nomer NPWP sudah sesuai,efin sudah berhasil diperbaharui,tapi buat login keterangan selalu erorr sistem...hihhh... aplikasi kurang bermanfaat"",negatif"
"Pengguna Google,""Mempersulit ,mau login harus verifikasi kode yg dikirim lewat email ,pas kita minta ,kode dikirim nya telat selalu ,jadi pas masukan kode link udah kadaluarsa Aplikasi sangat jelek"",negatif"
"Pengguna Google,""aplikasi ini sangat ndak jelas, saya rasa kalah sama situs slot yang menyediakan menu daftar, malah di aplikasi pemerintahan seperti ini tidak ada menu daftarnya lawakkkk #indonesia gelap"",negatif"
"Pengguna Google,""Email sudah benar tapi tidak ada otp yg dikirim terus, pake nomer hp malah gangguan terus, aplikasinya mempersulit sekali"",negatif"
Pengguna Google,Saya udah muter-muter buka aplikasi maupun di web tetap gak bisa. Katanya akun di blokir padahal baru saja di buat. Ini gimana ceritanya saya mau urus NPWP kok gak bisa.ðŸ™„,negatif
"Pengguna Google,""Begitu masuk akun langsung eror tdk bisa dibuka, aneh ya masa tidak bisa buat aplikasi yg bagus? Dengan dana yg besar seharusnya mudah. Apa perlu di outsourcing ke swasta saja?"",netral"
"Pengguna Google,""Beberapa bulan saat mau bayar pajak tidak bisa, selalu tertulis undefined. Mulai dari awal tahun kemarin. Tahun sblumnya masih aman2 aja. Tp smpai skrng tdk ada perbaikan."",netral"
"Pengguna Google,""Di aplikasi disebut efin sudah terkirim di email, tapi setelah di cek di email ng ada, mungkin lemot aja tapi udah ditunggu 1/2 hari blum juga masuk bagimana ini..."",negatif"
Pengguna Google,developer nya keliatan banget ni aplikasi ..sengaja mempersulit orang yg mw daftar ...stelah isi data mw ke selanjutnya eh tombol nya di umpetin ...PEMERINTAHAN EMANG SELALU BEGITU ..,negatif
"Pengguna Google,""Tadinya dah berburuk sangka rating nya jelek mau download ragu tapi pas dicoba bisa cepet malah. Gak seribet atau seproblematik yang orang2 ulas sebelumnya, mungkin udah ada perbaikan yaa, semoga terus upgrade biar masyarakat gak ngeluh"",negatif"
"Pengguna Google,""Kebiasaan kalo aplikasi pemerintah. Ga ada yang bener. Di website bisa login, di aplikasi malah ga bisa. Orang mah kalo niat mempermudah, di atur dulu sistemnya, di cek dulu alurnya, di mantepin dulu servernya baru di publish. Masyarakat di paksain buat punya NPWP, tapi sistem ga siap. Gimana coba. ? Blog"",negatif"
"Pengguna Google,""pelayanan online kurang memuaskan, aplikasi sering error dan tidak bisa digunakan.banyak kolom diisi sesuai data tp tidak bisa terdeteksi. mohon diperbaiki lg untuk pelayanan online."",negatif"
Pengguna Google,ribet amat mau buat npwp masa harus di suruh sesuai yang di ktp berarti harus pulkam nyusahin orang yang merantau aja padahal cuma aktivasi akun untuk gmail dan no hp harus pulkam dulu baru terus walapun ada surat domisili tetap harus sesuai di ktp lawak jadi harus pulkam dulu baru layanin baru di bilang npwp pindah ke tempat perantau bener-bener ribet dan di persulitkan.,negatif
"Pengguna Google,""Aplikasi sampah, sudah pernah daftar online, pakai data yang sama selalu gagal log in, alasan nomer tidak sesuai, error atau apalah. Salah satu tutorial mempersulit hidup, yaitu aplikasi ini."",negatif"
Pengguna Google,betul banget aplikasi error. kenapa gak bisa login padahal nik/ npwp password sudah benar. selalu username tidak ditemukan. pake versi web juga sama saja error,negatif
Pengguna Google,aplikasi sangat tidak berguna pengajuan lupa efin selalu sistem gangguan dan live chat ya selalu sibuk dan tidak ada respon sama sekali aplikasi sangat tidak berguna mending di hapus aja,negatif
"Pengguna Google,""*pastikan email anda adalah email yang selalu anda gunakan* ku masukin email ku*email yg anda gunakan sudah pernah terdaftar*. Kapan aku daftarnya? Pas di coba pake email lama ku berhasil masuk sampe tahap 3. LAMA BANGET! Di tungguin entah berapa jam, malah balik lagi ke awal. Dan sekarang gak bisa masuk!"",negatif"
"Pengguna Google,""Apk/webnya gak jelas mau daftar bikin npwp kga bisa bisa ribet pula, fungsinya serba online itu mempermudah bukan mempersulit, developernya ngambil dari mana kali sekelas bumn loh ini!"",negatif"
"Pengguna Google,""kocak, aplikasi buat pajak crash force close. pajak masyarakat gunakan lah buat perbaikan penyempurnaan pelayanan masyarakat. kita masyarakat wajib bayar pajak, tapi aplikasi nya begini??? ga bisa dipake."",negatif"
"Pengguna Google,""Logout sekali utk ganti akun pajak, malah gk bisa login disemua akun. Nonor NPWP dan kata sandi sudah dicek berkali-kali, tapi tetap salah"",netral"
"Pengguna Google,""Sdah ada komentar yg negatif,nggak berbenah juga aplikasi, banyak yg bayar pajak aplikasi juga unfaedah!!! Ada yg sulit kenapa dipermudah,aplikasi dibuat dengan anggaran negara juga nggak bisa mempermudah"",netral"
Pengguna Google,Gimana lah ngirim kode vefikasi kok ya lambat terus .. saya pikir sudah ada perubahan tau nya masih saja.. Pokok nya klo laporan pajak saya bermasalah gara2 ini.. aplikasi ini akan kami viral kan.. Bulan puasa bikin emosi saja,negatif
"Pengguna Google,""Aktifasi efin sudah saya kirim, kenapa lama betul balasan emailnya.. Selambat itu kah kerjanya, saya butuh efin saya untuk login, buat laporan pajak tahunan, hapus aja system begini, nyusain"",negatif"
Pengguna Google,Mau bayar pajak susah sekali .. buang buang waktu malah makin ribet pake djp onlinenya.. banyak pertanyaan ini itu yg sulit dimengerti kita org biasa ..hadehhh,negatif
"Pengguna Google,""Emang yah, aplikasi atau situs sekelas instansi besar di negara kita itu ga keurus, selain rentan kena hack, situs atau webnya ga responsif.. dikit dikit relaunch, error.. apaan dah."",negatif"
"Pengguna Google,""Heran sy sdh ada aplikasi tp mengapa kl mau laporan masih harus lewat google/crome, Kl effin lupa tdk ada solusi mudahnya untuk memdapatkan effin. Aplikasi terlalu ribet Mau laporan saja ribet bgt. Tolong perbaiki agar rakyat lebih mudah untuk laporan. Trima kasihðŸ™"",netral"
"Pengguna Google,""jangan nerima duit setoran pajak aja, perbaiki system web/aplikasinya. jaman digital masih lemot aja. verifikasi data sampai numpuk code otp. alhasil tidak bisa di masukkan."",negatif"
"Pengguna Google,""Saya gak komen tentang aplikasinya karena sudah terwakili oleh semua, sengaja saya scroll ke bawah baca ulasan sampai tahun lalu. Kok sepertinya gak ada satu pun respon dari admin ya ? Sekian"",netral"
"Pengguna Google,""kenapa sih aplikasi pemeringah tp begini, masa nggak bisa bikin aplikasi bagus,, lemot banget asli, buruk banget, bayaar pajak mahal tp aplikasi nya tidak berfungsi dengan baik kek gni, sama sekali tidak membantu"",negatif"
"Pengguna Google,""Apa apa an. Mau masuk dg NPWP dan password yang sesuai, malah gagal untuk masuk. Sampai bolak balik reset password, tetep aja gk bisa masuk"",negatif"
"Pengguna Google,""mau lihat NPWP aja ribet,mau bayar pajak ribet,apa2 dibuat ribet alias mulek...aplikasi ruwet...indonesia gelap gulita,aplikasi pemerintah kok kayak gini buat daftar saja gak bisa,di indonesia banyak orang pintar tp pintar itu...tau sendirikan?!"",negatif"
"Pengguna Google,""Aplikasi paling gak guna, niat hati biar semua serba mudah malah makin susah dan menyebalkan, karena harus berkali kali mencoba tapi gagal terus buang buang kuota aja"",negatif"
"Pengguna Google,""Mohon untuk membalas email lebih cepat, karena batas verifikasi 9menit sedangkan membalas email lebih dari 1 jam, pas kode verifikasi sudah masuk langsung kadaluarsa"",negatif"
"Pengguna Google,""Mau buat EFIN, tp verifikasi gagal terus, padahal data yang diminta sudah bener semua. Gimana bisa lancar bayar pajak klo begjni, hal spele bgini aja dipersulit."",negatif"
Pengguna Google,Aplikasi ga guna! Minta lupa efin ribet banget! Upload an gagal??? periksa jaringan internet??? Internet gw stabil aelaahhh. Buat sosmed an lancar. Apk nya aja yg jelek.,negatif
Pengguna Google,Mau masuk login aja susah banget. Minta kode ferifikasi lewat email gak di kirimi. Gantian selang minta kode ferifikasi ke dua Yang pertama baru muncul. Akhirnya kan kode kadaluarsa. Gak bisa buat login. Minta kode lagi yang ketiga. Yanng kedua bari di kasih. Gitu teros sampe minta kode ferifikasi 10 kali. Ngapaiin coba gitu aja di persulit.. Mohon segera di follow up nya Sat set,negatif
"Pengguna Google,""Tiap tahun mau lapor pajak pasti ada-ada sistemnya tidak efisien, dibuat ribet tiap tahun gonta-ganti sistem, tapi tetap saja mempersulit untuk lapor pajak!!! Gak usah gonta-ganti tampilan perbaiki dulu sistemnya biar mempermudah orang,, karena gak semua orang paham lapor pajak ginian!!!"",negatif"
"Pengguna Google,""Selesai verifikasi, mau login kenapa username dan password salah. Padahal udah cek berkali kali tetap aja salah juga. Solusi nya tolong terimakasih."",netral"
"Pengguna Google,""""""Tidak bisa melanjutkan validasi data"""" Saya kira tujuan adanya aplikasi sbg mempermudah registrasi, ternyata semakin mempersulit kondisi. Payah sekali huuuhhhh....."",negatif"
"Pengguna Google,""Download aplikasi ini krn lupa efin, kirain bakal segampang video sosialisasi nya, ternyata aplikasi nya gak siap. Verifikasi NIK gagal terus. Coba input lagi sampe 6 kali tetep aja gagal. Aneh banget, terus buat apa bikin aplikasi begini yah"",negatif"
Pengguna Google,Halo admin. Saya sudah isi form lengkap untuk mendapatkan npwp pribadi namun sampai kini tidak ada kelanjutan. Saya coba login app disuruh nik/npwp. Lalu saya coba isi nik saja. Namun kolom isian Mash kurang lengkap 1 digit. Aneh banget app milik negara kok seperti ini. Erroor atau kurang biaya Tah?,negatif
Pengguna Google,ga bisa daftar ðŸ¤£ðŸ˜‚ðŸ˜‚ lucu,negatif
"Pengguna Google,""Masa iya sih dirjen pajak gak mampu hire pengembang yg profesional, ini aplikasi benar2 buruk, cuma bisa lihat2 menu doang, giliran input data hasilnya zonk, bahkan untuk login saja gak bisa, mendingan di takedown saja deh dari playstore."",negatif"
Pengguna Google,masyarakat jangan dibuat terlambat mendaftar ataupun memperbaiki data nya dong min...aplikasinya saja tidak dimantenance dgn bagus karena saat memverifikasi untuk efin lupa nomor HP selalu dianggap gagal oleh apknya... tolong perbaiki bug nya...saat mengisi biodata karena lupa EFIN selalu FC terus...,negatif
"Pengguna Google,""Waktu login error terus,, padahal nomor dan password nya udah bener,, heran,, tapi kalau masuk di website bisa login,, cuman di apk ini aja ga bisa.."",negatif"
"Pengguna Google,""Lebih mudah daftar ML. Miris banget di web error, di apk error, sinyal padahal bagus, tapi selalu error."",negatif"
"Pengguna Google,""Ga pantes dikasih bintang aslii deh . Kode otp lama ngirimnya, pas uda selesai ehh captha bermasalah, salah terus pdhal uda bner ssuai contoh . Akhirnya minta otp lg dan itu ngabisin pulsa gw anj!! Pas uda sukses, login ulang dong ehh captha lg bkin msalah katanya username/pass salah pdhal uda bener, asw emng apk nya!!"",negatif"
"Pengguna Google,""Gimana ini, stlh masukkan NPWP lupa kata sandi, lalu disuruh masukkan EFIN, pdhl EFIN jg lupa. Ketika masuk melalui menu EFIN krn lupa EFIN dan setelah memasukkan data diri sesuai E-KTP malah Verifikasi Gagal, aneh. Ribet banget sihh"",negatif"
Pengguna Google,Gua sampe 4 x bikin aku google tetap tidak bisa ya segala reques otp nya ngk ada masuk pesan nya trus pas kita mau bikin lagi pakai aku yg lain no hp nya ngk bisa lagi hadeh di aplikasi bukan nya mempermudah jadi memper sulit apalagi pas jaringan nya buruk,negatif
"Pengguna Google,""Aplikasi paling tolol sedunia. Email udah bener, ngirim 3 kali sampe kepotong pulsanya buat menerima pesan 500 perak/sms nomor efin masih tetep belum masuk. Isinya lahan basah semua korupsi no 1,perbaiki aplikasi pelayanan masyarakat terakhir"",negatif"
"Pengguna Google,""Beberapa kali verifikasi Efin Gagal terus, aplikasi ga guna.. Mau jadi warga yg baik aja dipersulit.. Live chat nya juga sama selalu sedang sibuk.. UjungÂ² nya harus datang langsung ke kantor.. Payah!!!!"",negatif"
"Pengguna Google,""Kode verifikasi lama banget munculnya, 4jam kemudian baru muncul. Kirain eror doang, ternyata dicoba berkali2 tetep delay. Aneh"",negatif"
"Pengguna Google,""Lupa E-FIN dan sudah masukkan data dengan benar tapi pas submit data ada notif error """"verifikasi gagal"""" tidak bisa mengirim data. Kapan diperbaiki aplikasinya??"",negatif"
"Pengguna Google,""Aplikasi gak jelas, mau login gak bisa, karakter limit utk NPWP/NIK. Selalu gagal login karena NPWP/NIK tidak bisa ditulis dengan lengkap,, wkwkwk anehh anehh"",negatif"
"Pengguna Google,""Aplikasi pemerintah emang selalu gagalðŸ˜“ Udah lebih dari 5 kali ngirim OTP, udah ditunggu lama tapi gak masuk masuk. Percuma ada aplikasi kalo emang masih bikin ribet."",negatif"
"Pengguna Google,""Buruk banget, Baru bikin akun npwp otp susah, udh bisa bikin npwp ga bisa masuk akunnya, Password salah lah, d reset bbrpa kali tetep gabisa, d cek npwpnya tidak terdaftar, ga ngerti sistemnya gmna, ganiat bikin online ini sih mempersulit bukan mempermudah"",negatif"
"Pengguna Google,""sangat ribet,aplikasi ini gak sinkron dengan pengaturan protec bawaan hp.seperti aplikasi ilegal saja,bener bener ribet gagal terus masuknya."",negatif"
"Pengguna Google,""Kirim kode aktivasinya terlalu lama, disarankan lebih baik tidak perlu menggunakan kode aktivasi kalau begini. Bikin lama menunggu, kalau terlalu lama nanti aplikasi keburu minta refresh. Lalu minta kirim kode aktivasi lagi. Begitu terus"",negatif"
"Pengguna Google,""Kalo bisa aplikasinya dihapus aja gak guna sumpah,minta verifikasi buat efin pas udah diisi malah kodenya salah,begitu aja trus,tolong lah ini bukan mempermudah malah menyusahkan."",negatif"
"Pengguna Google,""Kembangin dulu ni system parah, masa provider 3 gak bisa, yakali harus beli kartu baru buat daftar. Mau dapat otp dari mana eyy. Haaa Indonesia ku ðŸ¥° seperti biasa ngurus apa-apa susah institusi web pemerintah"",negatif"
"Pengguna Google,""aplikasi gajelas. dipikir nya kita2 ni punya byk waktu buat mampir ke kantor pajak ? online tujuannya biar enak, eh aplikasi nya jelek. kalo ga lapor, dikenakan denda ?! salahin lah aplikasi kalian knp jelek. huh. kalo pake link internet biasa, haduuh ribet dan ga mudeng. pdhl enak bgt kalo log in pake effin dan no npwp gtu lhooo, ga repot. lagian nomor npwp kan pasti setiap org beda ya ?"",negatif"
"Pengguna Google,""tidak bisa login, padahal npwp dan password sudah benar. sebab. saya coba di web itu bisa, nah ketika saya coba di aplikasi ini selalu muncul notif bahwa npwp atau email salah, dan itu tidak 1 2 kali,"",negatif"
Pengguna Google,Lupa efin aja error terus aneh padahal data sudah sesuai dan di cek berulang kali masih belum bisa diproses. Di cek lg dan perbaikan lg bag dan erorr server atau service API,negatif
"Pengguna Google,""ribet,aplikasi ini .bolak balik gak ad solusi"",negatif"
"Pengguna Google,""Untuk Dapat Nomor Efin aja Lambat, Tolong Diperbaiki Aplikasinya, padahal Sinyal 5g lancar bitrate gede. Terima Kasih."",negatif"
Pengguna Google,aplikasi jelekkkkkkk... mau daftar aja susah..,negatif
"Pengguna Google,""Mending manual datang k kantor pajak, pulang tinggal nunggu kartu fisik npwp, dari pada online tpi tidak berguna, daftar selalu gagal.. mau meng onlinekan npwp lama fisik) pun susah.. sedangkan zaman skrg mesti login k aplikasi dlu"",netral"
Pengguna Google,tidak bisa verifikasi nomor telpon,negatif
"Pengguna Google,""Mau aktifkan akun kok minta nomor EFIN dari kantor pajak,ribet amat sih,baru saya temui aplikasi mobile kayak gini,,gmn mau pakek aplikasi ini kalo dipersulit,percuma juga Krn harus ke kantor pajak,knp gak sekalian aja downloadnya juga wajib pakek wifi kantor pajak aja,"",negatif"
Pengguna Google,kita mau jadi rakyat yang taat bayar pajak tapi mau daftar online susahnya minta ampun muter2 gak selwsau selsai ada saja yang menyebut gagal apa lagi aplikasi ini harusnya ada link kusus bagi pengguna baru untul melakukan pendaftaran,negatif
Pengguna Google,jelek bangat gak bisa membantu ujung ujungnya ke kantor pajak,negatif
"Pengguna Google,""Mau login susah nya minta ampun. Kode verifikasi via email gak nongol2. Pas emailnya masuk, apps nya ngereset mulai dri awal, jdi ngirim kode lagi. Gtu aja terus sampe 2045"",negatif"
"Pengguna Google,""aplikasi tolol sudah verifikasi akun kirim SMS ga masuk2 parah2,buang2 pulsa karbit"",negatif"
"Pengguna Google,""Kenapa saya tidak bisa login di apk ini, saya sudah klik lupa pasword dan sudah saya masukkan no npwp, efin dan kode keamanan setelah submit malah di suruh ngisi ulang ðŸ˜¡"",negatif"
"Pengguna Google,""Susah login terus, sampe2 pernah ke kantor cabangnya ke cs buat minta bantuan udah bisa login waktu itu. Sekarang dicoba beberapa lagi tetep gak bisa login"",negatif"
Pengguna Google,App sangat buruk selalu error ketika login. Tolong la perbaiki agar kita bisa akses app dengan lebih mudah,negatif
"Pengguna Google,""Kemarin belum update benerin efin, dikirim lewat sms, ga di kirim. Sekarang update galal verifikasi terus. Dana begitu banyak ngurusin aplikasi ga becus."",negatif"
"Pengguna Google,""Bagus ,mudah kok gk ribet ribet amat,daftar online sampe kartu sampe di tangan lancar tanpa hambatan,tapi suka kesel sama ni aplikasi,suka log out sendiri.untuk efin juga cuma tinggal email aja,efin di kirim ke kita dalam bentuk file pdf,semuanya di urus secara online dari daftar sampe tuntas,the best menurut ku soalnya kita gk perlu ke kantor lagi,yg ngeluh mungkin cuma kurang paham aja."",netral"
Pengguna Google,Terimakasih DJP sudah memberikan aplikasi yang mudah diakses. Login menggunakan npwp dan pass djponline. Apabila belum pernah aktivasi djponline.pajak.go.id dimohon segera ke KPP ataupun lewat medsos KPP ataupun lewat admin whatsapp. Mudah bgt! Senengnya sekarang aku gampang bikin billing dan ga repot-repot. Terus diaplikasi ini ingetin aku tenggat waktu pelaporan dan pembayaran. Terus diaplikasi ini ad catatan dan record pembuatan billing aku. Bingung2 silahkan hub wa helpdesk KPP. Thankyouuu!,netral
"Pengguna Google,""apk tampilan bagus,tapi fitur minus,bantuan sok sibuk semua,mau lapor pajak gak ada menunya,malah lewat web lebih baik,warga taat pajak,tpi dampak taat pajak minim dirasakan,malah org pajak yg merasakan."",netral"
"Pengguna Google,""Inikah aplikasi negara yang amburadul, masa mau ligin aja gak bisa, no npwp dan pswd sdh benar, daftar ulang katanya npwp sdh ada, ubah pswd sudah, terahir minta email aktivasi sudah aktif juga, gitu login lg d aplikasi katanya npwp n pswd salah. Aplikasi apaan ini? Gak guna"",negatif"
"Pengguna Google,""Parah, g bisa login gw, padahal NPWP terdaftar di kpp dan password sudah bener, masi aja salah... Mohon ditingkatkan lagi kualitas aplikasi nya, malu, sekelas aplikasi plat merah malah jelek begini bosss..."",negatif"
Pengguna Google,Saya mau bayar pajak. Tapi masih sulit. Gak bayar saya di tagih. Mohon di buat simpel saja. Kaya login ke Facebook.. Kalau lupa efin atau belum punya efin. Bisa langsung lewat aplikasi. Gak usah repot datang ke kantor. Aplikasinya udah Oke. Cuma caranya aja masih sulit. Tolong segera di tambahkan saran saya. Supaya saya bayar pajak. Tak perlu datang ke kantor. Ngambil efin doang. Terimakasih.,negatif
Pengguna Google,Sumpah yh saya sudah minta aktivasi email berkali kali ga ada yg masuk bikin kunjunga pajak setiap klik tanggal nya selalu ga bisa eror balik ke semula apa lagi dateng langsung ga bisa trus gua harus gmn npwp nya,negatif
"Pengguna Google,""ga ada menu lupa pasword nya, tolong it program nya agar dj buat menu lupa pasword. apk menyusahkan kan bkn membantu"",negatif"
Pengguna Google,Proses masuk nya suguh sungguh harus paham dan harus mengerti di pelajari yang benar dan teliti Alhamdulillah akhirnya bisa masuk menjadi pengguna baru NPWP terimakasih atas bantuannya para suhu2 yg sudah me ngasih Tao caranya sukses selalu buat kalian yg blum bisa masuk,netral
"Pengguna Google,""Sy menyimpan catatan penghasilan di aplikasi ini, tapi kemarin sy buka kok catatannya hilang semua, sy cek yg bulan sebelumnya juga hilang semua."",netral"
"Pengguna Google,""Ga ngerti aplikasi djp online yg baru ini fungsinya buat apa. Biar bisa bayar pajak online? Mohon maaf nih ya, 80% pekerja di Indonesia yg bayar pajak hanyalah karyawan suatu pabrik/perusahaan, itu juga otomatis dipotong gaji, jd ga akan bayar sendiri, kita cuma tinggal LAPOR. Masih mending applikasi yg lama, kita bisa isi e-filling buat pelaporan pajak di app-nya. Info Kantor KPP terdekat juga buat apa coba? toh klo ke kantornya kita disuruh online kok. Untung app yg lama blm aku hapus."",negatif"
Pengguna Google,Saya di suruh lapor SPT tahunan tapi kantor pajak jauh dari lokasi saya & saya coba lewat online dan ternyata Setelah saya coba & coba lagi untuk kesekian kalinya saya tetap tidak bisa login pada aplikasi DJP. Entah apa salah Dan dosaku,negatif
Pengguna Google,mau urus no efin lupa tp udah isi data komplit tdk kunjung dapat kode verivikasi pdhl email dan nomer tlpn sesuai yg di daftarkan. tolonglah klu bikin apk itu yg bener sempurna baru di gunakan jgn kek gini bikin emosi aja,negatif
Pengguna Google,Aplikasi yang dibuat pemerintah kenapa sih selalu jelek dan bukan memberi solusi tapi semakin memperumit hidup. Kesel banget enggak aplikasi ini enggak aplikasi sebelah juga yang ujung-ujungnya dibuat muter-muter.,negatif
"Pengguna Google,""saya sudah buat NPWP pribadi lewat web coretax awal 25 lalu, nah saat mau cek pajak lewat web DJP ternyata harus punya EFIN dulu. Download aplikasi ini supaya mudah buat secara online, tapi ternyata setelah dibuka pembuatan EFIN di bagian kolom NPWP hanya tersedia 15karakter aja, dahlah ada yg sulit kenapa harus gampang. Mohon untuk para pemangku kepentingan, aplikasi atau web itu cukup 1saja dan terpusat."",negatif"
"Pengguna Google,""Tolong dimatengin aplikasinya!! Kita anak muda yang biasa verifikasi apa-apa gampang, harus bantu orang tua buat ngisi ginian. Bisa-bisanya data baru selsai diisi, verifikasi langsung gagal. Ini yang anak muda ngisi aja emosi, kalok orang tua yang gaptek ngisi sendiri ya udah emosi sampe nangis mungkin."",negatif"
"Pengguna Google,""Daftar pajak email aktivasi sudah, ehh pas nerima kode otp no hp ngga muncul udah 4jam nungguin trus dan ulang ulang di coba tetap sama tidak ada otp hadeh memperuslit aja"",negatif"
"Pengguna Google,""Uang pajak rakyat yang banyak itu kemana aja? Seharusnya uang pajak rakyat itu sisihin juga buat memperbaiki aplikasi ini coy, bukan buat masuk kantong pribadi kalian. Sekelas pemerintahan pajak yakali aplikasinya busuk kek gini! Aplikasi busuk"",negatif"
"Pengguna Google,""niat bikin aplikasi kagak sih? kalo males bikin aplikasi mending di hapus dari play store aja, buat apa aplikasi kek gini di buat kalo gak ada gunanya mau login aja gak bisa katanya ussername atau pasword salah padahal itu bener kocak, aplikasi sampah"",negatif"
"Pengguna Google,""Tolong Aplikasi diperbaiki lagi, ini sudah tahun 2024 semua serba modern harusnya diupgrade lebih baik agar tidak macet dan lag, Aplikasi fungsi seharusnya untuk mempermudah bukan untuk mempersulit"",negatif"
Pengguna Google,Gak bisa login padahal npwp dan password sudah benar... mau bt E-billing...nanti jika sudah bisa login akan di tambahin lagi * nya...,negatif
Pengguna Google,jelek aplikasinya. developer nya terbaru buru tanpa QA. menu masukin otp ngebug. terus kode generate nya muncul di atas tombol verifikasi,negatif
"Pengguna Google,""Tolong pak website nya di benerin masa nerima kode opt nya lama banget trus waktu berlaku kode optnya cuman 10 menit, sedangkan kode opt nya masuk lebih lama dari 10 menit. Ini gimana sih."",netral"
"Pengguna Google,""Maaf ini email baru buat tapi kok katanya sudah pernah mendaftar ?, ke kantor pajak katanya suruh online , aplikasinya aja seperti ini gimana mau online , saat ini bintang 1 dulu karena aplikasinya sangat mempersulit untuk orang awam"",negatif"
"Pengguna Google,""seru baca di situsnya banyak berita saham sama dividen dan THR juga, uda kayak baca koran, aplikasinya juga cocok kayak namanya dengan fitur canggih dan biaya mahal bisa lihat map"",negatif"
"Pengguna Google,""Tidak bisa memproses permintaan kode EFIN, katanya jaringan eror, padahal baik2 aja jaringan. Tolong di bantu perbaikannya"",negatif"
"Pengguna Google,""password dan email benar tapi nunggu kode verifikasi by email lama parah bangettt, udah lewat lama pas nanti dimasukin kodenya udah expired.... huuuuu kgk pernah di maintenance atau tidak ada yang care aplikasi ini"",negatif"
"Pengguna Google,""web gajelas. aplikasi sulit untuk login, penyelesaian atur ulang sandi tidak ada. mau live chat juga gak bisa, walaupun ada opsi tulis tapi gak bisa dilanjut, mengecewakan. web maupun apk instansi pemerintah tapi kalah sama swasta. payah."",negatif"
Pengguna Google,Ini aplikasi apa Cuma bisa ke menu utama live chat cuma launding parahh Ini aplikasi resmi atau bukan Hadehh padahal menunya sangat sederhana tapi saat di klik gak bisa di buka,netral
"Pengguna Google,""Aplikasi pemerintah payah Masak mau lapor pajak tiba2 alamat email saya berubah sendiri Terus datang ke kantor pajak, pegawai bilang error dr pusat dan banyak alamat email yg berubah sendiri dan tidak bisa untuk pelayanan lapor pajak Terus kita mau lapor pajak bagaimana??? Kalo kita gak lapor kena denda tapi sistemnya kayak begini Sudah ketahuan gimana bobroknya pemerintah dan instansi yang seperti ini"",negatif"
"Pengguna Google,""tolong diperbaiki dong, mau login udah masukin kode verifikasi dari email keterangannya salah mulu udah request 8x kode verif ga ada yg bisa dipake login."",negatif"
Pengguna Google,Saya baru aja menggunakan aplikasi ini dan sudah daftar kenapa pas mau login selalu salah unsernamenya padahal jelas saya sudah benar sangat tidak membantu,negatif
"Pengguna Google,""aplikasi apaan ga membantu sama sekali, mau pengajuan Efin sudah ngisi data foto wajah ehh """"terdapat kesalahan pada sistem kami Mulu"""" udah coba di 2 hari sama aja gitu Mulu... niat ga si bantu warga nihh mau bener juga di persulit..."",negatif"
"Pengguna Google,""Dunia sudah serba digital kok apa-apa harus ke kantor, bagaimana kalo yg tinggal di daerah akses ke kantor membutuhkan waktu 4-5 jam. Cuma sekedar minta aktivasi EFIN harus datang ke kantor. Terus apa gunanya aplikasi ini bukannya bertujuan untuk memudahkan. Kacau."",negatif"
"Pengguna Google,""bukan mempermudah, malah nyusahin masa kita mau bikin aku tidak ada validnya sama sekali."",negatif"
"Pengguna Google,""untuk masuk akun pakai NIK masih blm bisa, 1 digit terakhir nik tidak bisa masuk. Mohon segera perbaikannya, demi kenyamanan bersama. terimakasih"",netral"
"Pengguna Google,""situs lemot, lama terbuka walau pakai jaringan wifi kuat, 2. cs/pengaduan/chat/gmail semuanya lemot balasnya kayak gak ada orang sama sekali, dikatain kotor ya gak respon wkwk"",negatif"
"Pengguna Google,""Verifikasi gagal terus pulsa kepotong terus padahal kode otpnya sudah benar tapi gagal terus,kalo ga bisa bikin aplikasi mending gak usah di buat Buang2 anggaran aja"",negatif"
"Pengguna Google,""hampir semua orang yang download aplikasi ini kasih rate 1* aja. penasaran dan saya install sendiri dan benar saja masuk ke akun DJP saya (sebelum migrasi ke coretax) selalu salah passward atau user name. dan tidak ada fasilitas bantuan yang menjelaskan. hanya tertulis code eror....emang kita wajib pajak harus serumit ini buat setor pajak.... kalian para pejabat ga ada otak mempersulit kami yang mau taat pajak. itu buat apa pegawai kalian yang banyak, mending dateng ke rumah kami aja"",negatif"
"Pengguna Google,""Ngirim kode verifikasinya lama bgt ðŸ˜­ðŸ˜­ðŸ˜­, lebih dari 2 jam, sekalinya kode udah dikirim aplikasinya logout harus diulang dari awal, udah dimasukin kode verifikasinya salah hedeh"",negatif"
"Pengguna Google,""Kenapa untuk mendapatkan kode verifikasi email lambat sekali, sudah berapa kali ulang tetap lambat, padahal sudah pakai WiFi, super lemot,"",negatif"
"Pengguna Google,""Setlh update, Nama alamat tdk bisa diisi. Sebelum update, jenis setoran yg gak muncul. Aplikasi jelek banget. Mohon segera diperbaiki."",negatif"
"Pengguna Google,""Pembuatan npwp ribet, live chat percuma tdk befungsi alias tidak bisa di klik. Kalau mau bikin apk online persiapkan yg matang."",netral"
"Pengguna Google,""sangat tidak rekomendasi, mau jdi orang taat pajak di persulit, mendingan gak usah bayar pajak lebih enak hahahahaha...."",negatif"
"Pengguna Google,""Kode token lewat email gak muncul, lewat SMS baru bisa muncul, tapi tombol verifikasi gak bisa di tekan..."",negatif"
"Pengguna Google,""aplikasi departemen korup , jadi gini sistemnya kacau semua padahal no. efin no. NPWP sudah saya simpan dan sandinya jg tapi tetap tidak bisa masuk"",negatif"
"Pengguna Google,""Budget anggaran untuk maintenance aplikasinini gede banget tapi aplikasinya tidak berfungsi dengan baik, Kalau belum siap dengan layanan online jangan bikin aplikasi deh, hemat anggaran"",negatif"
Pengguna Google,Tidak ada riwayat pembayaran ya???. Saya mau screen shoot buat lapor SPT. Jika di browser chorme juga tidak bisa muncul keterangan tidak di temukan. Tolong dong perbaiki dengan baik,negatif
"Pengguna Google,""aplikasinya sudah bagus, namun untuk mendapatkan efin, nomer NPWP nya masih 15 digit, padahal di tahun ini yang baru buat NPWP, nomernya ada 16 digit, jadi tidak bisa di masukkan nomor nya"",negatif"
Pengguna Google,Aplikasi paling bodoh ini lupa password masukan efin lupa efin kirim ke nomor HP untuk verifikasi yang jadi masalah nomor HP ganti lupa bagaimana... Dibolak balik aja kamu pikir dong nomor efin itu panjang mau daftar keterangan nya sudah daftar... Bodoh nih aplikasi kasih akses yang mudah donk Lupa efin kasih pilihan melalui email atau no HP karena e-mail lebih mudah dan ga gampang hilang Jngan diputer-puter diefin pasword no HP Bodoh banget sih kamu bikin aplikasi bikin pusing,negatif
Pengguna Google,Pemerintah ini gmna ya. Padahal kan jg uang pajak banyak. Masak aplikasi Website nya g jelas gini. Kan harusnya pelayan di bagusin ya. Berapa sih buat Website dan aplikasi yg bagus. Bukan korupsi nya d gedein.,netral
"Pengguna Google,""Kok verifikasi aku gagal terus, Kalau mau aplikasi ini lancar,cara kerjanya jgn di persulit Mulai dari nama, sampai yg di perlukan sudah semua,dan sudah di pastikan ga ada kesalahan,tapi verifikasi gagal terus ðŸ˜¡ðŸ˜¡ðŸ˜¡ðŸ˜¡ðŸ˜¡ðŸ˜¡ðŸ˜¡ðŸ˜¡ðŸ˜¡ðŸ‘¹ðŸ‘¹ðŸ‘¹ðŸ‘¹ðŸ‘¹ðŸ‘¹ðŸ‘¹ðŸ‘¹ðŸ‘¹ðŸ‘¹ðŸ‘¹ðŸ‘¹ðŸ‘¹ðŸ‘¹"",negatif"
"Pengguna Google,""Suruh bikin npwp tp aplikasi bobrok...udah gonta""""i provider ternyata yg gabisa emang apk.nya...Udah banyak complain tp gak diperbaiki ini gimana"",negatif"
Pengguna Google,Ribet mau daftar NPWP susah .. padahal buat gaji Luh juga dari rakyat.. mau Daftar notif email sudah terdaftar pas di coba login notif nya sudah terdaftar bingung jadinya ..,negatif
"Pengguna Google,""paling heran gw, ini kenapa ya masukin email dibilang tdk sesuai, no juga tidak sesuai padahal udah bener, mmg aplikasinya ga bener ni, ngeselin!"",negatif"
Pengguna Google,Apk perpajakan kok kaya gini ya? gak ada solusi nya percuma gak bisa ngebantu atasi permasalahan. tolong perbaiki system apk dan maupun web nya!,negatif
Pengguna Google,gak guna emang mau masuk error terus mau ganti pasword gak bisa kalo gak ada gunanya buat aplikasi tu manfaatnya apa ? kerja kok gak bener kalo perkara duit aja cepet geraknya giliran perbaikan aplikasi aja gak bisa,negatif
Pengguna Google,daftar gk visa dengan alasan sudah terdaftar. tapi login juga gk bisa dengan alasan username tidak ditemukan l. layanan pemerintah indo sungguh menyusahkan rakyat.,negatif
"Pengguna Google,""terlalu ribet, bikin npwp aja sampe berapa halaman, heran bukannya hal"""" begini dipermudah apalagi banyak juga ya gaptek malah diribetin"",negatif"
"Pengguna Google,""gak bisa login, udah dicoba berkali-kali tpi tetep gk bisa juga, padahal aku udah melakukan aktifasi akun di website coretax."",negatif"
"Pengguna Google,""enggk jelas,harusnya kalau udah online jadi gampang ini malah ribet,aktivasi di google oke login di apknya gk bisa ganti yang bagusan kek apknya"",negatif"
"Pengguna Google,""Aplikasi Paling Buruk, padahal ini punya pemerintah, bikin npwp aja di persulit padahal untuk bayar pajak, parah bangettt kacauuuuuu!!!!!!!!!!!!!!"",negatif"
Pengguna Google,klu bkin aplikasi itu yg mudah di gunakan jika ingin mempermudah layann .... jngan memepersulit....,negatif
Pengguna Google,gagal login terus padahal sudah benar tolong di perbaiki apps nya nanti saya kasih bintang 5 kalo sudah di perbaiki,negatif
"Pengguna Google,""Layanan pemerintah dimanaÂ² pasti buruk 1.sim dipersulit, digiring untuk nembak 2. Semua aplikasi plat merah mayoritas bad 3. Pajak, untuk pendapatan saja seperti ini aplikasinya ðŸ˜ž 4. Apa semua yang berbasis layanan diserahkan ke suasta saja"",negatif"
"Pengguna Google,""dear djpx format npwp terbaru sama dgn nomor nik, tapi di app buat terbitkan nomor efin, bagian npwp cuma 15 digit. Tolong diubah jadi 16 digit ya."",netral"
"Pengguna Google,""udah dikirim detail alamat kok tetep salah itu gimana eror Mulu websitenya tolong diperbaiki, mau buat npwp kok dipersulit ini gimana coba"",negatif"
"Pengguna Google,""Udaa mah daftar di website dipersulit ehh pas mau masuk apk gabisa, kenapa sih mo website/apk pemerintah tuh bermasalah Mulu."",negatif"
"Pengguna Google,""ini npwp terbaru ada 16 digit, ini kenapa nggak bisa? yang diinput cuma bisa 15 angka tinggal 1 aja gak bisa diinput. alhasil npwp gak terdeteksi. Tolong segera dievaluasi"",netral"
Pengguna Google,Lupa password juga bingung harus gimana? Gak ada menu lupa password. Di website juga bingung. Harus ada kode EFIN. Kenapa org yg mau bayar pajak aja sulit ya ðŸ˜‚ðŸ˜‚ wakanda emang bgini,netral
"Pengguna Google,""Gunanya livechat diweb dan diaplikasi pajangan doangkah? Untuk diakses susah amat live chatnya. Koneksi terputus mulu. Coretax susah diakses lagi, mau daftar malah nik sudah diduplikasi mulu"",negatif"
Pengguna Google,aplikasi tidak berguna sebelumnya sudah mendaftar tidak ada email balasan mencoba mendaftar lagi kartu provider harus axis menyusahkan orang aja kalau ga bisa buat aplikasi mending tidak usah,negatif
"Pengguna Google,""Data udh benar dan lengkap tp selalu gagal verifikasi, pajak adalah amanah bukan bercandaan. Tolong dipermudah untuk rakyat kesulitan login dengen keperluan laporan pajak."",negatif"
Pengguna Google,apliksi apa ini. efin aja ngurus nya susah banget .. ribet .. perpajakan tolong lebih di permudah agar yang mau bayar pajak nyaman dan cepat clear ..,negatif
"Pengguna Google,""Payah GK bisa login dikantor sudah aktif dan bisa digunakan tapi diaplikasi nya GK bisa apa"""" dan login akun NPWP yg terdaftar dikata salah ulangi kembali padahal sudah sesuai yg didaftarkan dikpp"",negatif"
Pengguna Google,Pasti yang membuat aplikasi ini orang nya pakai kacamata punya sifat pelit tidak suka membantu dan kalau sudah tua sering sakit-sakitan menderita aplikasi gak guna sulit login mutar2 terus.,negatif
"Pengguna Google,""Pelayanan yg terlalu ribet dan ribet ,sistem nya gak baik dan gak bagus. Live chat jg gak membantu gak ada solusi. Mau taat pajak aj harus ribet Terlalu ber belit belit"",negatif"
"Pengguna Google,""Sepertinya pliksi mupun web berguna atau berfungsi klo di dalam gedung pajaknya deh, solnya email sma pass yang aku masukkan ydah bener bgt gak salah tpi tertera salah. Wkwkwk"",negatif"
"Pengguna Google,""emg bagus sih, tpi knpa sudah verifikasi email, setelah 1 bulan email rubah sendiri dan harus ke kantor lgi untuk verifikasi email kembali, klo begitu kn cape bolak blik ke kantor untuk perbaikan email."",negatif"
"Pengguna Google,""baru juga mau daftar, ngisi alamat email pertama kali keterangan chaptcha salah. ulangi lagi yg kedua, keterangan email sudah pernah digunakan ðŸ˜‚ðŸ¤£ðŸ˜‚ seharusnya semua serba online itu semakin di permudah"",negatif"
"Pengguna Google,""Tolong di perbaiki, saya mau bikin efin, namun ketika tahap input kode otp, saya tidak menerima kode otp nya dari sms ataupun wa."",negatif"
"Pengguna Google,""gak bisa masuk asum buang2 baterai daya 100 persen jadi 60 lgsung mbulet ke google gmail chrome ke djp lagi, ke chrome google web bisa masuk,apk nya sendiri gak bisa, malah dipersulit terus, telek lah"",negatif"
"Pengguna Google,""Semoga ke depannya ada fitur lapor SPT 1770 sehingga baik karyawan/ pengusaha bisa lapor lewat handphone masing-masing. Terkoneksi dengan layanan uang digital sehingga billing terbentuk bisa langsung dibayar tanpa perlu pindah ke platform aplikasi lain. Agar slogan """"pajak dalam genggaman"""" jadi nyata. Amiin."",netral"
"Pengguna Google,""Mau login di kirim kode verifikasi 2 langkah ke email kita yang terdaftar. Tapi,kodenya akan masuk ke email setelah berjam-jam nunggunya."",negatif"
"Pengguna Google,""Jadi jelek dang gak guna karena nggak bisa dipakai. Masih mending dulu, walaupun harus ribet berulang kali login kalau mau pake. Berharap pembenahan tapi kayaknya mustahil. Terlihat dari rating yang nggak sampai 3."",negatif"
"Pengguna Google,""ORANG PAJAK TOLONG DI BACA...!!!aplikasi apa bukanya bikin mudah malah bikin susah,selalu saja kesalahan sistem.."",negatif"
"Pengguna Google,""Perpindahan antar menu saat di klik memerlukan setidaknya 2-3 detik untuk ditampilkan, harusnya aplikasi ini gk lolos ujicoba pas mau launching,melakukan pendaftaran / lainnya kenapa harus pindah ke via website? Terus fungsi aplikasi ini buat apaan? Buat di putar, di jilat, di bakar kantor pajaknya? Itu dana gede kemanain? Bukannya upgrade kualitas manusia, malah di pake beli Rubicon, nyewa LC, nikah lagi sama LC,elu nagih pajak puluhan tahun dan jutaan warga, masa bikin aplikasi model Majapahit"",negatif"
"Pengguna Google,""Kenapa setiap abis isi formulir selalu masalah server ? Capek ngulang trs, bagus nya emang gausah bayar pajak udaah .. Mau daftar online aja susah nyaa.."",negatif"
"Pengguna Google,""Tolonglah buat login knp harus min ta efin kan sdh ada nomer npwp knp harus dibikin ribet kita ini pekerja klo ke kpp hrs ini otomatis gaji juga d potong,permudah buat daftar"",negatif"
"Pengguna Google,""aplikasi busuk. mau bayar pajak aja ribetnya persyaratannya ribet banget handphone model SMS yg aktif, udah ga jaman pake SMS. pake wa lah . tolll banget ygbikin persyaratan,"",negatif"
Pengguna Google,Sangat tidak membantu aplikasinya.tolong di perbaiki lagi...susah login padahal kata sandi benar. Susah aktivasi efin juga..,negatif
"Pengguna Google,""Mohon utk diperbaiki lagi aplikasi nya, karena utk proses verifikasi lupa efin sangat susah, saya sudah mencoba berulang kali tetap tidak bisa padahal datanya sudah benar"",negatif"
"Pengguna Google,""Bagaimana cara lapor pajak dari apk ini? Saya login di web tidak bisa, tulisannya : alamat email sudah dipakai pengguna lain (ia kan saya yg pakai!!!) Mau lapor dari Mpajak gak ada pilihannya, jangan dipersulitlah!!!!"",negatif"
"Pengguna Google,""Pendaftarannya terlalu merepotkan, niat mo bayar pajak, jadi males, garaÂ² pendaftaran yng bertele-tele, kenapa semuanya gk bisa di urus secara online saja."",negatif"
"Pengguna Google,""aplikasinya kok gajelas ya, saya sudah masukkan kode verif dari email 10 kali lebih tapi tulisannya salah terus, gimana sih cara loginnya"",negatif"
"Pengguna Google,""Fitur nya gak sekomplit versi web, dimnaa tidak ada ubah profil alamat email, dan nomor hp, terus klo bisa pekerjaan bisa diubah juga denga verifikasi E-KTP."",netral"
Pengguna Google,Pelayanan Payah . gw udah selese daftar NPWP tahap dua dan dan setelah itu ada notif chack Link aktifasi di email tapi pesannya gk muncul2 di email. kan T...,negatif
Pengguna Google,fungsinya aplikasi buat apa sih? minimal ada fitur buat perbatui nomer hp/email.. masa ya tiap taun harus lapor pajak tapi gak dikasih fitur pembaruan data,netral
"Pengguna Google,""Kenapa ya aplikasi ini setiap mau minta kode verifikasi selalu lama masuknya ke email sampai sampai waktu nya habis,jdi susah kalau mau minta efin secara online"",negatif"
Pengguna Google,lumayan bagus dan mudah,positif
"Pengguna Google,""indonesia dengan segala regulasinya yang ruwet padahal mah yang mau bayar pajak banyak cuma caranya yg bikin ruwet itu bikin complicated, bayangin kalo ada mereka yg usaha, tapi yang gaptek. ease lah jangan kaya gini birokrasinya !!!!!"",negatif"
"Pengguna Google,""aplikasi gak guna, gak jelas,error muluu..payah"",negatif"
"Pengguna Google,""ORANG MAU DI PAJAKI PUN DI PERSULIT, APLIKASI BANYAK MASALAH"",negatif"
"Pengguna Google,""Jujur makin gk jelas nih apk,,"",negatif"
Pengguna Google,sangat membatu para karyawan untuk simpanan di masa pra kerja,positif
"Pengguna Google,""Daftar online aja di persulit, kode Verifikasi Nomer telfon tidak pernah dikirimkan gimana mau lanjut langkah nya waktu pendaftaran"",negatif"
Pengguna Google,MAU LAPOR PAJAK AJA SUSAH BENER JELEK PELAYANAN NYA,negatif
Pengguna Google,apk eror terus login susah nya setengah mati,negatif
Pengguna Google,aplikasi tidak ramah lemot,negatif
"Pengguna Google,""Payah mau minta EFIN. Udah pengajuan detil pengisiannya dicoba berulangkali tetap aja Gagal ferifikasi ..Aneh! Ini system pemerintah tapi aplikasinya payah bgt, lalu kerja kalian apa? Kukira dipermudah ternyata diPERSULIT!"",negatif"
"Pengguna Google,""Harusnya mempermudah, tapi ini justru mempersulit. Kenapa susah sekali login, padahal sudah jelas benar email sama paswordnya"",negatif"
Pengguna Google,ayo lah ini udah 2026 aplikasi masih aja busuk,negatif
Pengguna Google,aplikasi yg sangat tidak membantu,negatif
"Pengguna Google,""aplikasi tolol, ðŸ¶ ribet gedeg bet dah kaga jelas"",negatif"
"Pengguna Google,""Terjadi kesalahan mulu, payah"",negatif"
"Pengguna Google,""Untuk pembuatan ebiling Tidak bisa di gunakan, di klik jenis pajak dan jenis setoran tidak mau muncul pilihan. Yg bisa di di isi hanya tahun, biaya dan keterangan ."",negatif"
"Pengguna Google,""Aplikasi busuk, cuma bikin habis anggaran saja. Orang mo daftar harus pake efin, orang lupa kata sandi harus pake efin. Giliran mo buat efin juga di persusah, niat buat aplikasi supaya mempermudah malah bikin susah saja"",negatif"
"Pengguna Google,""aplikasi nggak jelas,situs logout mulu"",negatif"
Pengguna Google,aplikasi sangat tidak berguna,negatif
"Pengguna Google,""buruk, ngambil duit rakyat cepet, aplikasi minus"",negatif"
Pengguna Google,cepat dan lengkap,positif
Pengguna Google,diperbaikin dong pelayanannya,negatif
"Pengguna Google,""klo blm mampu melayani masyarakat untuk lapor pajak tahunan , yaa gausa launching aplikasi klo ujung"""" nya ke kantor KPP."",negatif"
Pengguna Google,pulsa habis otp ga nyampe hadeuh,negatif
Pengguna Google,ampas banget login aja susah,negatif
"Pengguna Google,""kagak membantu sama sekali anjay, hari tanggal 22 September 2025 ane daftar pajak via web dari jam 8 pagi sampai jam 12 siang belum masuk juga tu kode verifikasi email-nya n cokk, udah gw spam beribu beribu kali kagak keluar keluar tu email-nya dan sampe ane ganti email dan terus balik ke email awal malah ngak muncul juga, pindah ke apk sama aja anjay kagak membantu, jadi males aja gw bayar pajak jadinya"",negatif"
Pengguna Google,Aplikasi bapuk login susah,negatif
Pengguna Google,sangat membantu aplikasi ini,positif
"Pengguna Google,""payah aplikasinya, gagal terus, mau ajukan efin susahnya minta ampun. gagal2 terus padahal data yg di isi sudah benar."",negatif"
"Pengguna Google,""Apk gk guna.. Pengguna baru. Daftar disini nya gk bisa di klik. mau tau kode EFIN aja ribet banget prasaan lebih dari 10x saya coba.. Jawaban nya undefined terus. Kalo toh ke kantor pajak, untuk apa guna nya APK ini. Kalo kantor pajak dekat dr lokasi kita tak apa.. Ini jauhnya bukan ðŸ˜¡ðŸ˜¡ðŸ˜¡"",negatif"
Pengguna Google,aktivis akun aja susahnya minta ampuuuuuuuunnnnnn,negatif
Pengguna Google,Ada layanan live chat yg disediakan waktu 5 detik untuk mengetik tpi isian mengetik tidak bisa di klik. Sangat tidak berguna aplikasinya,negatif
"Pengguna Google,""Ini aplikasi belum epektif apa gmn ya,kok sy tinggl upload foto ja susahnya minta ampun,mungkin dah berpuluh puluh x ni sy coba error terus,,gimana ini???ðŸ¤¦ðŸ¿ðŸ¤”"",negatif"
"Pengguna Google,""wihh gamenya bagus sangat mengedukasi bayi usia 2 bulan lebih 28 tahun, kalo bisa tambahin fitur auto reload sama gacha karakter, perbanyak skin senjata dan perluas mapnya ðŸ¤ thnk u"",netral"
"Pengguna Google,""Ini aplikasi DJP versi android untuk apa yaa,? ga ada menu lapor spt nya, mau lihat historis juga ga bisa, mau ganti no nik jadi no npwp juga ga bisa !"",negatif"
"Pengguna Google,""buset dah masih menggunakan teknik jadul, verifikasi lewat SMS yang dibebankan kepada penerima. padahal bisa lewat wa yang gratis"",negatif"
Pengguna Google,kami setiap thn sllu aktik bayar pajak,netral
Pengguna Google,Saya mau vertifikasi efin sulit bener dan chatnya jg jaringan putus Lapnya padahal sinyal bagus... saran saja lebih dicermati utk online supaya lebih mudah lagi... ðŸ™,negatif
Pengguna Google,Ni ya buat pengembang coretax klo gbsa ngatasi masalah bug dll gausah sok2an jadi pengembang aplksi deh sini gua aja yg gantiin kl mmng gbsa ini untk negara loh!! Bukan aplikasi game ya!!,negatif
"Pengguna Google,""Aplikasi yg tidak pantas untuk di kasih ranting.mau login susah,chat ke Cs sama susah,gimana mau laporan pajak kalo aplikasinya seperti ini, Menu LUPA PASSWORD juga gk adaðŸ‘ŽðŸ‘ŽðŸ‘ŽðŸ‘ŽðŸ‘ŽðŸ‘Ž"",netral"
"Pengguna Google,""Appnya ga bisa dibuka, tertulis Fatal Error JS Function segala macem. Disuruh update tapi pas dicek ko ga ada tulisan Update"",negatif"
Pengguna Google,Mau login malah mau masukin verifikasi eh yg di kirim ke email trs ini aplikasi kg gw log out masuk lagi malah balik ke awal lagi terus aje gitu terus sampe gw pusing ðŸ˜ ,negatif
Pengguna Google,Semisal di percepat respon nya... Penerimaan negara pasti naek... Sistm nya tolong dunk... Cuman muser doang... Live chat nya juga nggk fungsi.. Tiba2 end sendiri... Belum juga tnya..,netral
Pengguna Google,Mau update data ke nik.. dipilihan lupa efin nunggu verifikasi nulis 10x gagal terus.. mau bayar pajak aja ribet banget ya.. kalo nggak bayar pajak kita yang disalahin,negatif
"Pengguna Google,""Bagi yang belum daftar NPWP sebaiknya jangan sekali-kali mendaftar, apalagi kalau cuma sekedar cari pekerjaan atau berharap gajian dari Facebook, nanti bakal terikat dengan wajib lapor SPT meskipun penghasilan zonk harus datang langsung ke kantor, APP dan websitenya sampah."",negatif"
"Pengguna Google,""Aplikasi mobile dan webnya bermasalah mulu, untuk aplikasi mobile kirim verif kode lama sampai harus di spam, untuk aplikasi webnya selalu habis session harus login, tolong perbaiki, ini aplikasi mobile dan web, habisin berapa M ?"",negatif"
"Pengguna Google,""susah bener masuk ke aplikasi, email verifikasi nya gak ada, padahal diaplikasi ada notif """"kode verifikasi sudah dikirim ke email"""" , bahkan di spam juga gak ada, emang butuh waktu berapa lama ya buat kirim email kode verifikasinya?"",negatif"
"Pengguna Google,""Sudah beberapa kali meminta kembali kode verifikasi yg dikirim lewat email, smpai sekarang tidak masuk juga pesannya, sdh dicek dispam dan folder lainnya juga tidak ada."",negatif"
Pengguna Google,aplikasi aneh sering eror,negatif
"Pengguna Google,""enggak bisa login, mau di isi informasi akun yg benar juga tetap enggak bisa login, coba pakai cara password juga situsnya enggak bisa di akses, aplikasi apaan ini"",negatif"
Pengguna Google,Saya juga tidak bisa login password dan nomor NPWP sudah benar. Gimana ini solusinya?? Aplikasinya sama sekali tidak membantu,negatif
"Pengguna Google,""kenapa eror terus, saya udah berapa kali ngulang, dan 1 kali udah tahap konfirmasi tapi loadingnya nya lama, tolong mohon diperbaiki"",negatif"
Pengguna Google,kenapa tak bisa lapor spt melalui aplikasi ini???,negatif
Pengguna Google,Tolong pegawai pajak untuk memperbaiki sistem aplikasi maupun administrasinya agar lebih efisien. Kalau sudah diperbaiki & jadi lebih baik saya bintang 5.,netral
Pengguna Google,Ada aplikasi harusnya bisa daftar via aplikasi malah ngga bisa aplikasi cuman buat login aja. Bukan tambah gampang malah tambah ribet,negatif
Pengguna Google,Mohon maaf aplikasi setiap mau daftar kenapa tidak bisa masuk data sudah di kirim dan benar semua kenapa masih error dan gagal terus verifikasi mohon di benarkan,negatif
Pengguna Google,lebih dari 10 menit namun pascode tak kunjung masuk ke email. susahnya lapor pajak :(((((((((( SEMUA APLIKASI YG DIKELOLA PEMERINTAH KENAPA SI PADA PAYAH???,negatif
Pengguna Google,kalo ujung2nya harus ke kantor pajak kenapa harus ada Kata PAJAK ONLINE. Pemerintah kalo bikin program aplikasi bukannya meringankan malah membingungkan!!!,negatif
"Pengguna Google,""Pindah kpp juga ujung2nya di suruh ke lokasi, jdi ya siq2 kuota & waktu, tlg sediakan dana dan otak kalo buat aplikasi, jdi biar simple org byr pajak."",negatif"
Pengguna Google,Bagaimna Sih Ini aplikasi 1500200 untuk tanya solusi mau terhubung dengan Call Center malah cukup potong pulsa langsung dikasih mati...kalian niat kerja tidak.. kita minta bantuan ko susa sekali,negatif
"Pengguna Google,""Orang mau lapor aja susahnya minta ampun, masuk web juga gk masuk2, lantaran verifikasi gak masuk2, via email maupun no telp. Pake aplikasi sama saja, mau lapor aja seneng banget nyusahin rakyat.."",negatif"
Pengguna Google,versi terbaru mempersulit pengguna untuk lapor perpajakan tlg di kembalikan saja ke versi lama itu lebih mudah karna menu yg di perlukan muncul semua,negatif
"Pengguna Google,""saya mau daftar efin tapi setelah angka verifikasi keluar dan saya masukkan tidak kunjung menyala tombol verifikasi kodenya. kok jadi ribet bener ya,, mau lapor pajak saja kok ribet gini"",negatif"
Pengguna Google,Aplikasi tidak berjalan. Pake wifi pake data pake hostpot sudah dicoba. Capecape ngisi data malah ga kebaca. Buruk Sekali,negatif
"Pengguna Google,""Sangat buruk sekali saya mau daftar sudah di bagian verivikasi tidak bisa di klik sama sekali,tolong perbaiki sistem nya"",negatif"
Pengguna Google,Selalu eror saat login berkali-kali meskipun sudah memasukkan kode verifikasi yang dikirim lewat email. Sangat merugikan.,negatif
Pengguna Google,aplikasi gak berguna anggaran besar tapi hasil nol mau login email malah ganti sendiri ke email lama padahal udah update verifikasi lewat no hp tri gak masuk2 smsnya parahh,negatif
Pengguna Google,Untuk buat npwp aja susah. Aplikasi nya ngga jelas banget. Live chat nya ngaco ngapain dibuat kalau ngga bisa ngebantu.,negatif
Pengguna Google,Tambah ribet bikin pelaporan,negatif
Pengguna Google,Pas liat ulasan dan rating sempet bikin overthinking krn aku lupa EFIN tapi akhirnya tetep coba download ternyata aplikasinya gak seburuk yg ditulis di ulasan. Mudah & lancar pas digunakan cepet juga dapetin EFIN-nya & langsung dikirim ke email. Tingkatkan terus & semoga semakin baik aplikasinya supaya orangÂ² makin mudah menggunakannya. Terima kasih,netral
"Pengguna Google,""Setiap mau verifikasi wajah selalu gagal, trs suruh foto pas muka dilingkaran, dah pas tapi gagal aja,pdhl data dah sesuai. Tolong perbaiki lagi"",negatif"
"Pengguna Google,""suruh masukin nomor npwp, padahal nik saya sudah jadi nomer npwp,, kalo yg daftar di waktu dulu sih ada nomer npwp nya,, kalo saya bikin di jaman sekarang ga pake nomer npwp melainkan memakai nik,, perbaiki dong sistemnya,,, mau lapor pajak aja di persulit"",negatif"
"Pengguna Google,""aplikasi tergak niatt si ini ,baru aja mau mau daftar tp ngga bisa """" ,boro"""" login apk.nya klik daftar disininya aja ngga ada,"",negatif"
"Pengguna Google,""Konyol, di website error data server tidak bisa save, disini masuk harus pake npwp, aneh. Makanya yang korup2 dikurangin, masa website ga beres semua"",negatif"
Pengguna Google,Aplikasi nggak ada guna. Serba error bahkan websitenya pun juga error. Internet saya udah 100Mbps aja masih error tolol emang,negatif
Pengguna Google,kagak jelas email sama no bener tapi email failed terus kagak jelas,negatif
Pengguna Google,login tdk bisa terus. ubah kata sandi juga tdk bisa.,negatif
Pengguna Google,ga guna.. ga bisa login..,negatif
Pengguna Google,nggak web ga aplikasi sama sama gada yg beres,negatif
Pengguna Google,semakin kesini semakin ga jelas ni apk,negatif
Pengguna Google,parah nih aplikasi masa 2 hari sekali harus di update,negatif
Pengguna Google,aplikasi tersampah yang pernah ada!!!!,negatif
Pengguna Google,mempersulit org. masuk akun aja ribet. perbaiki aplikasi ini. gak jalas,negatif
Pengguna Google,apk eror masih butuh perbaikan,negatif
"Pengguna Google,""apa2an.. registrasi aj susah., login ber'ulang2 ujung2nya gagal...... sini niat mau bayar pajak malah dipersulit prosesnya.. & lgi2 ujung2nya nnti dimasa depan malah kena denda krn ga bayar pajak.!!"",negatif"
"Pengguna Google,""aplikasi jelek, susah untuk verifikasi"",negatif"
Pengguna Google,mau kasi duit ke negara aja susahnyaaaaðŸ«µðŸ»,negatif
Pengguna Google,suruh lapor tp gagal mulu masuknya .hadeuh kudu diaudit nih pa purbaya,negatif
"Pengguna Google,""salah satu aplikasi pemerintah yg nyusahin bgt, toll"",negatif"
Pengguna Google,apk apa ini orang mau buat verifikasi tk bisa memalukan,negatif
"Pengguna Google,""Beneran ini Aplikasi menyusahkan.. Daftar dr aplikasi, dialihkan ke chroome,,eeeh malah gak bukaÂ².. Yg nelpon dr pajak 1 jam 1XðŸ¤£ðŸ¤£ Layanan kaya gini..ðŸ¤¦"",negatif"
Pengguna Google,coretax sangat mempersulit,negatif
"Pengguna Google,""Entah apps apa ni,TDK berguna,minta eefin saja susah x,sudah dpt otp malah ttddk bisa di verifikasiðŸ‘»ðŸ‘»ðŸ‘»,pulsa di kuras, entahlah, kebanyakan tidur dan kebanyakan orang males di siittu.anjritlah"",negatif"
Pengguna Google,susah amat mau login sat,negatif
Pengguna Google,sangat mempersulit lapor pajak,negatif
Pengguna Google,udh 2026 lapor pajak masih kaya zaman purba ribett website sampah mau lapor aja susah bener,negatif
"Pengguna Google,""APLIKASI QONTOL, YANG NGEMIS SIAPA YANG REPOT SIAPA QONTOLLLL"",negatif"
Pengguna Google,aplikasi gak guna malah mempersulit,negatif
"Pengguna Google,""aplikasinya buruk, mending pakai google crome saja"",negatif"
Pengguna Google,udh bayar pajak minta kode OTP aja masih minta pulsa najisss,negatif
Pengguna Google,Aplikasi ini buat apa? Apa sudah dinonaktifkan?,negatif
Pengguna Google,disuruh ganti kata sandi malah verifikasi email gak masuk,negatif
Pengguna Google,aplikasi buruk mau login aja susah .,negatif
"Pengguna Google,""tambah ribet,mau pelaporan SPT tahunan ribet banget"",negatif"
"Pengguna Google,""susah login, dapatin kodeverifikasi aja ribet"",negatif"
"Pengguna Google,""aplikasinya ribet,,g manfaat kayak g niat buat aplikasi"",negatif"
Pengguna Google,Aplikasi gag mutu Tolong ya klo lupa email Seharusnya bisa ganti dengan verifikasi ktp dan wajah. Beres kan Ribet amat. Bayar pajak dipersulit Aplikasi pajak kalah sama aplikasi pinjol,negatif
Pengguna Google,saya tidak bekerja pak. jngan tagih pajak saya dong,netral
"Pengguna Google,""Ini yg ngurus aplikasi kerjanya ngapain aja ya, bug tombol verifikasi otp efin ga bisa di klik, jangan makan gaji buta bro, kerja yang bener, urus aplikasi yang bener"",negatif"
Pengguna Google,orang di suruh lapor pajak malah di persulit,negatif
Pengguna Google,Susah bangat memakai Apl ini,negatif
Pengguna Google,berkali2 coba ga bisa log in,negatif
Pengguna Google,aplikasi bodok ini gak bisa login,negatif
Pengguna Google,mau login ga bisa bisa,negatif
Pengguna Google,susah banget mau log in ðŸ¥¹,negatif
"Pengguna Google,""mau bayar pajak aja sulit sekali, pake gk bisa segala provide tri dan axis. sekala negara padahal . dh gitu APPnya gk bisa di pencet daftarnya"",negatif"
"Pengguna Google,""apk nya sangat membantu masyarakat dan sangat bagus, sangat mudah sekali, klo aku rate dari 1-10 ku kasih -99 sangking bagusnyaðŸ‘ðŸ»"",positif"
Pengguna Google,gk bisa di klik spnya,negatif
Pengguna Google,apk setan tidak jelas mau log in hanya menyusahkan orang,negatif
"Pengguna Google,""Sangat buruk, udah pakai beberapa provider tetap saja lemot, keterangan sandi salah pas klik lupa sandi tidak bisa di klik, tidak ada respon"",negatif"
Pengguna Google,kirim nomer aja gak bisa,negatif
Pengguna Google,sangat sulit di pahami,negatif
Pengguna Google,susah banget verifikasi otp pake no HP,negatif
"Pengguna Google,""email bener pasword bener gagal melulu, menu gak lengkap. perbaiki la kl niat mau buat APK yang dapat membantu orang lain."",negatif"
"Pengguna Google,""Aplikasi terburuk Bukannya mempermudah malah ujung2 nya harus ke kantor pajak nya langsung Karena di web nya banyak bug seperti: Loading saat Validasi lama... Dan nik tidak ditemukan di dukcapil Padahal saya daftar BPJS/buka rekening online lancarÂ² aja ,ni yang buat situsnya kaya GK niat sumpah"",negatif"
"Pengguna Google,""Bayar pajak wajib Fasilitas gak d benerin,.. duit pajak kemana woii bukanya duitnya d pake ngembangin websitenya biar gampang d akses.. orang juga mikir2 ng ikhlasin bayar pajak"",negatif"
Pengguna Google,Kenapa sih tiap buka aplikasi sll aza kluar lg sndr n tulisannya eror.. Tolong donk diperbaharui agar lbh nyaman pake nya Klo udah bagus saya tambahin ya Bintangnya.. Makasih,negatif
"Pengguna Google,""tidak bisa masuk sama sekali, hapus aja aplikasinya, nggak guna sama sekali jadi aplikasi scam doang. ngehabisin waktu, tenaga, pkiran, dan kuota"",negatif"
Pengguna Google,Begitu masuk broser tak mudah untuk melanjutkan validasi data nunggu paket internet hbs x juga masih blm kelar NEGARA INI harus banyak belajar rakyat sudah mau peduli malah masih direpotkan dengan APLIKASI yg masih banyak kurangnya. Mohon dipermudah.......diperbaiki lagi,negatif
"Pengguna Google,""Lupa efin, suruh ngisi data. Sudah ngisi data malah dan tetep gak bisa alhasil ujung ujungnya suruh ke kantor pajak terdekat.... Hemmm"",netral"
Pengguna Google,aplikasi banyak bug,negatif
"Pengguna Google,""Kenapa saya tidak bisa update data di kolom profil,,,? Dengan adanya aturan baru nmr npwp awal nya 15 digit menjadi 16 digit seharusnya aplikasi ini bisa update data secara mandiri, Sekian dan terima kasih"",negatif"
"Pengguna Google,""Mau lihat nomor EFIN karena lupa , udah di suruh foto muka malah gagal terus , aplikasi eror apa gimana ya tolong perbaikannya . HARUS BANYAK DI BENAHI DI PERBAIKI"",negatif"
"Pengguna Google,""Yang anehnya aplikasi ini.. sudah masuk aplikasi trus keluar mau masuk dengan kata sandi yang benar dan no npwp benar,, tapi bilangnya EROR"",negatif"
Pengguna Google,Susah login karna ada otp dikirim ke email... Sementara di email tidak ada terima otp dari mpajak.... Segera benahi...,negatif
"Pengguna Google,""gara-gara APK ini banyak kasus penipuan yang mengatasnamakan dari kantor pajak sampai"""" semuanya data di curi dari HP. NIK ktp , no WA di sadap, foto KTP foto kk di curi, minta no rekening. jadi di ingat ya tmn' kalau ada yng nelpon no tidak di kenal trus minta install M pajak jangan ya kalau gak mau saldo rekening ke bobolan. sekali lagi jangan ya ðŸ‘ðŸ‘"",negatif"
"Pengguna Google,""Aplikasi jamet, lupa password pas selesai mau login ga bisa, ga becus bikin aplikasi padahal dana tumpah2, cape bgt cuman buat login ya allah."",negatif"
"Pengguna Google,""Untuk masuk harus nunggu verifikasi email masuk,nah email-nya untuk dapetin nomer verifikasinya hampir 6jam baru email masuk pas di gunakan ya gak berlaku kode kadaluarsa"",negatif"
"Pengguna Google,""serius? kalian bikin apk tapi masih dialihkan keweb untuk registrasi?. saya sudah lama tidak mengurus NPWP saya,sampai saya lupa dengan PW nya,tapi dipersulit oleh ApK sampah ini,tolong lah yaa kalian giliran duit aja cepat tapi ngurus beginian gak bisa!.kalo bukan karna ni NPWP susah gen z cari kerja dinegara perisis kayak penjara ini sampah!.otak dipake!!."",negatif"
"Pengguna Google,""Kalau bisa bintang kosong ku kasih bintang kosong ini aplikasi, percumah gangguan system terus kebanyakan . . . . . . . .!!!!"",negatif"
"Pengguna Google,""Banyak bug, terlihat app ini dipaksakan dibuat, lucunya app ini adalah app yg mengelola uang kolektif seluruh masyarakat untuk pemasukan negara tapi bikin dan ngurus app segini aja kaga beres, kalah sama app pinjol yg meresahkanðŸ˜‚ðŸ˜‚"",negatif"
"Pengguna Google,""Minta maaf sebelumnya Kak Admin atas bintangnya. Bagaimana ya? Saya ingin tahu kode Efin saya. Semua prosedur dilakukan dengan benar dan ada pemberitahuan bahwa kode Efin sudah dikirim ke e-mail, tapi saat email dilihat sama sekali tidak ada. Tolong apk diperbaiki lagi. Bintangnya akan saya tambah jika apk nya benar-benar membantu. Terima kasih ðŸ™ #Edit MasyaAllah. Keluhan saya sepertinya diterima karena email yg ditunggu sudah datang. Jadi sesuai janji, saya beri bintang 5 Terima kasih Admin."",netral"
"Pengguna Google,""Tolong diperbaiki, susah banget untuk login. Padahal sandi sudah bener tapi tidak bisa login. Mau atur ulang sandi tapi ribet nya minta ampun. Yang serius dong !"",negatif"
"Pengguna Google,""lupa Efin mau liat lagi dari apk malah gabisa bisa pas shoot foto, tiba-tiba keluar gitu gimana sih ini tolong dong di benerin lagi developer nya"",negatif"
Pengguna Google,tidak berguna dihandphone,negatif
"Pengguna Google,""Kacau ini mah, verifikasi nya ga bisa,udah lama nungguin kirain alamat nya yg salah,eh ternyata sistem nya begini, waduh kacau"",negatif"
Pengguna Google,gak niat bikin aplikasi..,negatif
Pengguna Google,aplikasi gak guna buang2 biaya,negatif
"Pengguna Google,""Ribet banget mau balik nama ajb penjual harus ada npwp (mana penjualnya gaptek lagi dah), kode otp gamasuk2, sekalinya masuk otp nya web coretax djp nya lemot banget apalagi pas detail alamat"",negatif"
"Pengguna Google,""Dari awal sudah curiga, ratingnya kok jelek banget. Ternyata iya. Emang aplikasinya gak bisa digunakan. Mau daftar aja gak bisa."",negatif"
"Pengguna Google,""Terima kasih! Sangat memudahkan untuk lapor pajak secara online, meskipun awalnya bingung-bingung, tapi akhirnya berhasil juga ðŸ‘ Satu dari 10 aplikasi pemerintah yang sangat membantu masyarakat sadar pajak ðŸ‘ðŸ‘ðŸ‘"",netral"
"Pengguna Google,""Ini aplikasi bisa di gunakan gak sih, login di DJP Online web masuk. Dipakai di aplikasi ini malah salah terus katanya. Playstore google tolong ini aplikasi crash di hapus saja dari daftar playstore, nyusahin saja ini."",netral"
"Pengguna Google,""ribet,, baru install suruh update dah nunggu 1 jam gx selesai2 updatenya,, mana maksa banget pengupdatetanya , mana gak bisa di kembalikan, bukan mempermudah malah mempersulit,,"",negatif"
"Pengguna Google,""Kode aktivasi dikirim ke email, pas minimize HP liat kode aktivasi terus balik lagi ke apps DJP ngulang dari halaman awal Kan gobs....."",negatif"
"Pengguna Google,""mau buat kode billing aja susah, selalu eror alias kesalahan, padahal sudah sesuai pengisiannya. tidak profesional. padahal mau bayar pajak."",negatif"
"Pengguna Google,""Sebenarnya aplikasinya bagus, membantu dalam pencatatan omset.. tapi data omset yang sudah saya input datanya hilang semua.. bgmn ya?"",netral"
Pengguna Google,Mau isi SPT kok susah banget...data sudah di isi pas akhir gagal melulu...banyak bner alasannya....knapa ga di permudah SJ buat pelaporannya...rumit...itu jg lewat web...lewat aplikasi error' tp mlulu...gimana mau jalan perpajakan..klo mau lapor SJ sudah susah,negatif
"Pengguna Google,""Makin parah,malah nomer npwp gk kedaftarðŸ˜´,gimana mau update nik ke npwp kalo gini,masa sekelas nasional,buat aplikasi kayak gini,tuh liat ratingmu,lama lama kalau makin parah,tunggu aja rating mu turun ke 1 ,benerin lah,masak kayak aplikasi pinjol ilegal ratingnyaðŸ˜‘"",negatif"
"Pengguna Google,""Mau minta kode EFIN aja di persulit, emang kenya aplikasi nya di korup nih, apa udah nunggu lama2, pas udah keluar dari aplikasi nya, dia baru kirim kode otp Yo telat to pak bossss, jin*"",negatif"
"Pengguna Google,""Ngirim kode verif harus tunggu 4-5 jam baru masuk ke email.. sekacau ini kah aplikasi pemerintah, katanya mempermudah malah nguji kesabaran.. Keren lah kalian.. #kaburajadulu"",negatif"
"Pengguna Google,""Registrasi sudah berhasil tapi kartu fisik belum di kirim,, dan saya cobak login ulang malah data tidak di temukan.. Payah aplikasi negara kok letoyyyy"",netral"
Pengguna Google,perbaikan apk nya...daftar EFIN aja susah banget.. masalah di nomor telpon tidak ditemukan...form input nya aja ga ada input nomor telpon,negatif
"Pengguna Google,""Bagaimana mau login, daftar NPWP-nya aja gk bisa, registrasi menggunakan email, langkah pertama sukses setelah itu gak ada email untuk lanjut ke langkah kedua ðŸ¤¬ðŸ¤¬"",netral"
Pengguna Google,Aplikasi sangat lemot .. Klo berhubungan dengan aplikasi instansi pemerintah pasti mslahnya lemot dan jga kebanyakan eror ..,negatif
"Pengguna Google,""menurut saya aplikasi ini sama sekali tidak membantu, gw ngerasa kalo pemerintah emng ga niat buat upgrade deh, masih bertahan dengan sistem dan orang-orang lama. jaddiii menurutku sih ga usah berharap pemerintah bisa mengikuti jaman dengan baik hehe"",negatif"
"Pengguna Google,""Kecewa berat susah buat daftar online, bufering ujung ujung nya link nya ilang gak terjangkau lagi, 2 x coba masih sama,"",negatif"
Pengguna Google,user dan sandi.. selalu aja dinyatakan salah.. padahal ketika buka lewat Coretax aman. tpi nggak bisa masuk di aplikasi Android.. parah.,negatif
"Pengguna Google,""Gw daftar npwp lewat situs web, tapi pas mau bikin, malah dipersulit, karena harus pake pekerjaanlah, usaha lah, dan tektek bengek! Kalo dipersulir gini, gimana mau bikinnya lah bgg"",negatif"
"Pengguna Google,""Parah... Aplikasi instansi pemerintahan tapi lelet bener mau mbuka.. ga bakal maju negara.. selalu sulit, mau laporan bayar pajak aja susah ,"",negatif"
"Pengguna Google,""Pinginnya pake aplikasi ini biar lebih mudah,tp baru mau masuk kata sandi salah trus padahal sudah memasukan kata sandi benar...jadinya akun saya malah terblokir"",negatif"
"Pengguna Google,""Mau login susah amat pakai kode lewat email, nanti di masukkan kode eror login lagi dan terus kayak gitu. Bikin login yang mudah gak ribet kayak gini eror terus"",negatif"
Pengguna Google,seharunya aplikasi yang memang diperuntukan untuk masyarakat itu dipermudah bukan dipersulit apalagi coretex makin susah login makin ribet makin ga jelas,negatif
Pengguna Google,kode verifikasi no HP lama/gk ada...,negatif
"Pengguna Google,""lama banget loading masuk nya kata sandi semua udah bener email juga bener, tolong benerin dong saya yg mau bayar pajak kok saya yg ribet,tolong benerin nanti tak kasih bintang 5"",negatif"
Pengguna Google,Aplikasi tidak berguna. Ga bisa buat lapor spt ga ada layanan untuk pengaduan ga ada bagus bagusnya ini apk. Sampah banget,negatif
"Pengguna Google,""aplikasi gak guna, aplikasi pemerintah kagak ada yg bener, input nik max cuman bsa 15 digit, ya jelas gak bsa login, error trs..ngaco emng"",negatif"
"Pengguna Google,""ga berfungsi, dibela belain daftar di waktu kerja malah verifikasi no telp ga ada otp masuk"",negatif"
"Pengguna Google,""eh gimana ini mau laporan SPT susah amat,di lempar ke coretax gak mau masuk. Data lengkap ,lihat tutorial nya juga tetap nihil"",negatif"
Pengguna Google,aplikasi sampah mau masuk aja kita lupa password gak Ada petunjuk lupa paswordnya gimana mau masuk,negatif
"Pengguna Google,""sdah masukan nik npwp benar pasword benar gak bisa masuk heran sampe malas ,,,, sampah skali apknnya"",negatif"
"Pengguna Google,""sudah gk usah lapor pajak, parah bener bener parah, susah login. cari IT yg cerdas, jgn asal launcing Aplikasi baru / via browser. uji coba dlu"",negatif"
Pengguna Google,rese banget mau lakukan pembetulan sja kagak bisa padahal cm salah kurang input,negatif
"Pengguna Google,""mau lapor pajak aja dipersulit, harus lewat web segala macem, sedangkan di web nya susah untuk masuk padahal data sudah benar semua"",negatif"
"Pengguna Google,""login masuk link terus eror, tolong perbaikilah sistemnya, kudet sekali sistem publik satu ini"",negatif"
"Pengguna Google,""tiba-tiba sertifikat digital hilang,padahal berlaku masa nya masih panjang,apk ga jelas"",netral"
Pengguna Google,bagus untuk Verifikasi no tlp jangan lupa di isi pulsa dulu untuk bisa nerima SMS OTP,positif
"Pengguna Google,""Kirim kode verifikasi lama bgt gk masuk2, giliran masuk udah kadaluarsa krn kelamaan. Gimana mau laporan pajak klo aplikasinya aja bermasalah"",negatif"
"Pengguna Google,""Aplikasi jelek, data udah sesuai tapi gak bisa dikirim."",negatif"
"Pengguna Google,""bagaimana ini login tidak bisa pdahal udh benerr, susah login sampe skrng tidak bisa login, bagaimana ini apk pemerintah Indonesia begini, dpat rating jelek"",negatif"
Pengguna Google,suruh bayar pajak mau cek spt gk bisa emang aplikasi pemerintah sangat merugikan dan pasti uangnya dikorupsi yaaa,negatif
Pengguna Google,aplikasi busuk gak berguna..buang buang kuoata download aplikasi busuk ini..akun saya masuk via web atau google crome aja bisa giliran masuk pakai aplikasi ini selalu username yng anda masukan salah..bikin muak..di tuntut suruh bayar pajak tapi di persulit dengan sistem yang menguras kesabaran..buat yang belum download gw saranin gak usah download karna percuma aja gak bisa di pake aplikasi nya,negatif
Pengguna Google,aplikasi bikin susah rakyat aja... sudah kita yang bayar pajak...kita juga yg harus laporkan... hiliran mau dilaporkan pembayarannya eh sitem / aplikasinya ongolÂ² seperti pegawai pajaknya...hadehhhhh indonesia emas,negatif
"Pengguna Google,""verifikasi nomor gak pernah bisa. negara cuma mau duitnya, pelayanan buruk!"",negatif"
Pengguna Google,Sebelum update bisa lupa efin sekarang kok aktivasi coretax gunanya webnya apa sekarang orang mau laporan saja di persulit,negatif
"Pengguna Google,""aplikasi bangke,,,gk bisa dipakai, mau bikin NPWP aj setiap di klik error"",negatif"
Pengguna Google,Ribet bukan gampang tpi makin ribet ud 2 email tp gk ada balasan konfirmasi.d masukin lagi buat daftar ket email sudah pernah di pakai.,negatif
"Pengguna Google,""Masuk saja susah banget, sampe 3 kali ga bisa, app belum beres jangan dilaunching dong, langsung uninstall"",negatif"
"Pengguna Google,""kirim kode verifikasi sangat lambat, jadi harus minta kode verifikasi ulang. Dan tetap lambat lagi.......akhirnya uninstal aplikasi."",negatif"
"Pengguna Google,""Aplikasi gak jelas... EFIN EFIN apaan lah Mending kalo mudah buat dapetinnya lagi ini mah prosedurnya repot... Ga bisa bikin sistem gaya""""an mau secara online.. SAMPAHHHH"",negatif"
"Pengguna Google,""Alhamdulillah.. Terimakasih, aplikasi ini sangat membantu saya untuk yang lupa EFIN.. Saya tidak perlu susah2 datang langsung k kantor pajak yg lumayan jauh dr rumah saya.. Sekali klik d aplikasi M-Pajak sudah dapat kembali no EFIN saya ðŸ™ðŸ™ðŸ™"",positif"
"Pengguna Google,""Ku pikir d permudah rupanya sama saja, Sudah input data 3 kali masih tidak valid, padahal sistemnya yang otomatis isi."",netral"
"Pengguna Google,""Aplikasinya ribet banget gak guna malah mempersulit, pantas saja semua orang yg bekerja di perpajakan pasti masuk neraka ya gini emang bikin web sama apk gak ada yg bantu"",negatif"
Pengguna Google,Di aplikasi ini di tidak bisa login pake NIK sedang di website bisa pake nik. Perlu di tingkat kan lagi kalo sudah bisa login pake nik saya ganti bintang 7,negatif
"Pengguna Google,""login daftar dulu, utk daftar harus registrasi dlu, msukan no npwp dan efin.. nah efin nya mesti ke KPP. lah.. mudah sekali kan."",netral"
"Pengguna Google,""Aplikasi tidak berguna, No NPWP dan Password tidak sesuai, sementara di Websitenya saya bisa Login. PAYAH !!!!"",negatif"
"Pengguna Google,""sulitnya hanya mau mendapatkan efin, lewat Mpajak email tidak sesuai, lewat email tidak bisa, lewat telpon 1500200 tidak aktif,"",negatif"
"Pengguna Google,""mau ngurus lupa EFIN dari aplikasi bisa tapi harus ngantri 600 pengatri dulu, di tunggu sampe sore eh malah tiba """" system eror, lalu coba lagi di hari berikutnya malah kesalahan server, masa pelayanan dikantor ama aplikasinya sama """" buruk ðŸ‘ŽðŸ‘Žhadeh.."",negatif"
"Pengguna Google,""Masyarakat mau disiplin dengan bayar pajak, adanya layanan online mempermudah semua apalagi yg terkendala jarak. Bayangin aja orang plosok kabupaten nempuh jarak puluhan kilometer cuma buat ngurus ginian doang ke ibu kota kabupaten, nah enak ada online, ngerasa praktis. Tapi giliran online malah busuk juga, bukannya makin praktis malah makin ngerasa sia sia bayar pajak, duit kita yg harusnya manfaat buat kepraktisan itu malah gagal"",negatif"
"Pengguna Google,""Sangat tidak membantu, aplikasi selalu mengalami crash..... Tidak ada perbaikan ataupun pengembangan dari pihak terkait"",negatif"
"Pengguna Google,""Aplikasi ga jelas, situs web juga lemot. Pake wifi pake data juga sama aja. Halahhhh bilang aja kalo gabisa online harus ke kantor pajak"",negatif"
"Pengguna Google,""Yang seharusnya mempermudah malah bikin kesel, udah beberapaa kali log in untuk pengajuan efin malah gagal terus."",negatif"
"Pengguna Google,""Aplikasi ga jelas, fitur efin ga bekerja, fitir daftar pengguna juga ga bisa diakses."",negatif"
"Pengguna Google,""aplikasi gak guna, eror gak diurus ganti aja orang pajak tua tua gaptek ganti dengan gen z. yg melek teknologi"",negatif"
"Pengguna Google,""Tiap otp gagal trs di website ade gw mau daftar NPWP gagal mulu pdhal kodenya di kasih + pulsanya di sedot, gw mau masukin epin udh dpt OTP tp tombol verifikasi gk nyala, gmna sih gaje banget yang aplikasi dan websitenya"",negatif"
"Pengguna Google,""Hadehh, bukan nya mempermudah hidup malah mempersulit di app ðŸ¤§ (12/1/24) Lagi-lagi saya kecewa dgn app ini, kenapa sih suka sekali buat orang naik darah? Apa ga ada niat pemerintah utk memperbaiki kualitas app nya? Makin hari bukan makin bagus, ini malah makin eror ðŸ¤§ jangan makan gaji buta aja dong. Kami disuruh bayar pajak. Tapi app nya ga banget kualitasnya ðŸ¤¢"",negatif"
"Pengguna Google,""Kode verifikasi untuk login ga ada, karena dikirimnya ke email yg salah. Jadi ga bisa login diaplikasi, padahal data di web sudah sesuai."",negatif"
Pengguna Google,Aplikasi buruk sekalii. D akses sering error. Otp sudah keluar tidak bisa lanjut proses,negatif
"Pengguna Google,""Masih banyak yg harus di perbaiki sih klo apk sekelas Pemerintah meneurut saya, terutama di bagian verefikasi kode otp Efin gk bisa di klik itu meski kode nya udh di masukinðŸ¥±"",negatif"
"Pengguna Google,""Mau login via NPWP kata sandi selalu salah padahal udah bener, mau lupa kata sandi jaringan selalu di putus? Aplikasi apa ini? Pajangan doang di Play Store? Biar bukti kalo Indonesia bisa bikin aplikasi? Padahal isinya? HTML WKWKWK"",negatif"
"Pengguna Google,""Aplikasi gak jelas banget, udah daftar via web trus mau login d aplikasi gak bisa, salah semua padahal baru buat gak mungkin ada yang salah"",negatif"
"Pengguna Google,""Baru aja download karena lupa no efin,pas di buka tiba2 keluar dan gak ngrespon...ayo donk pdahal ini sangat membantu ...sampai skrg gak bisa di buka dan gak ngrespon"",negatif"
"Pengguna Google,""Aplikasi gak guna, ribet, ngga ngebantu sama sekali, sosialisasi ngga ada, banyak angka yg perlu di masukkan, bener bener kalian kerja"",negatif"
"Pengguna Google,""Aplikasi sampah, susah log in. Suruh masukin kode verifikasi yg katanya dikirim via email. tapi, ga dikirim2 di email ga ada."",negatif"
Pengguna Google,ini orang2 pajak nya pada bisa kerja atau gmna? bukannya mempermudah malah mempersulit . mau apk mau link samaÂ² error,negatif
"Pengguna Google,""menurut pemikiran saya,lebih baik pengelolaan pajak diserahkan ke swasta..susah banget mau bayar atau lapor aja bolak balik aplikasi atau website gak bisa dipakai"",negatif"
"Pengguna Google,""Aplikasi yg mempersulit masyarakat,,maunya terima uang pajak aja,tapi kita mau login begitu di persulit,,aku masukin nomer mpwp malah gak ditemukan,,"",negatif"
"Pengguna Google,""Mau bayar pajak susah, mau buka akun aja minta EFIN dsb syaratnya isi formulir yg tidak digital. Setengah2 digitalnya.. kebanyakan pertanyaan. Gimana mau maju indonesia"",negatif"
"Pengguna Google,""bolak balik mau pasfoto keluar sendiri trus ini sebenernya aplikasi mau mempermudah atau mempersulit hadeh. ktanya bisa online mau minta efin ajah susahnya minta maaf, harus datang langsung lh ini itulah bukanya semakin mudah mlh semakin syulit"",negatif"
"Pengguna Google,""pas registrasi menu efin malah ga bisa di pencet menu selanjutnya padahal kode verifikasi sudah di masukin udah nunggu 10 menit, aplikasi ga jelas"",negatif"
Pengguna Google,Apk DJP online sudah bagus tapi kok gak bisa melakukan laporan SPT tahunan di aplikasi sangat di sayangkan Lalu apa gunanya ini aplikasih di buat Semogah kedepan nya bisa mengakses laporan SPT tahunan ðŸ‘,netral
"Pengguna Google,""Bagus sudah ada E- billing, cuma keterangan kode bayar buat orang awam masih membingngungkan.musti telepon dulu ke kantor pajak Lebih bagus lagi jika di kasih fitur faktur pajak, bupot PPH dll. Lebih memudahkan kita bayar pajak. Saya mau bayar pajak aja ribet, padahal kita mau kasih duit buat pemerintah, tapi masih aja susah. Gimana mau maju negara ini ðŸ¤¦"",negatif"
"Pengguna Google,""apk sangat buruk , untuk ngebenerin EFIN aja susahnya minta ampun udah verifikasi via email,via telpon tetetp aja susah, potongan pajak gede bener"",negatif"
"Pengguna Google,""mau laporan pajak, lupa password, ribet, lupa efin, by aplikasi, gk bisa, live agent sibuk terus, by phone, sibuk agent nya, gk bayar pajak d kejar, di denda, mau laporan, d persulit, ribet amat."",negatif"
"Pengguna Google,""Pengiriman kode otp ketika melakukan pengajuan pupa e-fin sangat lama baik melalui sms maupun e-mail, padahal pengiriman otp melalui sms dikenakan tarif."",negatif"
Pengguna Google,Kirim kode verifikasi lama . Ajuin kapan di kirim nya kapan . Keburu udah ga valid tuh code. Di minta lagi lama lagi ngirimnya . Ga recomended sama sekali.,negatif
"Pengguna Google,""Buka website gabisa, giliran download apk nya sama juga, pantes aja rating nya kecil, padahal sekelas aplikasi pemerintahan. SAYA CINTA INDONESIA"",negatif"
Pengguna Google,Link aktivasinya tidak bisa diterima. Sudah coba berkali-kali tetap tidak ada link yang masuk ke email terdaftar.,negatif
"Pengguna Google,""Tolong lah buat pemerintah aturan dan layanan di sesuaikan jangan hanya aturan saja yg di tingkatkan tapi pelayanan buruk , aplikasi pajak kok seperti aplikasi sampah di buka selalu Erorr ðŸ‘Ž"",negatif"
Pengguna Google,Kolom jenis pajak dan kolom jenis setoran.. Tidak bisa di pilih alias kosong.. Mohon di perbaiki..,netral
"Pengguna Google,""Aplikasi gajebo, lupa password, buat baru, lupa efin ga bisa diklik, Ama duitnya cpt banget perbaiki dl aplikasinya ,"",negatif"
Pengguna Google,Untuk verifikasi akun email sudah bisa tapi mentok di OTP verifikasi ke nomor HP. Kesel padahal ini kita bayar dan taat pajak. Tolong developer nya yg serius ini kan masalh uang yang di bayarkan.,negatif
"Pengguna Google,""Bingung, kirain bisa kebuka tanpa kode efin. Perasaan waktu dulu efin gak di kasih sama kpp nya. UNINSTAL saja lah, gak kepada juga di simpen lamaÂ²"",netral"
"Pengguna Google,""Aplikasi sering bug, tombol buat permintaan verivikasi kode gak muncul, lantas bagaimana mau pengurusan laporan pajak ini klo aplikasinya gak berfungsi normal"",negatif"
"Pengguna Google,""Aplikasi eror, belum siap bayar pajak karena belum kerja malah gk bisa di centang, yang siap bayar malah bisa di centang, kalo saya belum kerja mau bayar pajaknya gimana? Mau pinjol? Apk memaksakan kehendak bgt apknya, klo tadi tak record bisa jadi bukti tu kalo apknya banyak erornya, saya butuh nomer NPWP nya buat daftar kerja kalo dah kerja baru bayar pajak, bukan masi pengangguran tapi disuru bayar pajak, lawack"",negatif"
"Pengguna Google,""Awalnya sempet takut lihat komentar-komentar, tapi ini tadi saya coba pelan2 langsung dapat kode verifikasi dan nomer efin langsung dikirim, intinya memang harus sabar, dan coba deh pas jam malam, soalnya ini saya nyoba sekitar jam setengah 12 malem, ya sapa tau memang bukan jam kerja, bisa cepet, selamat mencoba teman-teman semoga berhasil"",netral"
"Pengguna Google,""Kenapa saat masuk kata sandi dan no npwp salah mulu, padahal di situsnya kalo mau masuk pake kata sandi yang sama bisa ajah, Ko d aplikasinya gk bisa,."",negatif"
"Pengguna Google,""Nomor dan paswod NPWP sudah bner tapi ga bisa login, sampai di ulang skian kali pun ga bisa.. Haduuuuu.."",negatif"
Pengguna Google,Aplikasinya sangat susah. Bukanya mempermudah malah mempersulit. Di awal membuka aplikasi harus update dan loadingnya sangat lama.,negatif
"Pengguna Google,""Ga ada yang lebih ribet Pak? Daftar itu harusnya cukup no KTP sama Emailnya aja Ngapain harus ke kantor pajak segala? Oia, kalo ada yang susah buat apa yang mudah ðŸ˜‚ðŸ˜‚ðŸ˜‚"",negatif"
"Pengguna Google,""Aplikasi pemerintah kayak gini? Korupsinya aja banyak tapi buat app gak becus, namanya mobile app harusnya praktis bukan ribet, sekarang g bisa diakses pula,,, parah"",negatif"
"Pengguna Google,""Pliislah tolong ya daftar pertama link cuma sekali buka kode OTP bayar,. Menyusahkan sdah 4 email daftar kagak selesai-selesai"",negatif"
"Pengguna Google,""Aplikasi gak jelas,gimana bisa login,tidak ada fitur daftar akun sama sekali ...sekelas aplikasi pemerintah kok kayak gini sih!!??!!"",negatif"
"Pengguna Google,""bagusin lgi apk nya , masa dari kemaren saya mau minta efin sesusah itu , salah nya di kota/kelurahan terus padehal ngisinya udh bener tapi salah trus dari kemaren"",netral"
Pengguna Google,Apk pemerintahan kok gini.. Selalu gagal login.. Udah pake data pindah wifi sama aja.. Anggran untuk apk pasti nggk sedikit...,negatif
"Pengguna Google,""verifikasi gamasuk masuk aneh pake pulsa katanya harus ada pulsa ,tp pulsa banyak tetep lama ,pake email apa lahi berkali kali coba ga masuk masuk anehh"",negatif"
Pengguna Google,pengurus efin semakin baik dan semakin cepat. kualitas aplikasi meningkat dari versi sebelumnya. semoga saja semakin baik kedepannya. tampilan juga semakin responsif dan bagus.,positif
"Pengguna Google,""Minta EFIN, eror mulu. Padahal udah benar informasinya, live chat ga pernah bisa. Padahal ga ad gangguan internet."",negatif"
Pengguna Google,ribet login susah harus ada EFIN buat tau EFIN nya harus ke kentor pajak.. jadi susah ribet...biar tau EFIN nya kenapa gak lewat wa atau email jadi lebih mudah dan gak ngabisin waktu juga...hadeeeuuhh,negatif
"Pengguna Google,""ngak ada menu daftarnya, masak harus daftar lewat web lagi. Aplikasinya asal jadi uang proyek cair ujung2 dikorupsi."",negatif"
"Pengguna Google,""Di suruh verifikasi, tapi email nya nyampe lemot, pas d klik udh ga bisa,ga di apk ga di web sama aj lelet"",negatif"
"Pengguna Google,""Sumpah membagong kan, apk gak fungsi, saya yg tdk mempunyai penghasilan tetap malah kna pajak,terus d kasih surat teguran lgi d suruh byr pajak. mau menhubungi ke pihak lewat apk malah gak fungsi apk nyaðŸ˜¶ðŸ˜¶"",negatif"
"Pengguna Google,""Di perbaiki lagi aplikasi djb nya dah, buka situs di google bisa open. Tapi di aplikasinya tidk bisa di akses alias busuk. Di bantu uang rakyat untuk pajak jangan kasih yang buruk dong pelayanan nya."",negatif"
Pengguna Google,Web payah.. kebanyakan d korupsi pasti uang pajaknyaa.. jadi gak pernah ada perbaikan d websitenya.. karena uangnya buat BO Lucunya negeriku.. cuman bisa ngasih kebijakan tanpa solusi sama sekali.. pemerintah itu yg mempersulit dan mempermiskin masyarakatnya sendiri,negatif
"Pengguna Google,""Kita juga tau kalau lapor SPT tahunan itu kewajiban dan tidak pernah tidak mau melaporkan, tapi cara lapor nya itu ribet banget kalau orang yang belum paham bener, pokoknya bukan ga mau lapor tapi perbaiki cara yang mudah, sosialisasi nya juga ga ada. Mudah2an ada perbaikan dari dirjen pajak,"",netral"
"Pengguna Google,""tidak /belum bisa buat catatan harian euyðŸ˜­,padahal menu tsb ada di app loh.mohon di tingkatkan agar bisa diperbaiki oleh developer kak"",netral"
Pengguna Google,Minta nomer efin verifikasi kode email pagi jam 10 email kode max berlaku 10 menit. Email masuknya 2-3 jam. Ntar gak lapor pajak kita yang salah. Sistem benerin dulu,negatif
Pengguna Google,Burukkkkkk............mau login padahal password yg lama aja masih bisa pakai...lah ini udah di suruh update lagi malah gak bisa masuk2.....ribetttt,negatif
"Pengguna Google,""masyarakat diminta untuk taat membayar pajak, tapi kok malah dipersulit. buat NPWP aja sulit banyak error ny, udah ad NPWP malah log in nya gagal terus. tolong diperbaiki, karena buang2 waktu.."",negatif"
"Pengguna Google,""Tidak Jelas, melakukan pengajuan lupa Efin selalu gagal verif padahal semua data sudah sesuai dicoba berkali-kali tetap eror terus."",negatif"
"Pengguna Google,""Bodoh, aplikasi rusak, login ga bisa bisa, waktu pengajuan lupa efin data sudah benar malah gagal terus berkali kali, ini gimana ini bukannya mempermudah malah mempersulit, lagian ya.. pemadanan NPWP itu kan program pemerintah pusat harusnya ya anda kalian yang harus sinkronisasi NPWP sama nik nya, kalian digaji negara untuk apa?"",negatif"
Pengguna Google,Setiap mau masuk chat live aja terkendala error tolong diperbaiki adanya aplikasih m pajak buat mempermudah malah aplikasinya sering error,negatif
"Pengguna Google,""Saya lupa email dan efin tapi sulit amat buat daftarnya, mau bayar pajak aja sulitnya minta ampun berasa kaya mau minjem duit"",negatif"
"Pengguna Google,""Jujur, ga puas bgt sm apk ni. Pengen dipermudah malah makin ribet. Selalu susah login, dan akhirnya tetep harus ke kantor pajak."",negatif"
"Pengguna Google,""Ga bisa masuk, udah ngisi nomer npwp, efin udah sesuai. Tetep ga bisa. Dari pada capek langsung uninstal aja."",negatif"
Pengguna Google,Aplikasi abalÂ² alamat udah sesuai sm KTP.tp verifikasi gagal terus.nanan ah ngapain juga ganti no npwp ke nik.klo sistem ga bagus....,negatif
Pengguna Google,padahal untuk login sudah menggunakan npwp dan password yang di berikan dari email resmi m pajak tapi pas login gabisa,negatif
"Pengguna Google,""Lapor pajak aja susah,. Kode verifikasi bisa berjam jam baru di kirim, setelah di masukkan malah sudah gak berlaku,. Aplikasi apaaa ini,."",negatif"
"Pengguna Google,""aplikasi banyak bug lemot kebanyakan update, kemana aja uang pajak buat aplikasi bagus aja gak bisa kebanyakan di korupsi kayaknya"",negatif"
Pengguna Google,plis pak programer di buat yg bener ada penyimpanan sementara atau gimana kek ini di reload suruh isi dari awal lagi ini gimana ?,negatif
"Pengguna Google,""Sekedar masukan aja untuk developernya tolong diperbaiki masa login lewat aplikasi kata sandi nya salah terus sedangkan lewat web bisa,terpaksa di uninstal dulu"",netral"
"Pengguna Google,""Aplikasi apaan ini. Nunggu email masuk berjam"""" sekali masuk kode sudah kadalwarsa. Niat hati pelaporan cepat jadi lambat gara"""" aplikasi."",negatif"
"Pengguna Google,""hati2 sekarang banyak oknum yang memanfaatkan bug di aplikasi m-pajak ini, pokoknya kalau ada yang meminta screen sharing / berbagi layar jangan mau ya, karena itu adalah modus penipuan yang baru, stay safe gaeesss"",negatif"
"Pengguna Google,""tampilannya bagus banget, moga kedepannya makin banyak fitur yg bisa diakses, seperti lapor SPT, pemberitahuan Norma, PP 23 dll semangat terus dalam berkarya DJP"",netral"
"Pengguna Google,""Critical Eror Occurred! ayolah katanya masuk kerja dipajak susah seleksinya, masa aplikasinya gabisa dipakai sama sekali kya gini hadeh"",negatif"
Pengguna Google,Tiba2 ada org tlfn blg nya dri djp kebetulan NPWP ku emang blum di update jadi 16 dijit masih yg 15. Tpi anehnya dia hubungi via wa minta berbagi layar dan minta instal aplikasi ini trus minta izinkan akses ke hp ku. Agak aneh dia juga minta pembayaran matre sbesar 10 rb. Tpi ak nolak krn ngerasa dia bisa akses hp ku otomatis klo ak tf dia tau akun dan pin2 ku ahirnya ak putus smbungan tlfn dan org nya tiba2 ngilang. Hati2 guys... atau disini jg ada yg mengalami ?,negatif
"Pengguna Google,""Kok bisa""""nya gabisa pakai kartu tri.. Ini pajak negara loh.. Harusnya bisa nerima provider mana pun.. Sumpah aneh negara ini, cm masalah sepele aja ga bisa nyelesaiin.."",netral"
Pengguna Google,Aplikasi cuci uang pajak akhir tahun doang kode nya masuk tapi tombol verifikasi nggk berubah warna nggak bisa ditekan,negatif
"Pengguna Google,""Force close trs, selalu kl yg berhubungan sm pemerintah itu gaje semua. kbnykn yg korup kalah jauh sm jabar, aplikasi pajak bisa diakses 24 jam penuh tanpa kendala"",negatif"
"Pengguna Google,""Lupa efin susah bener dapetnya lagi,sudahmasukin data sesuai di npwp ya verif gagal terus. Parah bener apk nya,buang buang kuota."",negatif"
"Pengguna Google,""Untuk apa aplikasi ini kalo daftar ajah masi disuruh ke web site nya,setidaknya ada aplikasinya untuk mempermudah orang buat NPWP atau cek yang lain"",negatif"
"Pengguna Google,""Aplikasi gak bener, sudah masukkan kode otp tetep gk bisa confirmation code untuk meminta EFIEN, apknya gak bener kebanyakan korupsi"",negatif"
"Pengguna Google,""Kode untuk aktivasi efin batasnya 10 menit, tapi baru dikirim ke email 3 jam setelah meminta kode. Tolong di perbaiki"",negatif"
"Pengguna Google,""Parah tdk bisa loging padahal npwp dan Password betul kok tdk bisa loging,klw bisa perbaiki dulu permasalahan ini."",negatif"
Pengguna Google,Srmoga kedepan bisa ada fitur lapor SPT dan edit profile..biar lebih mudah...untuk sementara sih cma bisa liat aja..,netral
Pengguna Google,Lupa efin sudah di isi giliran verifikasi muka app terhenti terus gk efisien kalo memang gk bisa gak usah dikasih menu lupa efin,negatif
Pengguna Google,Nomor NPWP dan password sudah benar tapi pas login malah gak bisa keterangan NPWP atau password salah hadeh...apa ini akibat sering makan uang haram jadi aplikasinya gak guna,negatif
Pengguna Google,Aplikasi norak. Hire orang IT untuk apa ? Buang2 anggaran ? Makanya jangan kebanyakan ordal. Udah tahun teknologi berkembang pesat masih maksa pake cara purba. Anggaran tuh dipake bener2. Jangan buat liburan doang. Tolol,negatif
Pengguna Google,Semoga bisa ditambahkan fitur e-SPT PPh 23. Agar ga pindah pindah aplikasi. Satu aplikasi untuk akses semuanya.,negatif
"Pengguna Google,""Request efin sudah ada notifikasi berhasil, efin sudah dikirim ke email pas check email tidak.ada email masuk .. nnti klo sudah masuk bintang nya aku tambahim"",netral"
Pengguna Google,Aplikasi gak berguna. Di buat hanya untuk menggugurkan tugas aja. Biar lerlihat mengikuti perkembangan jaman,negatif
Pengguna Google,Apk gajelas baru download gabisa di buka malah force close Klo game berat wajar lah ini apk apaan. Butuh spek gaming kah biar bisa kebuka kocak!!!,negatif
"Pengguna Google,""Masih banyak bug Saya lupa efin selesai semua ,tingal pilihan otp atau email ,malah gak ada tombol buat kirim dll"",negatif"
"Pengguna Google,""ribet sekali hanya untuk daftar npwp. Pergi ke dinas setempat disuruh daftar lewat app, sungguh membingungkan."",negatif"
"Pengguna Google,""Salah satu aplikasi terburuk, login minta verifikasi email, lah kirimnya email ada setengah jam. Keburu hangus! Jarang gw kasi nilai jelek."",negatif"
"Pengguna Google,""seharusnya di aplikasi pajak ini bisa sekalian lapor SPT,tapi gak bisa harus ke web djponline.go.id.jadi aplikasi ini gak bermanfaat utk semua ttg pajak.seharusnya di aplikasi ini semua bisa."",negatif"
"Pengguna Google,""Sebelumnya punya masalah di aplikasi ini. Per tgl 27 Desember appsnya sudah diperbaharui.. yang sebelumnya punya masalah di verifikasi, skrg sudah bisa. Boleh di coba lagi."",netral"
"Pengguna Google,""Mau login lewat aplikasi enggk bisa, tpi login lewat browser status nya di terima , mau minta token enggk bisa di pencet"",negatif"
"Pengguna Google,""Sudah daftar, gk bisa login, sya daftar garaÂ² creator Udah mintak nik lah kk lah, Huuu entalah malah sudah aku hapus semua nya ðŸ¥µ"",negatif"
Pengguna Google,Aplikasi apaan sumpah demi alloh jangan download gak berguna mau daftar juga gak bisa bisa mau tanya masalah npwp asli gak bisa masuk masuk...aplikasi sangaaat Buruk...,negatif
Pengguna Google,Tidak bisa di pakai. Banyak minus nya. Tidak bisa mempermudah . Bahkan masukan alamat email saja susah,negatif
Pengguna Google,Baru download langsung kecewa. Apa uang pajak masyarakat belum cukup banyak ya untuk buat aplikasi receh aja jauh dri kata bagus.,negatif
"Pengguna Google,""Disuruh login terlebih dahulu, tapi menu untuk daftar akunnya ngk ada, kaya apa mau loginnya wkwkk"",negatif"
"Pengguna Google,""Aturan ngga usah kasih bintang. Ni apps kocak asli. Udah verifikasi otp pake email, ngisinya udah bener masa verifikasi bilangnya """"Kode Verifikasi Gagal"""" kocak asli kocak."",negatif"
"Pengguna Google,""Sangat mengecewakan, sangat sulit di operasikan, sangat ribet dan sama sekali tidak efisien, padahal apk pemerintah, seharusnya membantu, ini sangat mempersulit, bagaimana orang mau taat pajak kalaw sulit bgini, tolong d evaluasi bpk2,"",negatif"
"Pengguna Google,""mohon segera di update min , karena aplikasi nya eror mulu mau login selalu eror , padahal data sudah benar."",negatif"
"Pengguna Google,""Payah udh daftar lolos verifikasi udh dapet no kartu nya npwp , tetapi ga bisa masuk dengan alesan kesalahan data aneh"",negatif"
Pengguna Google,Nunggu kode Verifikasi e filling di web lama bener. Giliran kode dah dapet malah sesi telah berakhir. Tingkatkan lah servernya.,negatif
"Pengguna Google,""Otp nya ga pernah terkirim, sekalinya terkirim sejam kemudian, sedangkan batas kode otp cuma 10 menit hehe"",negatif"
"Pengguna Google,""Mau input nomor npwp, sedangkan nomor nya sudah sama dgn nik total 16 angka. Tapi di kolom input nomor npwp hanya bisa input 15 angka saja"",negatif"
"Pengguna Google,""Aplikasi parah. Jelekkk!!! Orang mau taat bayar pajak kok dibikin susah sama ini aplikasi. Mau masuk mesti verifikasi,ditunggu lama banget ga masuk2 kode verifikasinya"",negatif"
"Pengguna Google,""Apk gk jelas susah masuk, begitu masuk isi data tiba tiba eror,di ulang begitu terus begitu masuk gagal terus"",negatif"
"Pengguna Google,""Tidak ada pilihan lupa sandi. Sudah pernah masuk suruh log in lagi, sudah lupa password g bisa masuk lagi."",negatif"
"Pengguna Google,""Permohonan lupa Efin selalu gagal, walaupun email dan yang lainnya benar. Mohon tingkatkan lagi pelayanan dalam aplikasi atau perbaiki aplikasi"",negatif"
Pengguna Google,Bagus dan mempermudah. Yang mau daftar harus dapat kode efin bisa di dapat di kantor pajak dahulu kemudian di masukkan di menu daftar aplikasi ini.,positif
Pengguna Google,Menu lupa efin tidak ada.....kadang sistem pajak ini masih sangat kurang dalam fasilitasi masyarakat,netral
"Pengguna Google,""Gak berfungsi, gak bisa dipake utk ambil EFIN. Selalu gagal verifikasi, apk asal asalan."",negatif"
Pengguna Google,Saya sudah daftar tapi ketika validasi formulir nik & KK keterangan bahwa sudah terdaftar gimana solusinya,netral
Pengguna Google,Mau maklum. Tapi ini punya pemerinyahan. Gimana gak konyol mau masuk aplikasi nya aja harus ferifikasi. lewat email susahnya minta ampum sudah 5.jam belum.dapat email verifikasi..,negatif
"Pengguna Google,""Parah banget, ngga bisa di buka aplikasinya. Mau regis lewat web juga ngga masuk otp ke nomor saya."",negatif"
Pengguna Google,Susah login nya.. Padahal npwp saya Dan kata Sandi saya sudah benar... Tolong segera diperbaiki agar dapat mempermudah pengguna...,negatif
"Pengguna Google,""Mohon di tingkatkan , Untuk daftar NPWP baru masih harus ke Browser,dan Validasi data hanya Loading Berjam jam.."",negatif"
Pengguna Google,Lupa EFIN masih sulit dan ribet. Harusnya ada opsi untuk kirim kode EFIN via SMS/WA. Jangan hanya via e-mail saja.,negatif
Pengguna Google,Mau login tapi ga bisa karena ga memiliki kode efin. Sudah daftar tapi ga bisa login samsek. Jadi buat lapor pajak ga bisa.,negatif
Pengguna Google,Tidak bisa login nomor NPWP maupun NIK karena kolom angka kurang satu. Aplikasi aneh,negatif
"Pengguna Google,""makanya kalau bikin web, aplikasi apapun itu yg sifatnya pelayanan publik. dana nya di pakai semua buat peruntukannya biar bagus aplikasinya ga lelet"",negatif"
"Pengguna Google,""Customer service payahh, masa iya cuma salah email dan pasword bisa keblokir akun... Di suruh daftar pake email baru lagii. Nanti keblokir lagi karna salah pasword dan email... Teruss gitu sampe 1000 email"",negatif"
Pengguna Google,Ni guna nya apk buat apa . Gx bsa login ke web . Tp d apk ni bsa . Tp gx bsa laporan spt pajak . Trus guna nya apa,negatif
"Pengguna Google,""aplikasi sulit di gunakan, apalagi kalau mau daftar di link nya susah harus potong pulsa dan terus gagal"",negatif"
"Pengguna Google,""Aplikasi ribet , memaksa rakyat taat pajak tapi pelayanan menyulitkan . Apalagi para pekerja di lokasi pedalaman . Ngejar2 pajak mulu imbal baliknya minim"",negatif"
"Pengguna Google,""Aplikasi payah, gak jelas. Seharusnya bisa mempermudah ini makin sulit, tolonglah diperbaiki aplikasinya, biaya negara loh"",negatif"
"Pengguna Google,""Aplikasi tdk bisa lapor pajak. Setiap masuk menu lapor, ada trus pesan muncul, """"terjadi kesalahan"""""",negatif"
"Pengguna Google,""Nungguin kode Verifikasnya lama nya mint ampun, sekalinya udh dikirim aplikasnya logout dan minta ulang kode Verifikasi hedeh, ðŸ˜­"",negatif"
"Pengguna Google,""Mau daftar kok ngga bisa setiap di klik menu tidak tersedia , ya klo ngga tersedia jgn buat aplikasi"",negatif"
"Pengguna Google,""Aplikasi buruk sekali sini mau bayar pajak susahnya minta ampun. Seharusnya pemerintah mempermudah orang yang mau bayar pajak bukan mempersulit. Sungguh pelayanan yang buruk sekali, mau pajak sulit giliran sudah pajak dikorupsi"",negatif"
"Pengguna Google,""Tidak bisa daftar meskipun pertama kali mendaftar, kenapa email di uppercase padahal email itu lowercase"",negatif"
"Pengguna Google,""Apk yang sangat membagongkan, buang2 waktu ngisi data aja ribett bgt yang di tulis apa yang muncul apa. Bikin emosi aja.."",negatif"
"Pengguna Google,""ganti aplikasi y, pantes djp online ku ga bisa. Tapi ganti aplikasi kog malah lebih parah ga bisa login....apk malu2in....wkwkwk"",negatif"
"Pengguna Google,""Gue ulang berkali kali tutorial masih aja eror gak guna emang ini apk dan situsnya pada eror gak niat bantu masyarakat, miris sekali dinegeri wakanda ini ,situs pemerintah pada down tapi situs slot aman2 aja tuh lancar jayaðŸ˜‚"",negatif"
Pengguna Google,Setiap aktivasi akun selalu gagal *pesankesalahan : reg028 Ribet banget suruh kirim ulang lunk aktivasi tetep sama aja pesan kesalahan lagi hadehh,negatif
"Pengguna Google,""Mau Daftar ribet banget, ngabisin pulsa doang berkali2, masa iya rapcha udh di ketik bener masih salah trus."",negatif"
"Pengguna Google,""tolong jangan dipersulit bagi yg lupa efin, cukup kirim email aktivasi ulang, gak perlu repot2 ke kpp terdekat, buang2 waktu."",negatif"
"Pengguna Google,""Apliakasi bagus...,tapi saya apus lagi kendala masuk akunnya susah...,masalahnya sama terus jaringan..,padahal main cod ama ml lancar"",netral"
"Pengguna Google,""aplikasi ini sangat membantu untuk para wajib pajak sangat membantu dan meringankan seluruh wajib pajak se Indonesia ini untuk pelaporan pajak dan taat pajak, pajak untuk membangun negeri yg sama sama kita cintai. TERIMA KASIH"",positif"
"Pengguna Google,""Aplikasinya tidak user friendly, berat udah kaya main game gede, interface juga g enak di lihat"",negatif"
Pengguna Google,Aplikasi sulit di pakai mau daftar aja susah...lewat formulir loading lama sekali 1 jam lebih Tolong webnya di perbarui,negatif
Pengguna Google,Gak bisa di pake. Login selalu gagal. Gak bermutu. Alamat email benar. Password benar. Payah,negatif
"Pengguna Google,""Wah aneh nih aplikasi,, mau login pakai NIK eh malah digitnya nggak cukup, pakai NPWP juga kagak bisa masuk,, ðŸ‘ŽðŸ‘ŽðŸ‘Ž"",negatif"
Pengguna Google,Aplikasinya kurang canggih. Cara Pelaporan pajaknya berteleÂ². Ga ada tutorialnya pula. Harus nanya sana sini,negatif
Pengguna Google,Nyerah bang susah banget asli daftar npwp gua kira kalo online bisa lebih gampang ehh ternyata lebih ribet,negatif
"Pengguna Google,""Apapun pilihan menu/pertanyaan knp selalu ngaarah otomatis ke lupa efin,dan menunggunya luama bgt ,yg begini2 susah klo pas mungut pajak cepet ðŸ¤­"",negatif"
Pengguna Google,Aplikasi yang sangat tidak membantu. Tolong ditingkatkan lagi demi kemudahan dalam mengakses.,negatif
"Pengguna Google,""Knpa login di web bisa,pas di aplikasi selalu error no NPWP dan paswordnya salahðŸ¤¦â€â™‚ï¸ðŸ¤¦â€â™‚ï¸ðŸ¤¦â€â™‚ï¸,tolong segera diperbaiki"",negatif"
"Pengguna Google,""aplikasi nya bagus, cuma perlu perbaharui lagi, agar bisa buat npwp dengan aplikasi ini, saat saya coba di website terjadi error."",negatif"
Pengguna Google,Berkali2 ga dapat kode verifikasi via emailnya... harus diperbaiki lagi kayanya aplikasi nya...,negatif
"Pengguna Google,""Gak jelas ini aplikasi, untuk kode OTP tidak dapat, baik melalui Email, SMS sama aja, bagaimana bisa di pake ini aplikasi..."",negatif"
"Pengguna Google,""Kirim aja Nomor EFIN lewat email , ngapain ribet harus kekantor pajak .. ampun ampun ada yang simpel masih aja pake yang ribet ."",negatif"
"Pengguna Google,""apk apaan si ini , niat ga ? login gaada fitur lupa password, ngajuin efin gaada tombol lanjut pas bagian SMS / email , konyol"",negatif"
"Pengguna Google,""berkali kali ganti pasword,ndak bisa log'in juga,terlalu hebat aplikasi ini,...log'in aja ndak bisa apalagi kalo ada yang mau bobol...gak bakal gagalðŸ˜ðŸ˜ðŸ˜"",negatif"
"Pengguna Google,""dari tadi udah masukin verifikasi salah mulu, ini sih akibat kalo mau buka aplikasi pajak harus login dulu. tapi tidak dibarengi dengan konfirmasi jelas dan manajemen buruk"",negatif"
"Pengguna Google,""Sangat tidak bermanfaat, karena tidak berguna untuk pendaftaran orang pribadi. Harus ke kantor pajak. Apa gunanya aplikasi online? Harusnya memudahkan bagi yang punya inisiatif untuk membuat atau memiliki NPWP pribadi dan bisa bayar pajak. Bagaimana mau bayar pajak, secara pribadi tidak punya NPWP?"",negatif"
"Pengguna Google,""Pa bisa ga, kalau maun minta nomor efin nya lewat email aja ? Kalau mesti datang ke kantor pajaknya, kayaknya ngabisin waktu, tenaga, dan biaya"",negatif"
Pengguna Google,Bintang 1 dlu.... usul.... utk di tampilkan menu2 kewajiban kami agar lebih mudah dan lebih taat pajak,netral
"Pengguna Google,""Gk bisa login gra2 kode verifikasi lama dkirim, msak hrus nunggu Â½jm, itu pun udah g bisa d input aplikasi aneh"",negatif"
Pengguna Google,Di download mening lama bgt geraknya padahal sinyal bagus....bikin peraturan buat umum tp pas mau perbaikan via online malah susah..,negatif
"Pengguna Google,""Aplikasi tidak membantu, malah lebih parah dari web nya, tidak bisa login kalo pw bener ntar ganti capta salah, gitu mulu, Terimkasih"",negatif"
"Pengguna Google,""Login di persulit,, sandi di masukan sudah benar,, tapi tetap salah dari sistem,, sangat mengecewakan"",negatif"
"Pengguna Google,""Kalau mau login harus nunggu kode dikirim lewat email, tpi kodenya baru masuk setelah 2 jam kemudian, saya jadi bingung sendiri"",negatif"
Pengguna Google,Kenapa setiap klik aplikasi nya selalu keluar sendiri padahal SDH di coba berkali-kali dan sudah berkali-kali hapus unduh lagi,negatif
Pengguna Google,Aplikasi pemerintah gak ad yg bener bikin aplikasi gimana si masa orng mau login g bisa masuk. Pantes aja banyak data yg bocor,negatif
"Pengguna Google,""gak ada gunanya,susah login aktivasi akun. semuanya susah, aplikasi abal abal. banyak korupsinya aja, capek"",negatif"
"Pengguna Google,""Pungutan Uang negara sebanyak itu, masa untuk kembangkan aplikasi seperti ini saja tidak bisa, padahal sangat membantu untuk kita lapor dimanapun dan kapanpun"",negatif"
"Pengguna Google,""aplikasi gak guna, mao login eror terus, di link juga eror terus.. payah mao lapor pajak aja ribet.. saya cek banyak kritik di ratting tapi admin nya diem aja gak respon dan buat perubahan payah.."",negatif"
"Pengguna Google,""waktu pembuatan NPWP saya menggunakan email teman saya, kemudian saya coba registrasi akun di djp tidak bisa, saya sudah mengganti email lama dengan yang baru tapi saat saya coba registrasi akun di djp tetap tidak bisa, kode eror (email terdeteksi telah di gunakan wajib pajak lain) padahal emil saya tidak pernah saya gunakan untuk registrasi akun djp, ternyata email lama yang saya ganti tetap masih terdaftar, mohon bantuannya"",negatif"
"Pengguna Google,""Aplikasi dibiayai mahal kok gini amat, ga lengkap, ga bisa apa2, lupa pasword pun ga ada,. Seburuk inikah aplikasi pemerintah"",negatif"
"Pengguna Google,""Kak, kode verifikasi untuk lupa EFIN kl bisa jangan hanya lewat no hp, bisa di kirim ke Whatsapp atau ke email terdaftar, terima kasih."",netral"
Pengguna Google,Kesini cuma mau ngasih kata2 mutiara.....kalian kerja dikendalikan uang bukan otak.... Aplikasi gak bisa di pake web situs tidak terjangkau....bdh bgt sih,negatif
Pengguna Google,kode verifikasi yang di kirim ke email sangat lambat butuh waktu ber jam2 dan kodenya kadaluwarsa tidak bisa digunakan,negatif
"Pengguna Google,""aplikasi gabisa login padahal nik sm password udh benar, tolong di perbaiki sekelas pajak masak ga bisa perbaikan aplikasi buat pelayanan masyarakat"",negatif"
"Pengguna Google,""pajak di korup terus layanan buruk , bikin aplikasi burik hedeh capek , verifikasi pake pulsa . pas ke scrol datanya ilang ulangi dari awal verifikasi pake pulsa lagi , aturan macam apa ini"",negatif"
"Pengguna Google,""Mau lapor pajak aja ribet minta ampun, kring pajak di telp sibuk satu harian ga bisa di hubungi, pas pengisian data gagal terus, padahal anggaran besar"",negatif"
Pengguna Google,Terlalu ribet daftarnya dan suka bug saat daftar udh gitu email-nya malah nyangkut terdaftar parah bener,negatif
"Pengguna Google,""Saya tidak bisa login padahal NPWP dan password saya sudah benar, koneksi aman. Tolong diperbaiki"",negatif"
"Pengguna Google,""Kurang lengkap, harusnya juga include fitur di web biar gak dual fungsi. Buang buang anggaran, kurang praktis"",negatif"
Pengguna Google,Mau login susah nya selalu salah nmr npwp dan pasword ber ulang2 gimana mau bayar pajak nya Pak aplikasinya gak bisa di akses,negatif
"Pengguna Google,""Aplikasi nya super parah, , habisin pulsa buat kirim kode OTP saja, buat npwp gakbisa upload foto, PARAH."",negatif"
Pengguna Google,Kode verifikasi yang dikirim lewat email gangguan dan sangat lelet. Shingga selalu gagal lapor SPT Tahunan,negatif
"Pengguna Google,""Setelah update ko enggak bisa masuk, sekali masuk kode verifikasi enggak masuk masuk ke email"",negatif"
Pengguna Google,aplikasi nya error padahal sandi dan NIP/NPWP sama seperti yg masuk di email tolong dong developer perbaiki dulu.,negatif
Pengguna Google,Buat temen temen yang lupa efin mending langsung ke kantor pajaknya soalnya kalau lewat wa atau live cht lama dan susah malah kita di buat susah apa lagi nunggu kode ini itu,negatif
"Pengguna Google,""Lupa EFIN, sudah dapat nomor verifikasi dari email tapi diinput tidak ada respon padahal sudah benar nomor verifikasinya"",negatif"
"Pengguna Google,""Dah daftar, lama nungguin kode verifikAsi, begitu dah masuk kode verifikasinya & eh dibilang kodenya salah. Dah coba berkali2. Sangat mengecewakan"",negatif"
"Pengguna Google,""Repot daftar akunnya, minta effin harus datang kekantor pajak, pekerja kya saya harus minta cuti/izin karna antrian ðŸ¤¦ Permudah lagi untuk daftar akunnya"",negatif"
"Pengguna Google,""Minta verifikasi lewat email masuknya 7 jam berikutnya, minta verifikasi lewat sms nda masukÂ²... Pakai sisanya nda bisa, apa coba.. gimana mau lapor pajak"",negatif"
"Pengguna Google,""Ini gimna mau login daftar penguna baru ajah ngk bisa, Di klick mental ke goegle ngk bisa di akses. Coba dong gimna caranya login mase"",negatif"
"Pengguna Google,""Kalo liat di YouTube begitu masuk ada beberapa menu dibagian bawah, tapi di aku cuma ada beranda sama bayar."",negatif"
"Pengguna Google,""Saya lupa password, klik lupa password ga bisa bisa, kaya ga aktif gitu...sampe di hapus instal ulang, tetep ga bisa"",negatif"
Pengguna Google,semua yg berhubungan dengan instansi pemerintah lemot baik website atau aplikasi nya mau lapor pajak saja dipersulit harusnya buat aplikasi yg simple dan mudah di mengerti serta responsif,negatif
"Pengguna Google,""Tolong perbaiki lagi app nya,, semalam bisa di buka knapa pagi ga bisa masuk status error"",negatif"
"Pengguna Google,""Kebanyakan loading, gini nih aplikasi klo biaya mahal hasil nyata murahan. Di korup terus"",negatif"
"Pengguna Google,""aplikasi lemotnya minta ampun,tolong ini cuma mau verifikasi email doang lama banget padahal udah bisa login...kok susah banget sih"",negatif"
"Pengguna Google,""Di suruh laporan pajak on line tapi aplikas nya kayak telek , parah klu belum bagus mending ngak usah buat aplikasi ( di luncurkan ) ðŸ˜¡ðŸ˜¡ðŸ˜¡ðŸ˜¡ðŸ˜¡"",negatif"
"Pengguna Google,""kenapa ya,saat masuk akun di web ereg.pajak.go.id npwp/nik dan pasword bener dan bisa login, sedangkan di apk M-Pajak npwp/pasword salah??"",negatif"
"Pengguna Google,""Mau minta verifikasi akun aja ribetnya minta ampun, email gk masuk2, sms pun juga, anggaran doang gede tapi pelayanan kurang memuaskan"",negatif"
Pengguna Google,Tolong di perbaiki saya mau minta efin gagal terus padahal jaringan lancar dan data juga udah bener,negatif
"Pengguna Google,""Aplikasi ini gunanya untuk mempermudah, kenapa waktu login saja kode otp tidak di kirim kirim,gimana saya mau lapor bung,pengurus nya tidur apa!!"",negatif"
Pengguna Google,NIK/NPWP Login kurang 1 digit. Jadinya gak bisa masuk error karena jumlah angka kurang 1,negatif
"Pengguna Google,""Gak usah d instal, apikasi merepotkan pengguna, terlalu banyak isian, sistem pencarian yg payah, pokokx aplikasi yg menyebalkan, bikin esmosi jiwaðŸ¤£ðŸ¤£ðŸ¤£ðŸ¤£ðŸ˜„ðŸ˜„ðŸ˜„"",negatif"
Pengguna Google,Ada yang punya solusi gk pas mau minta efin masukin kode OTP kok error terus ya? Masa tetap harus ke kantor ngurusin nya?,negatif
"Pengguna Google,""Mau bayar pajak bulanan, jenis pajak dan jenis setoran tidak bisa di akses tolong diperbaiki."",negatif"
"Pengguna Google,""Mau lapor pajak kok repot amat ya, 2 jam nunggu kode Verifikasi, dari email, sms, gak muncul2. App payah"",negatif"
Pengguna Google,Login di apk ini .semua serba salah .padahal pasword sudah sesuay Aneh Saya coba login lewat crom masuk bagus . ini akun tipu tipu kaya nya,negatif
"Pengguna Google,""Udah buat npwp.. Udah 5 tahun ini ngisi e filling, eeetahun ini mau log in gk bisa bisa, dengan sebab gak jelas. Ribet banget aplikasi ini."",negatif"
"Pengguna Google,""udah login udah dapet verifikasi pas masuk malah eror,,developernya benerin dong banyak banget bug yg numpuk"",negatif"
Pengguna Google,Email yahoo g bs menerima email samaskali. Dan g bisa perubahan email. Terus verifikasi hrs pake pulsa terus brarti ini,negatif
"Pengguna Google,""Coba pemerintah tolong rekrut orang yg pintar untuk menjalankan aplikasi ini... ini aplikasi sama sekali tidak berguna kalau begini,... Setiap saya mengajukan nomor efin yg lupa selalu gagal verifikasi nya... sumpah gak ada guna nya aplikasi ini kalau bgini"",negatif"
Pengguna Google,Nunggu kode verifikasi ga msk2 pdh udh dicoba berkali2 tp ga da emai yg msk udh d cek d folder laen ga da jg.....,negatif
"Pengguna Google,""Payah! BerkaliÂ² berusaha login susah, mqu klik daftar susah, lupa sandi susah. GA BERGUNA APKNYA. ADA APK CUMAN BUAT NGABISIN ANGGARAN ENGARA DOANG. ISI YA GA MUTU DNA GA GUNA."",negatif"
"Pengguna Google,""saya gak bisa login d app,padahal no+pw sudah benar,d buka d web juga bisa ... masalah nya d mana, mohon tanggapannya...."",negatif"
Pengguna Google,Mohon Maaf saya kasi bintang 1 karna aplikasi nya sangat sangant slowrespon tolong di tingkat kan lagi aplikasi nya,negatif
"Pengguna Google,""Aplikasi tidak bisa membantu mau bikin daftar akun DJP masuk nya setengah mati tidak bisa"""" log in,kecewa berat pakek bingitðŸ¤¯ðŸ˜µðŸ¤§"",negatif"
"Pengguna Google,""Ini tolong di perbaiki, masa saya login di web bisa masuk tapi di apknya gagal login."",negatif"
"Pengguna Google,""pelayanan buruk banget.mudah di bikin ribet.whatsapp tidak ada fungsi nya.hanya tampilan saja ,keluhan di bikin sulit."",negatif"
"Pengguna Google,""Sudah daftar dari tahun 2016, sampai hari ini masih kesulitan akses situs pajak, selalu salah pasword!"",negatif"
"Pengguna Google,""Gak bisa di pake kebanyakan di korupsi duitnya . Selamat datang di aplikasi sarang tikus, menyediakan tikus berdasi dengan slogan """" orang baik bayar pajak """""",negatif"
"Pengguna Google,""Uangnya di korupsi mulu... Noh betulin aplikasinya dan di webnya,.. masuk aja sulit lelet minta ampun niat bikin aplikasi kagak haa"",negatif"
"Pengguna Google,""Menghabiskan kuota saja,niat mau laporan SPT,setengah hari mantengin hp GX ada guna,bukan nya dipermudah malah menyusahkan,giliran GX laporan didatangi petugas,pajak ini bener bener seperti lintah darat,sya tidak punya hutang,tp kalau telat bayar didenda,kalau mau bikin sistem itu dibenerin dulu otak nya,lebih mudah mobile legen ketimbang aplikasi burik ini,taaaiiiii"",negatif"
Pengguna Google,Apk apa ini pak/ibu pajak masuk email susah bgt kalau kaya begini sistem nya saya sendiri malas ngurus pajaknya sistem eror orang pajak juga banyak yg eror otaknya bikin apk aja susah berfungsi,negatif
"Pengguna Google,""Jaman digital bro,pake fitur lupa EFIN dah sesuai semua,malah gagal gagal terus ga jelas emang lah"",negatif"
"Pengguna Google,""Dibikin ribet,... Org mau bayar pajak ko dipersulit utk login.... Harusnya cukup masukan no NPWP aja harus langsung auto detect... Org sadar mau bayar pajak susah amat... Ya udalah... UNDELETE sajahhhh....."",negatif"
Pengguna Google,Sebenarnya tidak layak dikasih bintang. Online seharusnya mempermudah. Aplikasi malah eror terus,negatif
"Pengguna Google,""aplikasi lemot, sudah punya akun tapi susah masuk, minta verifikasi ulang malah gagal mulu, orang mau lapor aja ribet. lebih mudah bikin akun sosmed daripada akun pajak di aplikasi. heran"",negatif"
"Pengguna Google,""Aplikasi anak bangsa emang ampas, jelek, kualitas buruk,, server sering eror padahal jaringan lancar paket banyak,, perbaiki lagi dek aplikasinya, sekelas aplikasi pejabat kualitas buruk, uang kencang minta urus lama"",negatif"
"Pengguna Google,""Ga bisa di klik verifikasinya, udah via sms maupun email tetap sama. Sekelas Pemerintahan punya aplikasi seperti ini, kacau sekali.."",negatif"
"Pengguna Google,""Apk banyak bug,nungguin kode verfikasi sampe 3 jam lebih blm jg ada,perbaiki lagi kedepanya"",negatif"
"Pengguna Google,""Cukup membantu, Saya lupa EFIN dan bisa di urus lewat aplikasi ini, caranya mudah & prosesnya cepat, makasihðŸ™ðŸ¼"",positif"
Pengguna Google,Udah pakek 4 email ga ada yang berhasil sama sekali. Masa tiap nunggu validasi data doang sejam yang bener dong. Iya kalo jadi ini kagak,negatif
"Pengguna Google,""Aplikasi ini gak berguna sama sekali , log in gak bisa padahal semua data sudah benar . Tapi sebenernya gak kaget sih sama yg beginian ðŸ˜Š"",negatif"
Pengguna Google,Jelek sekali. Mau liat spt tahunan yg didaftarkan saja tidak ada. Menu lapor juga gak ada. Yg muncul bukan e-Filing malah e-bill ing,negatif
"Pengguna Google,""Ga jelas knp sih ini aplikasi udh bener password yang saya masukin ,saya catet loh tapi tetep ga bisa login aneh ,aplikasi rusak"",negatif"
"Pengguna Google,""Sangat buruk selalu diulang terus, kesalahan dalam penulisan kelurahan dan kota terus menerus.dari pada pusing goodby"",negatif"
"Pengguna Google,""App ga guna, dibuka g bisa, pas tanya ke pegawai pajaknya, mereka bilang pake web aja, jangan aplikasi Ya kali terus ngapain ada di playstore appnya"",negatif"
"Pengguna Google,""Beginilah kalau aplikasi plat merah. Boro2 membantu, masuk aplikasi aja susahnye minta ampun. Pajak ooh pajak, kami tuh mau membayar upeti harusnya bisa dipermudah."",negatif"
Pengguna Google,Mau minta no epin udah du kirim ke email..tpi gk ada sampe sekarang saya cek di email..gk muncul muncul..emg dari dlu gk cek ini aplikasi berpungsi aoa gknya..,negatif
"Pengguna Google,""Sumpah susah bgt di hubungannya bwat lupa EFIN dari via gmail WA tlp semuanya ga bisa ada kesalahan lahh atau apalahh,,, padahal kita mau lapor pajak tapi ko di bikin susah gitu"",negatif"
"Pengguna Google,""Begini kalo aplikasi hanya buat proyek pendapatan, birokrasinya rumit, ribet, pelayanan, tidak mudah dimengerti masyarakatnya, buat login aja susah"",negatif"
Pengguna Google,Sudah ku duga dari aplikasi pemerintah.. gk guna banyan masalah dan bug nya ... Yg lebih jengkelnya lagi situs nya lelet sekali ..,negatif
Pengguna Google,Mungkin pas bikin aplikasi tambahan menu effin terkendala karena pimpinan pajak nya kena proses oleh polri yaaa. Soal nya gagal terus udah ngisi pulsa kirain kaya apk bank yg pake pulsa...,negatif
"Pengguna Google,""Hancur Tidak bisa login password bener di bilang salah Ganti password jaringan bermasalah, padahal jaringan bagus"",negatif"
Pengguna Google,Setau saya blm ada menu pelaporan SPT nya ya mohon tambah kan dong menu nya biar lebih kumplit dan aplikasi nya perbaiki lemot banget,negatif
Pengguna Google,Masuk di web bisa tapi di aplikasi nggak bisa. Perbaiki lagi fitur login nya masak nggak sinkron sama web nya,negatif
"Pengguna Google,""Woi... Hati hati bos dgn aplikasi ini, kayaknya ini aplikasi ilegal,mau dft berhari hari gak bisa masuk di ulang ulang terus,salah salah data kita bisa di salah gunakan,DTG lgsung k kantor pjk sj bos kalo mau buat NPWP"",negatif"
"Pengguna Google,""Giat narik pajak , tapi aplikasi aja error ga bisa dipakai."",negatif"
"Pengguna Google,""Gak banget buat aplikasi nya, udh bikinnya di peribet, susah buat aktivasi nya lagi, ngk ada org kompeten yg bisa di rekrut ngk sih buat ngolah app ini"",negatif"
"Pengguna Google,""Sudah tahun 2025.kirain sudah bagus,masih aja error.bisa gak sih bikin aplikasi?banyak duit cari yg ahli.suruh bikin laporan SPT,ribetnya minta apun"",negatif"
Pengguna Google,Sangat buruk aplikasinya. Tiap mau masuk ke menu aplikasi langsung keluar harus ulang lagi masuk baru masuk ke menu,negatif
"Pengguna Google,""Npwp sama pasw udah bener tp di aplikasi tetep salah, padahal kalo login pake npwp+pasw yg ada di web bisa masuk, di aplikasi tetep disalahin ðŸ˜­ðŸ˜­ðŸ˜­"",negatif"
Pengguna Google,Validasi lama setengah hr gk ada kemajuan. Udh di update juga gak bisa. Datang kekantor cmn di ksh brosur trus sruh pulang. Gak di terangin cara2nya,negatif
"Pengguna Google,""Aplikasi ini bagus tapi kurang membantu, karena pilihan jenis pajak dan pilihan jenis setoran pajak tidak bisa terbuka.."",netral"
"Pengguna Google,""Di era digital seperti sekarang ini, pelayanan online malah tidak bisa diakses dgn alasan klasik under maintenance. Ya begitulah situs pemerintahan."",negatif"
"Pengguna Google,""Aplikasi lol, setiap mau login username tidak ditemukan, pasti lelet mulu, diperbaikilah aplikasinya, percuma dibuat kalo mempersulit"",negatif"
"Pengguna Google,""Aplikasi selalu force close saat ingin mengetahui EFIN, pada saat swa foto. Tolong diperbaiki"",negatif"
Pengguna Google,Lah ko habis di update ngga bisa masuk pake NIK ya. Cm bisa ngetik 15 angka. 1 angka lagi ngga bisa diketik. Aneh..,negatif
"Pengguna Google,""Tiap mau masuk selalu harus login terus pada sebelum nya sudah login dan gak pernah melakukan log out, ribet jadinya"",negatif"
"Pengguna Google,""Gimana si aplikasinya, mau pengajuan efin pas minta kode verifikasi email tidak bisa di klik verifikasi, gk jelas banget apk nyaðŸ˜¡"",negatif"
Pengguna Google,Masih belum ada perbaikan. Susah sekali untuk login via aplikasi ataupun web. Selalu dikatakan username/pasword salah.,negatif
"Pengguna Google,""Kenapa wajib pajak yg harus memadankan nik sendiri, padahal datanya sdh ada waktu daftar. Payah banget"",negatif"
"Pengguna Google,""Aplikasi buruk,percuma di realis aplikasi kalau sering gangguan,lebih bagus ga usah lewat aplikasi,bukan mempermudah pelaporan malh menyebalkan"",negatif"
Pengguna Google,Heh gimana sih ko bisa password salah di browser aja bener bisa masuk ko di sini keterangannya password salah yang bener aja kalo buat apps,negatif
Pengguna Google,kenapa gk bisa untuk daptar mohon bantuan nya sbenar nya apn ini bisa di guna kn atau tidak buat daprtar aja sulit kalau gk bisa buat daptar npwp jgn di ada k apn ini seharus nya di permudah buat daptar nya ini malah di persulig,negatif
"Pengguna Google,""Aplikasi kacau gini.... Lupa efin udah masukin semua data yg diminta tetep aja error'. Pendapatan pajak tinggi, bikin aplikasi nihil"",negatif"
"Pengguna Google,""Nomor NPWP dan password sudah sesuai, tp ditolak/tidak valid. Ini aplikasi yang buat anak IT dengan status MAGANG kali ya..."",negatif"
"Pengguna Google,""Tolong diperbaiki untuk menu pencatatan UMKM kode error 402 ini , percuma pake aplikasi ini kalau tidak berfungsi maksimal, kita kembali ke pencatatan manual."",negatif"
Pengguna Google,Sampah emg! Baru juga download mau effin udah tinggal verifikasi lewat email pas buka aplikasinya lagi ngulang dari awal..,negatif
Pengguna Google,Kenapa ya kalau aplikasi layanan public tu banyak banget eror nya enga dari aplikasi maupun dari web nya selalu banyak banget kendalanya bukanya mempermudah masyarakat malah memeprsulit,negatif
"Pengguna Google,""Aplikasi belum bisa di gunakan, untuk daftar data salah terus. Aplikasi belum sepenuhnya berhasil jangan di luncurkan min"",negatif"
"Pengguna Google,""Kok tolol kali pengembang aplikasi ini, verifikasi nomor udah sesuai malah salah terus, apa sih, sesuai rating nya low, app ga di benerin, kerjanya apa sih"",negatif"
"Pengguna Google,""Apa sih aplikasi ini gak jelas Mala closing sendiri lagi di daftarin juga,,,kalau emang gak bisa ngebantu mending gak usah diadain,,,nambah ribet aja,,ngeselin"",negatif"
Pengguna Google,berbelit belit untuk pendaftarannya,negatif
"Pengguna Google,""seharusnya aplikasi dipermudah mumpung orang mau bayar pajak, ini aplikasinya ribet, npwp password udah bener tetep gak bisa login, parahhh"",negatif"
"Pengguna Google,""Sistem di aplikasi klo bisa jangan via telp akan boros pulsa, coba pakai fitur chat juga."",negatif"
Pengguna Google,Parah ini aplikasi sudah daftar membuat NPWP online malah gagal trus pulsa selalu berkurang untuk validasi otp. Bertanya di aplikasi juga 24 jam system selalu eror,negatif
"Pengguna Google,""Aplikasi sampah, lupa efin aja susah banget mau dapatin nya lg, pake aplikasi crash manjang, tau ga posisi kerja saya ini jauh dri kota"",negatif"
"Pengguna Google,""Bagaimana ini sangat buruk, saya sudah 5x mengajukan Lupa EFIN, sudah pada tahap EFIN Terkirim, saya cek email tidak ada, maaf saya kasih bintang 1 saja dulu,"",negatif"
"Pengguna Google,""Kartu NPWP hilang, maksudnya mau mudah pake ini apps, malah ribetnya aduhai...ga usah di adain aja ini aplikasi jika ujungnya harus offline juga ðŸ¤£"",negatif"
"Pengguna Google,""gini mau login aja ga masuk"""", menu EFIN ilang duit anggaran nya kemana?"",negatif"
"Pengguna Google,""Aplikasi yang di buat pemerintah selalu gak bener..masa pengajuan efin selalu gagal tanpa memberitahukan yang salah informasinya dimana,tolong segera diperbaiki."",negatif"
"Pengguna Google,""Lapor pajak sangat sulit, panduan jelek, tidak ada kurikulum literasi pajak di sekolah. Makasih sudah buat frustasi."",negatif"
"Pengguna Google,""aplikasi gak jelas, password salah terus, tulisan lupa password sebenernya button apa cuma hiasan kok gak bisa dipencet-_-"",negatif"
"Pengguna Google,""Pas mau foto 1 detik mati aplikasi nya, sampai 4 x gak ada berubah,, gak dapat foto, eror"",negatif"
"Pengguna Google,""Lah mau daftar npwp ribet bgt, ngesave data eror terus, nyoba datang ke kantornya ndak ada tanggapan , malah bilangnya """"memang begitu"""" , tidak mutu"",negatif"
"Pengguna Google,""Alhamdulillah lewat aplikasi ini, sy sudah dapat NPWP dengar mudah dan juga no efin serta kartunya... Terima kasih atas bantuan dan pelayanannyaðŸ™ðŸ™ðŸ™"",positif"
Pengguna Google,Aplikasi tidak berguna lupa ifin salah terus nama kecamatan dan kota padahal sudah sesuai KTP. Lebih baik hapus saja aplikasi ya dari play store,negatif
Pengguna Google,aplikasi lemot...rumit sudah di klik daftar malah nggak bisa...mau minta nomor efin ngisi alamat udah bener npwp bener tapi nggak ada kode otp yang masuk,negatif
"Pengguna Google,""Lupa password gak dikirimÂ² tuh kode verifikasinya, sampek hafal NPWP & efin grÂ² sering masukin. Perbaikilah apknya, 2018 padahal baikÂ² aja nih aplikasi"",negatif"
"Pengguna Google,""Sayang uang pajak dipakai buat aplikasi kaya gini, ga guna Padahal udah masukan no npwp dan password yg bener Tetap saja no npwp atau password salah Admin jawab itu knpa"",negatif"
"Pengguna Google,""Baru masuk aplikasi langsung disuruh update, pengen berkata kasar tapi ga pengen disangka orgnya kasar. Update ga jelas jalan/engga. Jinglah"",negatif"
Pengguna Google,Aplikasi sampah. Apalagi coretax aduh. Banyak masalah. Ga dapet dapet kode verifikasi ke email atau SMS parah,negatif
"Pengguna Google,""mau swabfoto gagal terus sudah 3 hari, gak diperbaiki perbaiki"",negatif"
"Pengguna Google,""Lumayan canggih aplikasinya, cuma belum bisa bayar sekalian di aplikasi! Terbantu karena sekarang tidak menggunakan aplikasi chrome!"",negatif"
Pengguna Google,Kenapa saya gak bs login via aplikasi ini sedangkan login di website resmi nya bisa? Selalu salah npwp dan password katanya.,negatif
Pengguna Google,mau login ga bisa terus... sesi telah berakhir. Error... wkwkwk.... ga heran rating nya jelek,negatif
Pengguna Google,repot sangat tidak membantu,negatif
Pengguna Google,sulit nya minta ampun,negatif
Pengguna Google,biar bintng yang berbicara,netral
Pengguna Google,MAKAN TUH RATING BINTANG YANG BICARA... produk gagal,negatif
Pengguna Google,Saat mengisi npwp online karakter huruf email jd kapital semua.. jd gak bisa daftar.. bagaimana ini dirjen pajak padahal saya pingin jd warga yg taat,netral
Pengguna Google,memudahkan laporan pajak,positif
Pengguna Google,Aplikasi sampah. Mau daftar aja tidak bisa. Sampah banget. Rugi saya sudah terlanjur download. Langsung saya delete aja.,negatif
Pengguna Google,gagal aktivasi terus,negatif
Pengguna Google,aplikasi tidak membantu,negatif
Pengguna Google,Aplikasi tidak bisa di gunakan mau masuk saja sudah tidak bisa Salah terus ketika mau lupa password juga tidak bisa ðŸ¥±ðŸ¥±ðŸ¥±ðŸ¥±,negatif
"Pengguna Google,""tidak menyediakan fitur nomor tidak aktif dikarenakan sudah tidak aktif dan gada fitur live chat cs, malah hrus nelpon telpon kantorðŸ¤¦ðŸ»â€â™‚ï¸"",negatif"
"Pengguna Google,""Aplikasi ini bukan nya membantu tapi malah bikin sakit kepala, NPWP saya hilang cmn ingat nomor nya saja pas masuk di apk malah bayk permintaan nyaðŸ¤¦ðŸ¤¦"",negatif"
Pengguna Google,Tolong perbaiki. Masa baru download suruh update muter terus.. malah buat lama kerjaan,negatif
"Pengguna Google,""ini aplikasi gunanya buat apa jika mau login harus punya efin,sedangkan mau punya efin di persulit tidak bisa lewat online,kalau harus datang ke kantor ngapain di bikin aplikasinya,jdi gk guna,tolong untuk pembuatan efin di permudah supaya bisa lewat efin"",negatif"
"Pengguna Google,""Mohon kalau buat aplikasi sebelum di publis di coba dulu trial and error jalan apa gak gitu, ini aplikasi gak jalan gimana, selalu gagal"",negatif"
Pengguna Google,Aplikasi aneh... Udah berhasil ubah password... Masih gak bisa loginnn... Sampahh,negatif
"Pengguna Google,""Mohon untuk di perbaiki aplikasinya, masak mau minta EFIN selalu gagal padahal data sudah benar"",negatif"
"Pengguna Google,""Saya sdh buat e billing melalui aplikasi ini, setelah klik kode billing kenapa tdk muncul download ringkasannya, kenap?"",netral"
"Pengguna Google,""Semua cdata sudah terisi dengan benar tetapi tetap dikatakan NIK tidak sesuai, bingung jadinya mau masukkan NIK siapa lagi, NIK saya cuma 1."",negatif"
Pengguna Google,INI GIMANA SI CARA DAFTAR AKUNNYA BYK YAPPING AH,netral
"Pengguna Google,""Aplikasi payah... Ga guna, masa ga bisa login, selalu salah nik. Aneh bener."",negatif"
"Pengguna Google,""aplikasi belum siap malah di paksa launching, konyol nyari tender yg bener lah, emang harus resuffle tim pajak ini, yg kolotÂ² itu mending suruh pensiun ganti aja dah, bukan lagi jaman dia"",negatif"
"Pengguna Google,""Kalo gk butuhÂ² amat males dah instal nya juga, baru aja download udah di suruh update lagi, hadeuh belum aja di pake udah menghambatðŸ¤¦â€â™€ï¸"",negatif"
"Pengguna Google,""mau minta efin,pas verifikasi wajah,aplikasi langsung close,jadi nyesel buat npwp.Bukannya d permudah malah ribet banget."",negatif"
Pengguna Google,apk gjls buang buang anggaran,negatif
Pengguna Google,Mau dapatkan efin karena lupa pasword sudah isi data sesuai ktp tp verifikasi gagal terus. Aplikasi gak guna saya mau bayar bukan mau narik uang pak bu dirjen,negatif
Pengguna Google,aplikasi penipu jangan didownload,negatif
"Pengguna Google,""Ribet, setiap mau masuk harus login. Aplikasi yang lain sudah pakai biometrik."",negatif"
Pengguna Google,aplikasi macam apa ini ??? saya pingin chat tapi dibilangnya tidak ada koneksi internet.. lah app kocak emamgnya saya bisa buka aplikasi ini lewat doa kali ya.. gak heran semua aplikasi milik pemerintah selalu bikin geli,negatif
Pengguna Google,apk nya terlalu rumit sih untuk daptar nya susah amat apk nya terlalu nyedot pulsa emg bener2,negatif
Pengguna Google,aplikasi sampah.. semua yang di kelola pemerintah gak jelas,negatif
"Pengguna Google,""buka aplikasi biar bisa laporan nggak pusing-pusing harus ke kantor pajak, malah tambah pusing. yg bikin aplikasi gimana sih? Mau laporan aja nggak tau harus klik yang mana. mana pas login eror mulu"",negatif"
"Pengguna Google,""gk jelas, login susah"",negatif"
"Pengguna Google,""bukan nya ngebNtu malah makin ribet log in loading nya berjam jam ga bisa, aneh, klo lupa sandi harus ke kantor nya ribet bner langsung uninstal"",negatif"
Pengguna Google,mentok di verifikasi foto. alasannya tidak ada internet. padahal internet penuh,negatif
Pengguna Google,amplikasi eror mulu,negatif
Pengguna Google,sangat tidak membantu,negatif
"Pengguna Google,""Parah ini aplikasi, sudah bnyak yg mengeluhkan. Coba login lewat web jg salah trs eror, pdhal nik sm pswrd udah bener. Thn kmren lancar2 aja, knp skarng jd susah ribet gini. Halahhh"",negatif"
Pengguna Google,Aplikasi sampah.paswrd udah bener dikata salah.padahal di website bisa.klik lupa password jg gak respon.buang2 kuota.buang2 waktu bangke beud,negatif
"Pengguna Google,""Ini apa apaan sih, tolonglah yang jelas kalo bikin apk. Yakali gabisa buat sign in ?"",negatif"
Pengguna Google,Aplikasi bugnya membagongkan... selalu gagal pas udah ngumpul dokumen untuk EFIN selalu gagal,negatif
"Pengguna Google,""masukkan password error terus menerus, padahal pasword benar, kacau amat ya ga bisa login login"",negatif"
Pengguna Google,lgi ngebug/gangguan....no npwp bener pasword bener gk bs masuk...tolong diperbaiki....klo login d google chrome bisa,negatif
Pengguna Google,gak direktoratnga gak apk nya nyusahin rakyat aja,negatif
Pengguna Google,Setiap mau log in susah bener padahal password sama NPWP sudah bener coba benerin lagi systm nya wahai aplikator,negatif
"Pengguna Google,""Tidak membantu, layanan 1500200 juga tidak membantu pulsa udh abis 50rb cuma sampe sedang sibuk doang. Trmksh"",negatif"
"Pengguna Google,""Di aplikasi saya, kenapa tombol efin nya tidak ada, yg muncul hanya tombol beranda dan bayar, mohon petunjuknya ðŸ™"",negatif"
Pengguna Google,aplikasi ngk banyak membantu apalagi sekarang pake kortexÂ² apa lah saya ngk paham tambah susa aja kemaren harus valid sama nik sekarang ada kortexÂ² segala harus ganti pin lagi masuk sana sini menunya buangÂ² waktu aja,negatif
"Pengguna Google,""jangan so soan lah segala bikin aplikasi,, yang ada ni apk kebanyakan ngebugnya.. apk g jelas"",negatif"
"Pengguna Google,""kalo belum siap lewat online jgn buat aplikasi, nomor npwp yg benar yg mana ada yg 15 digit malah yg baru sekarang 16 digit sesuai nik KTP untuk ngurus pajak aja dibuat ribet hadehhhh.. konoha"",negatif"
"Pengguna Google,""BUAT YANG BACA PESAN SAYA INI,,, kalau mau login jangan gunkan APL ini. silahkan masuk lewat google, krom atau sejenisnya. ini yang saya alami masuk lwt APL ini tidak bisa namun lewat djb online bisa login. semoga bisa membantu masalah anda Terima kasih. kalau ini membantu silahkan pilih ok supaya bisa membantu yg lain"",netral"
Pengguna Google,Kenapa kode verifikasi OTP susah masuk nya padahal saya mau daftar aneh banget.,negatif
Pengguna Google,jelek banget nih niat gasih bikin aplikasi daftar aja susah banget mana ngulang ada lebih 5x gimana sih benerin dong sistemnya bukan nya mempermudah malah nyusahin banget,negatif
"Pengguna Google,""sekelas DJP aplikasi nya kayak begini??!! masukin kode verifikasi aja error, notif salah kode. padahal sudah sama persis. Orang mau bayar pajak aja dipersulit. ini bukan aplikasi buatan anak SD, ini skala NASIONAL. memalukan!"",negatif"
Pengguna Google,mending unnistall aja... gaada guna nya juga..,negatif
"Pengguna Google,""aplikasi susah digunakan, chatnya kalau bisa MANUSIA BUKAN CHATBOT ga guna bgt aplikasinya sama sekali tidak mempermudah!!!"",negatif"
Pengguna Google,ini manfaat nya apa? cek potongan pajak tiap bulanya ga bisa trus apa manfaat apk ini kalo kita gak bisa lihat hasil detail potongan pajak??? ta!!!k lah,negatif
"Pengguna Google,""bukannya mempermudah, malah semakin merepotkan. Terutama buat para lansia"",negatif"
Pengguna Google,kamera dalam aplikasi terlalu gelap dan tidak buat penggunaan bisa registrasi akun,netral
"Pengguna Google,""Aplikasi tdk jelas, ngirim otp ke email tapi tidak pernah masuk otpnya, hedeh."",negatif"
"Pengguna Google,""Aplikasi teribet dan cs/agent sama aja, bukannya di permudah malah mempersulit"",negatif"
"Pengguna Google,""tolong suruh generasi muda yang mengolah ini aplikasi,,menunya pada ga jelas ya Allah,,padahal tinggal buat yang simpel"""" aja"",negatif"
Pengguna Google,hati2 ini aplikasi bajak hp. saldo di shopee SM mbanking kekuras! tolong dari pihak playstore lebih bijak! pihak perpajakan tidak mengeluarkan aplikasi. tp lewat web,negatif
Pengguna Google,saya dapat email agar saya melaporkan SPT tahunan saya tapi ketika saya masuk ke aplikasi ini justru malam membingungkan cara melaporkan SPT sangat sulit,negatif
"Pengguna Google,""tolong di benah in lagi, khususnya untuk pengajuan efin, di aplikasi meminta jumlah nomor npwp 15 angka sedangkan kami yg baru daftar npwp mempunyai 16 angka."",negatif"
"Pengguna Google,""tolong di perbaiki coretax untuk berubah email dan pasword, karena tidak ada cetang di daftar kontak kami tidak bisa mendapatkan email. kami mohon segera di tindaklanjuti"",negatif"
"Pengguna Google,""gak bisa login bet, aneh kita mau taat pajak tapi aplikasi pemerintah selalu bermasalah"",negatif"
"Pengguna Google,""banyak sekali fitur yang kurang, kenapa saya selalu perhatikan setiap aplikasi layanan pemerintah khususnya untuk publik seperti aplikasi prematur gak ada nilai banyak bug tidak ada yang urus. padahal soal dana jelas sudah di anggarkan. heran saja kok tidak ada yang unggul layanan pemerintah ttg pajak aja susah. pelayanan yang tidak 24 jam kalah jauh sama perusahaan. sudahla inila indonesia"",negatif"
"Pengguna Google,""login dapat exception session berakhir chat cs, buttonya gak bisa ditrigger wkwkw"",negatif"
Pengguna Google,buat aplikasi yg bergunalah susah skli...biar sertifikat nya ssh jga di link,negatif
"Pengguna Google,""aplikasi kaga guna!!!. niat bikin aplikasi g sih??? susah amat buat login, username sama password ny udh bener tp masih aj salah. di website dan di aplikasi samaÂ² aj GA BERGUNA bukannya mempermudah malah sebaliknya."",negatif"
Pengguna Google,nomor npwp saya 16 digit sedangkan di aplikasi ini hanya bisa input 15 digit hasilnya npwp tidak ditemukan. tolong diperbaiki,negatif
"Pengguna Google,""aplikasi bobrok sudah benar sandi dan email nya tapi tetep salah terussss, masa harus saya datengin juga kantor pajak nya, Parah memang"",negatif"
"Pengguna Google,""Aplikasi cuma menampilkan data dan ajakan giat, minim fitur, mohon diperbaiki"",negatif"
"Pengguna Google,""Aplikasi sangat tidak berguna dan bikin repot,,, bayar pajak aja di buat repot begini,, tapi nagihnya seperti orang kerasukan setan ðŸ¤£ðŸ¤£ðŸ¤£"",negatif"
"Pengguna Google,""aplikasi tidak berguna, mau buat kode Effin selalu gagal. harus ke kantor pajak, klu harus ke kantor pajak untuk apa membuat aplikasi pajak."",negatif"
Pengguna Google,susah sekali input datanya harusnya dipermudah bukan dipersulit,negatif
"Pengguna Google,""aplikasi sampah,error terus .mau bayar pajak susahnya minta ampun sudah ke kantor pajak tetap aja ga bisa karna error.."",negatif"
Pengguna Google,untuk apa aplikasi ini dibuat klo gabisa daftar dan aktivasi pajak secara online. hmm.. ntah apa2 punn,negatif
"Pengguna Google,""Gak aplikasi , gak laman web samaÂ² susah di akses .Heran deh , pake coretax buat validasi jg kagak bisaÂ².Lu niat kagak sih"",negatif"
Pengguna Google,Saya sudah mengitim kode npwp yamg dikirim lewat email tetapi belum dapat balasan dari pihak email djp Tolong di proses admin jangan mempersulit saya,negatif
Pengguna Google,aplikasi pembuat pusing... bukan mempermudah malah bikin emosi.. masuk aja susah,negatif
"Pengguna Google,""emang gak niat,,, daftar npwp disitusnya kode otp gak dikirim,,, entah apa problemnya,, yg jelas situs sekelas pemerintah yang dibuat untuk kemudahan rakyat malah gak efisien,,, emang dari awal gak niat"",negatif"
"Pengguna Google,""mau aktivin coretax susah banget, ribet gagal mulu bisa dipermudah gak si"",negatif"
"Pengguna Google,""Ko sekarang beda aplikasinya ya???.... Woy gw udah bayar pajak aja masih repot di suruh laporan juga.... Mending kalo laporan nya gampang, malah tambah ribet!!!"",negatif"
"Pengguna Google,""ini adminnya kemana, knp gk ada keluhan yang di jawab."",negatif"
Pengguna Google,BUSUK SEMUA APLIKASI NEGARA SAMPAH,negatif
"Pengguna Google,""Mungkin jika sdh jadi bagus, bisa gantikan djponline..Kalo skrg, verifikasi email saja tidak datang2 kodenya.."",netral"
Pengguna Google,tidak bisa login karna tidak bisa memasukkan angka terakhir npwp,negatif
"Pengguna Google,""Alhamdulillah NPWP saya sudah terdaftar.... makasih banyak. Awalnya mengalami kesulitan,ulang terus menerus,berkali kali, akhirnya lengkap sudah pengisian saya NPWP per orangan"",negatif"
"Pengguna Google,""Aplikasi tidak bisa digunakan, pake wifi ga bisa pake data juga ga bisa jelek banget ini aplikasi nya"",negatif"
"Pengguna Google,""Layanan mudah dalam genggaman... Mudah dari mana? Kami yang mau wajib pajak, jadi malas karena makin ribet, ngabisin pulsa doang."",negatif"
"Pengguna Google,""Suruh orang bayar pajak, tapi aplikasi aja mempersulit user. Emang paling kpcak ini orang2 pajak. Gak usah aja bayar pajak"",negatif"
"Pengguna Google,""Dah bayar pajak,mau cetak surat aja ribet banget, Aplikasi ga mutu"",negatif"
"Pengguna Google,""Sistem yang buruk, sulit saat verifikasi , padahal kita baik loh mau bayar pajak malah dipersulit, saya juga merasa kurang manfaat dari pajak yang saya berikan"",negatif"
Pengguna Google,masih banyak BUG Coretax..membuat WP bingung..dan Untuk CS juga Pengetahuan Aplikasi kurang jika WP Komplain,negatif
"Pengguna Google,""sepertinya aplikasi penipuan, digunakan untuk mengelabui korban dengan dalih aktivasi gagal, padahal aplikasi sudah dirancang seperti itu. masa anggota pajak mau repot repot telpon dan pandu, gak langsung suruh kekantor saja"",negatif"
"Pengguna Google,""ribet gak bisa masuk, dan tidak ada menu lupa pasword"",negatif"
"Pengguna Google,""Kenapa tiap kali saya download bagus, ehh pas lama lama, saat mau lihat profil itu selalu keluar sendiri, tolong perbaiki lagi ya terima kasih"",negatif"
"Pengguna Google,""astaga staf djb kerjanya apa? ini aplikasi ga bisa login eror melulu sistem nya, nik dan password sudah benar kocak!"",negatif"
"Pengguna Google,""sekelas aplikasi pemerintah kayak begini ? hmmm , mengesankan"",negatif"
"Pengguna Google,""heran verifikasi no telpon ga muncul , giliran verifikasi email muncul yg bener dong sekiranya aplikasi gagal hapus aja"",negatif"
Pengguna Google,daftar susah... aplikasi pemerintah gak ada guna...ancur nih aplikasi gak bisa digunakan dengan mudah,negatif
"Pengguna Google,""Buat lansia agak kesulitan juga pengerjaannya, lebih baik datang ke kantor Pajak setempat"",negatif"
"Pengguna Google,""Mending gausah bikin EFIN dah kalau lupa susah banget nyariÂ² si EFIN, lewat apk keterangan gagal ERR_SMSGW, lewat layanan telpon 1500200 coba menghubungi petugasnya ga bisa tersambung sama petugas malah di matiin telpon nya, lewat chat bot website ga bisa yaudahlah caranya biar gampang dateng ke kantor KPP"",negatif"
Pengguna Google,ini apk susah sekali berulang ulang verifikasi tetep ngga bisa,negatif
Pengguna Google,Sering error saat bikin pajak menu JENIS PAJAK dan JENIS SETORAN (Tidak bisa di KLIK),negatif
Pengguna Google,udah nyoba beberapa kali mungkin ada 10 kali ga bisa login padal udahh registrasi di kantornya,negatif
Pengguna Google,Ini gimana sih aplikasi sama websitenya mau login udah ketik NPWP sama sandi udah benar semua masih ada yg dibilang salah,negatif
Pengguna Google,aplikasih ini sangat bagus dan membantu dengan keperluan saya yang menyakut dengan pajak,positif
"Pengguna Google,""ga modal, apk pajak masak mau verif otp tlpn aja kita yg bayar pulsa nya. ini apk pemetintah loh, kita mau bayar pajak aja masih kena palakin"",negatif"
Pengguna Google,Applikasinya setelah terinstak..selalu error..minta restart..tapi malah ga bisa juga,negatif
"Pengguna Google,""sudah ikutin semua arahan tetep aja tidak bisa aktifasi ini aplikasi... bagaimana sih ini, tolongggggg"",negatif"
Pengguna Google,Tolong tombol verifikasi OTPnya diperbaiki. Selama itu kah memperbaiki bug tersebut?,negatif
"Pengguna Google,""Kok aplikasi pemerintah pada gajelas. Gabisa daftar, gabisa dapet efin. Tapi maksa bayar pajak wkwkwkwk"",negatif"
Pengguna Google,Aplikasi gak guna... gak bisa membatu apa-apa.... menu daftarnya aja gak ada....,negatif
"Pengguna Google,""Layanan lupa efin ga guna.. kode OTP yang dimasukan sesuai sama yg dikirim, mau verifikasi keterangannya kode OTP salah, Aneh banget."",negatif"
Pengguna Google,apk gk jelas bikin ribet,negatif
"Pengguna Google,""Aplikasi ta*k, habisin uang negara triliunan, hasilnya kek aplikasi buatan anak baru belajar pemrograman."",negatif"
"Pengguna Google,""ribet susah masuk akun,,menyulitkan padahal sudah sesuai data"",negatif"
Pengguna Google,kenapa saat memasukkan no nik cuma dibatasi 15 digit? Alhasil tidak bisa login Segera perbaiki,negatif
"Pengguna Google,""Kok mau lapor dan bayar pajak malah di persulit dgn aplikasi yg tdk berfungsi, beberapa bulan ini selalu bermasalah"",negatif"
"Pengguna Google,""Ini aplikasi gmn sih, mau login aja error mulu, padahal udh punya akun tp mau masuk aja gk bisa bisa ðŸ‘Ž"",negatif"
"Pengguna Google,""hapus aja aplikasi ke gini co, gajelas bgt"",negatif"
"Pengguna Google,""ngeneki pak purbaya roh pora rakyate taat pajakak,sek dikon laporan,giliran ape laporan apk eror gk iso masuk,jan jane piye to ki wong pajak,godak gawe apk pora..."",negatif"
"Pengguna Google,""Tolong dong Kepada pemerintah, Buat aplikasi yang memang mudah digunakan masyarakat. ini kita mau bayar pajak aja ribet banget ini itu dan ana. wah is the best"",negatif"
"Pengguna Google,""Kirain bisa dimanfaatkan ketika djponline sedang error, ternyata sama aja, bikin billing pun susah"",negatif"
"Pengguna Google,""Mohon maaf nihh....mohon maaf bangett, saya pernah ketipu oleh pihak yg katanya dari pajak, dan meminta pembaruan data... lalu di suruh berbagi layar melalui vidcall"",negatif"
"Pengguna Google,""Pengiriman kode verifikasi sangat lama, aplikasi udang ke restar ke menu awal baru masuk kodenya jdinya sia"""""",negatif"
"Pengguna Google,""Coba tolong diperbaiki. Verifikasi selalu gagal, data yang diisi sudah benar!"",negatif"
"Pengguna Google,""mau bayar pajak aja di persulit, username dan password sudah bener di bilang salah, aneh"",negatif"
"Pengguna Google,""Saya sangat kecewa sekarang, saya mau padankan NPWP dengan NIK lewat online, tetapi sekarang sudah tidak bisa,"",negatif"
"Pengguna Google,""Aplikaai apaan ini. Percumah di adakan aplikasi kalau ndaftar mesti datang ke kantor mbuang""""- biaya dan waktu. Aplikasi begini pret lahh"",negatif"
Pengguna Google,baik utk digunakan,positif
Pengguna Google,tidak berguna aplikasinya,negatif
Pengguna Google,aplikasi gak berguna.,negatif
"Pengguna Google,""Udah masukin no npwp dan password yg benar tetap aja salah. Udah,di ganti mau login lagi tetap aja salah.,aplikasi pemerintah paling kacau. Di korupsi sihh"",negatif"
"Pengguna Google,""aplikasi bangke, mau liat nomor EFin aja susahnya minta ampun, opsi desanya ga ada, cuman kelurahan aja terus klk mau ngisi desa gmn bgsadddddddd"",negatif"
"Pengguna Google,""sumpah login aja membuat pasword baru malah salah terus, eror. update bukan mempermudah tapi kok mempersulit"",negatif"
"Pengguna Google,""Tidak pilihan eform SPT 1771, Padahal tahun lalu ada. Jadi gak fungsi"",netral"
Pengguna Google,aktivasi akun cortex gagal Mulu padahal sudah centang hijau semua,negatif
"Pengguna Google,""Jelek bgt, mau log in aja error bgt. jelek nungguin kode otp SMS 1 jam ga bisa2"",negatif"
Pengguna Google,Payah validasi OTP aja gk bisa bisa ... Udah seharian nyoba tetep aja gagal ...,negatif
Pengguna Google,Parah memang kita bayar pajak kita yg di persulit aplikasi gk guna buat apa di buat masa baru masuk sudah eroorr parah,negatif
"Pengguna Google,""Jgn di download Tidak bisa log in NPWP dan pasword sudah benar, log in pakai web lancar"",negatif"
"Pengguna Google,""gimana orang mau taat pajak, mau daftar aja susahnya minta ampun. Itu juga daftarnya udah online, gimna kalo daftar ofline??. Hadeh rusak instansi pemerintahan dengan pelayanan bintang 1."",netral"
Pengguna Google,aplikasi gak guna. buang buang apbn,negatif
"Pengguna Google,""Kalau fitur belum bisa dipakai lebih baik dihapus, katanya bisa minta kode effin tapi sudah coba berkali kali tidak bisa."",negatif"
"Pengguna Google,""Aplikasi pemerintah alokasi dana besar tapi tidak bermutu, semua lelet bikin kesal buang2 waktu."",negatif"
Pengguna Google,mau verifikasi aja di persulit,negatif
Pengguna Google,bagaimana cara meleporkan pajak asn,netral
"Pengguna Google,""aplikasinya keren sesuai sop, sesuai sama budaya pejabat di Indonesia. mantabb"",positif"
"Pengguna Google,""Disini gagal login dengan alasan no npwp tidak sesuai dengan pasword, padahal via web lancarÂ² aja"",negatif"
"Pengguna Google,""Buat npwp garus masukin nomer pas Daftar otp mesti bayar 500,- pulsa udah abis 10000 masih belum masuk kode otp, udah direktoratnya pada ga bayar bajak"",negatif"
Pengguna Google,guna nya apa kalo masih harus ke crime lagi?,negatif
"Pengguna Google,""Klik banner dan slide tidak berfungsi. Tidak nyambung ke back 3nd, tolong direvisi lah sekelas programmer pemerintah harusnya top markotop"",netral"
"Pengguna Google,""Sudah biasa aplikasi pemerintah buang anggaran gak ada yang berguna, indonesia cemas 2045.. Pecat aja tim IT nya Tambah banyak alasan gal bayar pajak, aplikasinya goblog"",negatif"
"Pengguna Google,""Aplikasi sampah, semua udah benar masih aja ga bisa loginðŸ˜ ðŸ˜ "",negatif"
"Pengguna Google,""Tiap k kpp , pegawei nya cuek dan terkesan mengusir dengan cara suruh daftar online pdhal saya k sana karna dapat rujukan dr surat pemerintah dan memang saya pemula terkait npwp butuh bantuan !!!! Setelah bolak balik skrng buat efin pun d persulit !!!! Lalu bagaimana jika saya terkena denda akibat lalai? Padahal yg mempersulit adalah petugas pajak !!!!!!!!!!!!!"",negatif"
"Pengguna Google,""woyyy aplikasi apa ini ? sy dihbungi yg katanya org pajak, disuruh instal apk ini krn mau integrasi NIB ke DJP, tp stelah instal kmudian ikuti arahannya malah akun bank Brimo sy yg dihack tiba2 muncul notif perubahan kata sandi Brimo telah berhasil. msih untung gak ada saldo diBrimo. tolong pemerintah, kebocoran data sperti ini sangat merugikan. pemerintah indonesia TIDAK BERES."",negatif"
Pengguna Google,Buat billing jadi lebih mudah ðŸ˜ semoga fitur fitur lainnya segera muncul juga di aplikasi ini ðŸ¤™,positif
"Pengguna Google,""susah banget lewat PC bisa , lewat aplikasi malah ribet lupa sandi aja npwp tidak terdaftar. ANEH"",negatif"
"Pengguna Google,""Tolong sistemnya diperbaiki lagi ya, saya daftar NPWP online tapi saat mau isi nama suami selalu tidak bisa diisi! Lah gimana mau buat NPWP kalo kayak gitu caranya, capekk!"",negatif"
"Pengguna Google,""aplikasi macam apa ini ga bisa login padahal udah punya NPWP, katanya disuruh lapor SPT tahunan aplikasinya juga ga guna. Login di website juga ga bisa malah username/NPWP failed terus, ini pemerintah becus ga sih ngelola website nya ? kemasyarakat dituntut wajib lapor pajak tapi giliran mau lapor aplikasi/web nya ga bisa di pake, hadehh pemerintah ga becussss"",negatif"
"Pengguna Google,""Barusan kena phising dari aplikasi ini Gaes. 43 jt ilang.. Awalnya ditelpon ,wa , di pandu kmudian vidcall utk penonaktifan NPWP scr online. Dipandu tata cara download, dari playstore Ges, bukan apk ,g nyuruh transfer, g minta pin dsb ... alus banget mainnya...benar benar kyk film film...ya Allah.. Masuknya melalui pajak.urdin .ac Hati hati"",negatif"
Pengguna Google,Masa pengajuan lupa EVIN ngga bisa padahal sudah ngisi data sesuai yang di minta .. Tinggal tahap terahir ngga bisa di pencet si,negatif
"Pengguna Google,""HADUHHH MAU LOGIN HRUS BTUH EFFORT LEBIH TAPI GAK BISA JUGA TERLOGIN, TOLONG JANGAN DIPERSULITTTT GINI DONGðŸ‘Ž"",negatif"
"Pengguna Google,""Di web bisa login di aplikasi tidak bisa,tolong diperbaiki. Padahal sudah saya update"",negatif"
"Pengguna Google,""Bisa gak apk dibaikin, jelek kali lelet mo daftar npwp aja kaya mau antri sembako, susah kali, bodo gk ngotak yang diisi banyak dipencet gak mau strewss, bintang nol maunya"",negatif"
"Pengguna Google,""kocak banget nih apk, gw masuk lewat web bisa, giliran masuk di apk malah gak bisa"",negatif"
Pengguna Google,Aplikasi ga jelas.... Bisanya memperbarui /update Saja.. Nyatanya ga bisa di pergunakan juga...... Parahhh,negatif
Pengguna Google,aplikasi macam apa ini cooegg gajelas banget mau login aja susah mana makan pulsa pula NYESEL JADI WNI,negatif
"Pengguna Google,""Kenapa ya hampir semua website/aplikasi milik pemerintah itu.sangat ribet,sering error..pokoknya parahh."",negatif"
"Pengguna Google,""G bisa di klik tuh menu daftarnya ..Buang2 anggaran negara,bikin aplikasi sampah.harusnya di permudah untuk urusan income bagi pemerintah.malqh bikin masyarakat jadi males"",negatif"
"Pengguna Google,""Sumpah gak jelass mau pemadanan npwp16 tapi login aja gak bisa padahl udah benar nik/npwp tapi gak masul masuk, malah keterangan nya tidak di temukan... Emang ya buatan pemerintahan gak ada gina nya, sampah semua, banyakan korupsiii gak gunaaaaaaa..... Bamgsaaaat"",negatif"
Pengguna Google,Kenapa saat validasi data Nik dan foto selalu gagal? Selalu saja balasannya tidak valid. Padahal semua sudah sesuai,negatif
"Pengguna Google,""dua bulan ini """"tombol buat kode billing"""" ndak aktif, mau buat kode billing ndak bisa, sebelumnya lancar"",negatif"
Pengguna Google,aplikasi gk berguna npwp sama sandi benar tetap aja gk bisa masuk tetap salah perbaiki dulu baru tambah bintang..,negatif
Pengguna Google,Aplikasinya bikin bingung gak satset. Log in salah terus padahal udah sesuai.,negatif
"Pengguna Google,""Saya kasih bintang 1 , aplikasi gak level, gak sesuai sama misi nya.Mau buka aplikasi saja lama nya......."",negatif"
"Pengguna Google,""minta lupa efin , uda isi data semua lengkap ,foto diri juga tapi ga bisa gagal,GAK JELAS BUAT APLIKASI."",negatif"
"Pengguna Google,""Aplikasi masih terlalu banyak bug, verifikasi kode efin aja ga bisa lah macam mana"",negatif"
"Pengguna Google,""downloadnya mentok 99 persen aja nih, baru mau download aja udah masalah gimana di dalamnya ya"",negatif"
Pengguna Google,Tidak membantu sama sekali ini mau pengajuan EFIN kode otp sudah di masukan tapi kodenya gak bisa di klik verif,negatif
"Pengguna Google,""buat yang penasaran, apl ini bisa login, tapi kalo mau lapor pajak gak bisa ðŸ˜ menu nya gak bisa di pencet ðŸ¤ª (1 lagi aplikasi yang mencoreng pemerintah)"",negatif"
Pengguna Google,Dari tahun kemarin kesel sama app ini. nyoba lagi masih bikin kesel. ga di perbaiki2. padahal di lempar ke web ðŸ¤­,negatif
Pengguna Google,Ini kek mana mau log in ga bisa. Masukin nik belum selesai dah mentok aja. Tolong lah pemerintah perbaikan buat aplikasi ini,negatif
Pengguna Google,Aplikasinya error terus. Percuma ada aplikasi tp error terus. Gak mempermudah,negatif
"Pengguna Google,""App sekelas punya pemerintah cuma bikin emosi penggunanya, error ,ga jelas, apa indonesia kekurangan orang pintar untuk bikin app yg bagus?"",negatif"
Pengguna Google,Aplikasi ini sangat tidak berguna. Meskipun sudah update tetap tidak berguna. Aplikasi ini Dibikin Cuma ngabisin anggaran.,negatif
"Pengguna Google,""Minimal aplikasi di benerin lah, malu bgt rakyatnya suruh bayar pajak tapi pelayananya minus."",negatif"
"Pengguna Google,""Susah login via website atau aplikasi, padahal username dan sandi sudah benar, reset password juga tidak terpengaruh"",negatif"
Pengguna Google,Live chat kagak pernah bisa. Di aplikasi maupun website. Buat apa bikin aplikasi kalo gak guna!,negatif
Pengguna Google,Mau validasi data refresh berulang masih tetap gagal. Aplikasi terkesan tidak siap,negatif
"Pengguna Google,""Aplikasi eror npwp dan sandi sdh betul pun ttp tidak bisa log in....perbaiki lagi coba .jangan kecewakan orang,!!!"",negatif"
"Pengguna Google,""aplikasi pemerintah gak ada yang bener, buruk semua ! termasuk aplikasi ini sangat buruk mau daftar aja susah !!!"",negatif"
"Pengguna Google,""Muncul peringatan harus update, tapi di Google Play statusnya udah versi terbaru. Aneh."",negatif"
Pengguna Google,aplikasi sampah!!! di perbarui ribuan kali tetap saja sistem nya error!!!,negatif
Pengguna Google,Apa sih. Notif ada update yg harus diinstall tapi muter2 sampai 7 turunan gk kelar,negatif
Pengguna Google,Aplikasi payah. Gimana mau taat atau lapor pajak. Klo sistem aja belum bener.. parahh,negatif
"Pengguna Google,""Aplikasi sekelas punya pemerintah tpi mau lapor pajak tdk bisa,, pilihan menu nya tidak jelasss,,e mengherankan"",negatif"
"Pengguna Google,""Aplikasi dongo, mau dari websitenya ataupun apk nya buat akun doang susah, kode otp SMS di tunggu dari jaman purba kagak masukÂ²"",negatif"
Pengguna Google,Udah isi semua data malah tidak bisa di validasi. Akhirnya ga bisa lanjut ke tahap berikutnya. Mohon solusinya .,netral
Pengguna Google,Masih banyak yg perlu di perbaikin. Lemot pas di buka apk nya. Cek profil juga ga bisa,negatif
"Pengguna Google,""Tidak seperti versi web yg komplit, versi mobil ini justru mengecewakan, kurang fitur"",negatif"
Pengguna Google,Aplikasinya lagi gangguan apa gmn ya kok saya login mau masuk profil trus keluar aplikasi sendiri,netral
"Pengguna Google,""Masih banyak bug, tiap buka aplikasi selalu keluar pop up update aplikasi tapi tidak ada update"",negatif"
Pengguna Google,Berkali kali nunggu email verifikasi tidak ada. Sedangkan kalo jadi website djp online langsung terkirim,negatif
"Pengguna Google,""Aplikasi gajelas, gabisa login padahal di website bisa, yg bikin aplikasinya payah!"",negatif"
"Pengguna Google,""Aplikasi jelek, tidak jelas masa tidak bisa masuk, diapkntnya chat pajak nggak bisa hadehh... bgini nih klw cmn modal butuh duit rakyat"",negatif"
"Pengguna Google,""Mau daftar malah di suruh ke browser, validasi data aja 1 jam GK selesai""""..era digital gini amat"",negatif"
"Pengguna Google,""Kok ga bisa lagi ya di isi pencatatan umkm nya, dan catatan yang lama tidak muncul lagi"",negatif"
"Pengguna Google,""Aplikasi tidak bisa di buka, mau login Aplikasi error Kalu udah ok baru kasih bintang 5"",negatif"
"Pengguna Google,""Parah sekali, seharusnya aplikasi seperti ini membantu dan mempermudah sehingga waktu dan biaya tidak terbuang sia-sia"",negatif"
"Pengguna Google,""Parah banget daftar selalu gagal NPWP bener efin bener tapi gagal terus, kalo blum bagus lbh baik di tutup dulu."",negatif"
Pengguna Google,Sangat rumit. Apa itu efin? Kenapa masuk aplikasi harus serumit ini? Aplikasi tujuannya untuk mempermudah. Ini memperibett,negatif
"Pengguna Google,""Aplilasi tidak berguna di android 7.0 ke bawah, hanya bikin sampah."",negatif"
"Pengguna Google,""sebenernya membantu,hanya banyak kekurangan,salah satunya login via email,ditunggu2 kodenya ngga nongol2"",netral"
Pengguna Google,Tidak bisa di akses pas masuk ke Appnya malah blank/kosong,negatif
"Pengguna Google,""Biasalah aplikasi buat pemerintah mah emang ga ada yg beres, minta EFIN kode Verifikasi di pencet ga bisa2 kocak2."",negatif"
"Pengguna Google,""bagus membantu,daftar gampang dan sekarang sudah di cetak dan jadii"",positif"
"Pengguna Google,""Setiap klik profil aplikasi langsung eror diminta restart, agar dapat diperbaiki"",netral"
"Pengguna Google,""Saya suport penuh ni aplikasi walau perfomanya masih belum sebaik versi web, Tolong segera di update agar kami bisa segera menikmati layanan mobile ini."",netral"
Pengguna Google,Tolong di bantu kode verifikasi. Saat mendaftar. Di situ tertulis kode sdh terkirim di gmail. Tapi kok tidak muncul kode nya,negatif
Pengguna Google,Kenapa gak bisa buka profil kita sendiri ya ? Tiap buka tiba2 keluar app..,negatif
"Pengguna Google,""RIBET, web untuk daftar NPWP sering error tidak bisa digunakan sama sekali, kalau kaya gini wajar aja orang lebih Seneng pakai jasa calo"",negatif"
"Pengguna Google,""mengajukan EFIN sulit ketika sudah mencapai tahap kirim kode verifikasi, karena dari SMS hingga saat ini tidak masuk"",netral"
"Pengguna Google,""Coba buat aplikasi yang mudah agar pengguna nyaman, untuk buat laporannya enggak bisa ðŸ˜‡ðŸ˜‡ðŸ˜‡"",netral"
Pengguna Google,Login gagal. Coba login melalui website bisa. Aplikasi tidak berfungsi,negatif
Pengguna Google,Mau bikin biling pilihan pajak sama pilihan setoran tidak mau muncul tolong diperbaiki,negatif
Pengguna Google,Kadang ada kendala saat membuka aplikasi. Lama tidak muncul,negatif
"Pengguna Google,""Anying... ribet bener mo bayar pajak. Simple in la bangke. Bnyk bet birokrasinya. Bukannya gamau bayar, tapi ribet bgt sat..."",negatif"
"Pengguna Google,""Masa mau lapor masalah lewat aplikasi juga harus pakai pulsa sendiri, aplikasi pemerintah kurang bermutu ga bisa di pakai lapor pajak"",negatif"
"Pengguna Google,""Tiap mau login selalu gagal, Kalau login lewat web selalu berhasil ðŸ˜£ðŸ˜«"",negatif"
"Pengguna Google,""Ngga bisa login lewat aplikasi padahal udah daftar lewat online di web, udah terverifikasi juga . Gimana coba?"",negatif"
"Pengguna Google,""Server lagi maintenance kah?? Plis perbaiki secepatnya, jangan hanya menagih pajak saja bisanya"",netral"
Pengguna Google,Susah login sudah ubah password tetep ga bisa masuk tolong dibantu,negatif
"Pengguna Google,""Sudah bayar pajak, Mau lapor SPT gabisa di app, di web pun error. Hmmm. Terus kemana atuh...?"",negatif"
Pengguna Google,daftar no kk nik benar tapi gak terdaftar ya udah kalau gak bayar pajak. jgn salahkan gw.,negatif
"Pengguna Google,""Ayolah dibikin biar gak logout mulu, setiap bulan mo bayar mesti login dulu"",negatif"
"Pengguna Google,""Bobrok sekedar buat aplikasi menggunakan uang anggaran tappi gak bermanfaat, gini mau narik ppn 12% pph 21 sudah membuat masyarakat tercekik bos. Antara kebijakan dan pelaksana wajib pajak tidak di pertimbangkan"",negatif"
"Pengguna Google,""Sistem burukkk sekali, daftar pulsa kepotong ga bisa registrasi tahap 2"",negatif"
"Pengguna Google,""Tolong Perbaiki server, sering ga bisa di akses dan ga bisa di pencet mohon di fix segera"",negatif"
Pengguna Google,App dan website sama aja pendaftaran online gk bisa krn kode captha salah teroooos Sama aja gk bisa. Bkin online dong kalau kyk gni,negatif
"Pengguna Google,""baru buka langsung error, mau login error lg, nggak bisa di pake, mau laporan nggak bisa"",negatif"
"Pengguna Google,""tidak ada gunanya mau penyamaan nik sama npwp saja gk bisa harus ke kantor terdekat, pajak indonesia cuma mau duitnya, pelayanannya noll"",negatif"
Pengguna Google,Lemot sekali bisa di perbaiki tidak kalau tidak hapus saja aplikasi ini !!,negatif
"Pengguna Google,""Fungsinya app ini apa,toh mau upload data pajak juga harus pake versi web"",negatif"
"Pengguna Google,""Aplikasi banyak bug dan kurang stabil,serta penggunaanya yang kurang jelas"",negatif"
"Pengguna Google,""Aplikasinya gak bisa d operasi kan, coba buat log in pun gak ada respon"",negatif"
Pengguna Google,aplikasi busukk buangÂ² anggaran negara aja gimana cerita nya aplikasi pelayanan pajak busuk begini ngebut minta bayar lajak tepat waktu tapi giliran mau daftar npwp aja busuk nya minta ampun lebih bagusan aplikasi ilegal dari pada aplikasi ini yg gak ada gunanaya hanya mempersulit masyarakat,negatif
"Pengguna Google,""Setiap sampai kode verifikasi sms tidak pernah masuk nyoba sampek puluhan kali ,gimana sih ini ? Percuma di update ,mau taat pajak saja susah nya minta ampunðŸ¤¦"",negatif"
Pengguna Google,Susah bgt minta efin . Data udh bener sampe diUlang2 . Lebih teliti udh bener ttp Gagal . Aplikasi Ga membantu ðŸ¥²,negatif
Pengguna Google,Konyol. Rakyat Sudah beritikat baik lapor pajak. Pas daftar aktifasi efin harus ke kantor. Apa guna aplikasi. Sampah mempersulit rakyat,negatif
"Pengguna Google,""Aplikasi ga guna, baru di instal udah error, muncul notif update pula"",negatif"
"Pengguna Google,""mau cek NPWP aja sulit banget padahal mau bayar pajak buat negara loh. versi web enggak bisa dibuka,aplikasinya perlu login menggunakan akun terlebih dahulu permasalahannya enggak ada opsi untuk registrasi ðŸ˜’kan pe'ak , ada ada opsi untuk live chat dan saya bertanya sederhana """"bagaimana cara untuk registrasi """" sesimpel itu bootnya nggak mudeng pertanyaanya. percumah mbikin web & aplikasi kalau cuma jadi pajangan doang biar terlihat pemerintah melek teknologi tapi faktanya bobrok semua web&APKny"",negatif"
Pengguna Google,Sebaiknya pemerintah lebih memberikan pemantauan merata terhadap karyawan pajak. Terutama area KPP Painan IV JURAI. Karena tidak perah saya temukan pelayanan seperti itu di Jakarta. Benar benar merugikan kami para pengusaha. Kesannya seperti kami yang butuh banget dengan pajak. Sedangkan pajak ini adalah aset utama negara. Saya harap. KPP pusat melakukan tindakan lebih lanjut akan hal ini. Agar karyawan gak seperti NANTANGIN seperti itu. Pelayanan publik di Indonesia bisa edukasi dg baik,netral
Pengguna Google,Sandi dan nomor NPWP sudah sesuai. Lewat browser bisa. Tapi lewat aplikasi ini malah gak bisa. Tolong perbaikannya,negatif
"Pengguna Google,""Sangat mengecewakan,terlalu banyak persyaratan,untuk mendapatkan Efin saja sangat sulit."",negatif"
"Pengguna Google,""Apaan si, nunggu verifikasi SMS seharian juga gada kode masuk, aneh."",negatif"
"Pengguna Google,""Masukkannya kalau bisa untuk pelaporan SPT bisa melalui aplikasi ini juga ya, ditunggu updatenya Terimakasih"",negatif"
"Pengguna Google,""Aplikasi bukannya bantu malah makin kesel. Tolol IT developmentnya. Sruh update tapi malah error, d playstore aja ga ada updatenya. Gmna sih.. Aplikasi tolol."",negatif"
Pengguna Google,loginnya susah padahal udah bener password sama nik nya tapi ga bisa login malah error,negatif
Pengguna Google,Yang udah daftar tapi belum masuk di aplikasi Langkah awal minta veripikasi akun Langkah ke dua minta kode efin nya Semoga sukses,netral
"Pengguna Google,""abis update malah makin lemot, erorr, mau bikin billing buat bayar pajak kagak bisa2, atau GA PERLU BAYAR PAJAK AJA ATO GIMANA NIIH... GW MALAH SENENG...ðŸ˜Œ"",negatif"
"Pengguna Google,""aplikasi sampahhh, 3 kali ganti email ttep gabisa. bukanya bantu malah nyusahin blok"",negatif"
"Pengguna Google,""Tidak bisa log in, padahal NPWP dan password sudah sama dengan yg di Web"",negatif"
"Pengguna Google,""Sudah mau login selalu email dan password nda sesui ,padahal udah cocok !!!!"",negatif"
"Pengguna Google,""Lupa efin mau bayar pajak,ribet nya minta ampun,ini mau bayar misal mau ngutang gak cuma ribet mungkin ya...hadeh aplikasi jelek"",negatif"
"Pengguna Google,""saat mau login inputan NIK/NPWP Hanya bisa muat 15 digit, kurang 1 digit untuk input NIK nya...."",negatif"
"Pengguna Google,""Login pakai NIK KTP tapi yg bisa di ketik cuma 15 angka, ðŸ˜† gk bisa dipake app nya"",negatif"
"Pengguna Google,""aneh applikasi,npwp dan password sudah bener tapi tetap salah tidak bisa masuk"",negatif"
"Pengguna Google,""Sebaiknya baiknya alat adalah yang di buat dengan penuh kebaikan """" jika tidak ada kemudahan di dalam nya seperti membalikkan telapak tangan """" dari atas ke bawah """" untuk apa di luncurkan """" perbaikilah semua fungsi nya Agar hidup penuh kebahagiaan """" jangan di sembunyikan kebenaran jika sudah mengetahui Karena Allah hanya menyukai kebenaran tertinggi diseluruh alam semesta ini."",negatif"
"Pengguna Google,""Yaampun gabisa login dong, padahal di websitenya bisa login loh...perbaiki dong!!!"",negatif"
"Pengguna Google,""Kalau gk niat bikin aplikasi,mending gk usah di bikin,cpek2 isi data dan formulir,malah di tolak,dgn alasan ada kesalahan,aplikasi gk bermutu"",negatif"
"Pengguna Google,""Aplikasi ga ada manfaatnya, buat nulis nik aja kolom ga cukup. Yang bikin bocah magang kali"",negatif"
Pengguna Google,Aplikasi gak jelas.. Sekelas pajak aplikasinya recehan.. Mau bayar pajak aja di persulit gmn org mau bayar pajak..,negatif
"Pengguna Google,""GK bisa masuk ke aplikasi,,unexpected error occurred ,trus restar2 terus"",negatif"
"Pengguna Google,""sistem nya masih harus banyak perbaikan,untuk kode verifikasi tidak muncul,dan proses lama"",negatif"
Pengguna Google,Saya kesulitan update data karena tahun lahir saya gak ada 1991 knp yg muncul hanya 1995 tolong dong solusinya,negatif
"Pengguna Google,""Aplikasih milik siapa sih ini.. Login pakek wbst bisa, klo pke apk gk bisa.. Bkin aplikasi kox gak jelas"",negatif"
"Pengguna Google,""Sekelas Kantor pajak buat website dan aplikasi kalah dengan kominfo dan website seperti Prakerja yang mudah diakses!!!Ini tuh mau daftar Npwp dah via email nunggu gak diproses,masyarakat dipersulit bayar pajak suruh rutin, Memang terbaik"",negatif"
"Pengguna Google,""Aplikasi yang sangat tidak membantu, malah mempersulit, pajak di naikkan buat aplikasi aja mentah"",negatif"
"Pengguna Google,""Aplikasi kurang membantu , udah ku cek username sama sandinya bener kok , masih aja ada pemberitahuan salah terus ,,"",negatif"
"Pengguna Google,""Lupa efin ,sudah mengikuti prosesnya, dan pas di akhir menunggu pesan otp tidak muncul2"",netral"
Pengguna Google,Semoga bermanfaat bagi orang kecil sepeeri saya dan mudah dipmengerti cara penginputan dan menggunakan bahasa yg mudah dipahami oleh masyarakat kecil baik umkm/usaha kecil minim,netral
"Pengguna Google,""bingung, d suruh lapor spt , pas isi data error mulu, nyampe nge WA ngirim surat hadehh.."",negatif"
"Pengguna Google,""saya download apk ini krna mau memadankan nik, tapi pas buka harus login dlu, sdgkn sya blum punya akun, dan cara punya akunnya hrs ada no efin, cara punya no efinnya dr apk ini, tpi apk ini gda fitur buat akun, cuma ada log in, ini yg bikin siapa hah punya hati tdk? orang mau memadankan nik doang di lempar sana lempar sini ktanya bisa onlineðŸ˜¡ hapus ajalh gk bsa dpake."",negatif"
"Pengguna Google,""Aplikasi aneh, daftar gak bisa lupa sandi pun gak bisa di klik"",negatif"
"Pengguna Google,""udah 2bulan ini tsk bs bayar pajak,entah ada gangguan apa aplikasi ini,nanti jgn salhkan sy gak bayar ya pak,aplikasinya aja yg tdk mumpuni"",negatif"
"Pengguna Google,""Di web bisa dibuka kok, knp diaplikasinya ada yg salah satunya ngga bener password/npwpnyaa!!!"",negatif"
Pengguna Google,Dapat mempermudah dalam pengecekan dan cepat mendapat informasi. makasih,positif
"Pengguna Google,""sekelas djp gimana sih, apk nya error gabisa login, di website sama aja kayak gitu"",negatif"
"Pengguna Google,""Payah aplikasinya, masak kita g bisa login kembali, tolonglah dperbaiki lagi"",negatif"
"Pengguna Google,""Apk bobrok gk ada fungsi nya,apk itu untuk mempermudah bukan mempersulit tks"",negatif"
Pengguna Google,Apk ga ada guna. Ga sesuai fungsi. Ga bisa di jalankan. Hanya untuk modus mengeluarkan anggaran pembuatan apk.,negatif
Pengguna Google,Verifikasi data selalu gagal.. Aplikasi gagal..,negatif
"Pengguna Google,""Buat bayar pajak aja di persulit, Layanan untuk OTP Tri tidak tersedia"",negatif"
Pengguna Google,baik aplikasi yang mudah di pahami dan membatu untuk menambah wawasan pengetahuan,positif
"Pengguna Google,""Aplikasi Tidak Bisa Login,Di Chrome Bisa...Bisa Buat Aplikasi Tidak"",negatif"
"Pengguna Google,""Saran aja ini ya, buat aplikasi ga usah muluk muluk. Kalian buat login harus memakai captcha tapi captcha ga keluar. Punya aplikasi itu di urusi Jagan buat asal jadi terus di biarkan"",netral"
"Pengguna Google,""Aduh saya bingung , saya datang kekantor pajak , malah disuruh aktivasi aja lewat apk , giliran aktivasi Effien , kode aktivasi nya gakeluar melalui email."",negatif"
"Pengguna Google,""Aplikasi gak guna, nomor call center kring 1500200 tidak pernah menjawab, ngabisin pulsa saja ."",negatif"
"Pengguna Google,""Aplikasi gak jelas, verifikasi email masuknya lama, ketika udah dapet kode malah time out"",negatif"
Pengguna Google,Ni apk maksudnya gmana sii.. sruh login pke No NPWP tpi kolom nya nggk muat. Yang bner lah klo buat apk. Herannn,negatif
"Pengguna Google,""Bug di plihara, plihara kambing, susah amat mau login gak di kirim2 kode Verifikasi nya"",negatif"
Pengguna Google,Mau daftar NPWP kok susah banget OTP nya gak datang-datang padahal udah di coba berkali-kali,negatif
Pengguna Google,Tidak bisa mengklik jenis pajak saat membuat kode billing,negatif
"Pengguna Google,""Bikin aplikasi yang benar pak, muter muter aja Udah daftar dibilang anda belum terdaftar"",negatif"
Pengguna Google,Gaje bngt app nya ... verifikasi data lupa efin gagal mulu...klo seperti itu buat apa nih app ? Cuma ngabisin anggaran negara doang,negatif
Pengguna Google,Ga niat bikin apk. Bnyk bug nya. Masuk keluar lagi keluar lagi.,negatif
Pengguna Google,Daftar Efin ga pernah bisa..ngapain juga buat aplikasi payah spt ini..,negatif
"Pengguna Google,""Ampuuuuuun dah, web dan apk sama aja email riset pin. sampai ulasan ini aku buat udah 10 x permohonan riset pin namun email riset pin gak kunjung di kirim. Kerja bagus untuk petugas dan system djb,.salut sayaðŸ˜˜ðŸ˜˜ðŸ˜˜ðŸ˜˜ðŸ˜˜ðŸ¤©ðŸ¤©ðŸ¤©ðŸ¤©ðŸ¤­ðŸ¤­ðŸ¤­ðŸ«¢ðŸ«¢"",negatif"
"Pengguna Google,""Aplikasi pajangan doang fitur nggak bisa apa2, kata mau era digital pemerintah buat aplikasi begitu aja ribet"",negatif"
Pengguna Google,Verifikasi selalu gagal padahal data sudah diisi dengan benar Mohon ditingkatkan untuk fungsionalitas app nya,negatif
"Pengguna Google,""Parah aplikasi ga ada fungsinya, lupa efin data kita salah bolak balik gitu mau laporan pajak gmn kalau begini terus"",negatif"
Pengguna Google,tolong tambahkan menu laporan SPT tahunan....lengkapi fitur seperti di web....,negatif
"Pengguna Google,""Aplikasi sampah, daftar sulit. Sebenernya yg bikin ini mau kaya apa tidak, klo mau kaya tolong dipermudah ."",negatif"
"Pengguna Google,""Niat kerja gk sih ini dev nya, masukkan nik dan npwp gk bisa full digit ya gmn mau login Pemerintah klau ngerekrut pegawai jgn mainÂ² lah, masa bikin aplikasi modelnya kyak gini, habis aja uang negara buat gaji orgÂ² gk jelas dan gk kompeten"",negatif"
Pengguna Google,Mohon ditambahkan menu perubahan data jadi memudahkan tanpa perlu datang ke kantor pajak,netral
"Pengguna Google,""Aplikasi yang sangat sangat membagongkan, sudah ratusan kali mencoba aplikasi ini tetapi selalu gagal."",negatif"
Pengguna Google,Signal penuh. Kuota penuh. Mau update gagal terus. Aplikasi macam apa pula ini.,negatif
Pengguna Google,Ini mau bikin pembetulan Spt kok ga bisa lewat aplikasi yah? Mesti lwt web baru bisa ...aduuuh tlg diperbaiki plis,negatif
Pengguna Google,Buruk parah Apps nya. Verifikasi wajah masa gagal mulu... Niat baik mau taat pajak aja di bkin ribet dasar negri konoha.. Giliran yg mau makan uang pajak aja di permudah... Haduuhh mai negri mai negri... Kusut,negatif
Pengguna Google,Aplikasi nya jelek tidak bisa login ribet ga mudah di akses,negatif
Pengguna Google,padahal mudah digunakan login lancar dari sekian komen hanya mencela...benar sih kata org2 SDM kita masih rendah,netral
"Pengguna Google,""Sekelas kementerian aplikasi sama situs nya payah mau daftar bayar pajak buat negara aja susah nya minta ampun, padahal anggaran buat beginian gede, kalah sama situs judi bikin akun nya detikan jadi"",negatif"
"Pengguna Google,""Sangat ribet padahal cuma mau bayar, bukan mau ngmbil Padahal udah sadar mau bayar pajak"",negatif"
Pengguna Google,Aplikasi semua pemerintah itu aneh data semua udah bener untuk lupa effin malah salah terus ! Berulang kali taaik,negatif
"Pengguna Google,""udah login tapi harus verifikasi ke email ,tapi kode verifikasi nya gak dikirim2 ke email ðŸ˜¡ðŸ˜¡ðŸ˜¡ðŸ˜¡ðŸ˜¡ðŸ˜¡ðŸ˜¡ udah berkali kali kirim di cek kotak masuk spam dll gak ada"",negatif"
"Pengguna Google,""Parah nih,kg bisa bikin apk udah sosoan mau mendigitalkan pajak,untuk mendapatkan efin saja sulit nya luar biasa"",negatif"
"Pengguna Google,""Sudah masukin no npwp dan password, salah mulu, sampai ubah password typ salah lagi pas login"",negatif"
"Pengguna Google,""Sdh dipadankan nik & NPWP, pas m masuk ke aplikasinya koq ngga bisa?? Aplikasi ngga jelas"",negatif"
"Pengguna Google,""Mau bayar pajak aja, aplikasi nya tidak ramah user Mau di bayar apa enggak nih ... Mau taat bayar pajak tapi belibet aplikasi nya Kita ni mau bayar lho, bukan mau minta"",negatif"
Pengguna Google,Loginya pas pengisian nik/npw angkanya kurang 1 digit jadi gak bisa login,negatif
"Pengguna Google,""Tidak bisa masuk karena lupa efin di tlpn ke cs minta d bantu malah lempar sana sini, pelayanan nya sangat buruk!"",negatif"
"Pengguna Google,""Ini belum optimal ya aplikasi nyaa developer ,udah tahap kirim verifikasi ,tapi tak kunjung datang ke email ,itu nyangkut dimana developer"",negatif"
"Pengguna Google,""Aplikasi busuk, verifikasi efin aja gagal Mulu, jadi males deh bayar pajak. Paling-paling buat beli Rubicon!"",negatif"
"Pengguna Google,""Asli udah di download disuruh update, ini apasih yg di update? Udah 5 jam nungguin loading masih aja begitu"",negatif"
"Pengguna Google,""Belom punya NPWP trus di daftar di alihkan ke web trus gunanya yang mobile buat apa kalau daftar masih harus di web, dan webnya lemot banget juga"",negatif"
"Pengguna Google,""lemott banget, servernya ampas. semoga dev IT nya dari orang yg berpengalaman, dan digaji layak. tapi dev IT juga harus kerja yang bener."",negatif"
"Pengguna Google,""Maunya apa sih, masukin password aja susah, pdhal sudah sesuai aturan minimal 10 digit pake anggka pake kapital sama ...,, Bikin ribet"",negatif"
Pengguna Google,Aplikasi msh blm sempurna. Buat lihat profil tiba2 keluar / menutup sendiri. Tolong di perbaiki.,negatif
"Pengguna Google,""wah awalnya baca komen jadi ragu sama aplikasinya, tp ttp optimis utk coba, ga sampai 10 menit lgsg dikirim ke email efin nyaa, huhu sgt mmbntuuuðŸ˜­ðŸ˜­ðŸ˜­ðŸ™ðŸ™"",netral"
"Pengguna Google,""Sulit bngt minta code verifikasi ... Bikin tercekik, susah bngt ribet. Lapor pajak pake web atau aplikasi sama buruknya. Nggk pernah ada code verifikasi, biar pun d tunggu seharian. Kerja yg buruk bngt"",negatif"
Pengguna Google,kecewa dengan pengalaman nya kok di tunggu notifikasi dari verifikasi nomor gak ada sama sekali lama lagi,negatif
"Pengguna Google,""Aplikasi gak guna. Mau log in ja sush. Nunggu e-mail, giliran buka e-mail. Mlah ngulang lagi dari awal. Terus aja gak kelar2."",negatif"
Pengguna Google,Sengaja di buat pusing dan sulit supaya kita habis tenaga tak ada waktu untuk berfikir lain intinya bayar,negatif
"Pengguna Google,""banyak yg harus di perbaiki ,ibarat nilai 0-10 gua kasi 0 BESAR ,LOGIN SAJA TIDA BISA ,bukannya nambah mudah malah RIBET ,tolong di tingkatkan lagi"",negatif"
"Pengguna Google,""Mau bikin NPWP di minta masukin email, aku ketik huruf bisa giliran angka masuk auto hapus, Lewat web dan apk hasilnya sama"",negatif"
"Pengguna Google,""Ini gimana ya, Perasaan npwp saat ini sudah 16 digit. tpi kok di apkny untuk lupa efin bisany 15 digit maksny ya, tolong dong gimana ini mau dapetin efin"",negatif"
"Pengguna Google,""Lebih baik pakai websitenya , pakai versi ini ga bisa login pkai websitwle langsung bisa login"",negatif"
"Pengguna Google,""Error, loading minta di update terus padahal sudah terupdate..mohon diperbaiki"",negatif"
"Pengguna Google,""apakah sengaja di persulit, biar makin banyak calo? harus ny hal hal seperti ini di kelola swasta, kalo di kelola mereka yang suka makan gaji buta tidak akan pernah maju, kalo swasta lebih profesional, apalagi kalo bukan satu swasta, semakin bersaing pasti semakin baik pelayanannya, misalkan saya bisa bayar di indopajak (contoh nama swasta), bisa bayar di sedapajak (ini juga contoh nama), dsb"",negatif"
Pengguna Google,gak berfungsi sama sekali mau minta kode efin udh selesai semua nunggu sms masuk gak ada masuk sama sekali pembodohan,negatif
"Pengguna Google,""Ga guna banget, gabisa buka web apapun lambat bgt aplikasinya!"",negatif"
"Pengguna Google,""aplikasinya hanya merepotkan, org djb gaji sudah selangit tapi pelayanannya buruk, aplikasi yg harusnya mempermudah malah berbelit belit..."",negatif"
Pengguna Google,Sudah dapat notif efin sudah dikirim ke email tdk ada email masuk. Aplikasi agak lemot,negatif
"Pengguna Google,""tolong dong ini kok loginnya susah banget ya, udah beberapa kali reset sandi juga tetep aja"",negatif"
"Pengguna Google,""Banyak bug error, ribet, dikira bakal memudahkan ternyata engga."",negatif"
Pengguna Google,Kenapa saya tidak dapat membuat kode billing ? Pada menu Jenis pajak dan Jenis Setoran tidak dapat di tekan.,negatif
"Pengguna Google,""Aplikasi nya sulit diakses, web nya pun gajelas gabisa akses terus, dan datang ke kantor pajak cimanggis depok pelayanan dari satpam nya gajelas juga, masa orang tanya malah ditanya balik gak kasih arahan sama sekali, udah mana cuek orangnya jawabnya juga sesuka hati dia aja"",negatif"
Pengguna Google,Aplikasi gak guna ferifikasi data muter2 gak jelas minta efin pun susah gimana mau taat pajak kalau semua dibuat susah.,negatif
Pengguna Google,Pengembang aplikasi ini gimana ya mau login email verifikasinya kok ngga terkirim terus ya tolong di respon,netral
"Pengguna Google,""semua komentar tidak beda jauh dengan yang lain, kalau memang belum bisa membuat aplikasi pelayanan masyarakat yang baik lebih baik ditutup saja aplikasinya."",netral"
"Pengguna Google,""aplikasi ampas, buat memperbaiki lupa efin aja susahnya minta ampun. suruh taat pajak, tapi bikin aplikasi aja masih banyak msalahnya dasar kagak becus bekerja kalian ini"",negatif"
"Pengguna Google,""kenapa ini mau loging tpi gagal terus , berkaliÂ² masukkan kode verifikasi abis sesi berakhir terus"",negatif"
Pengguna Google,Mau bayar pajak aja susahnya minta ampun daftar aja serengah mati loadingnya tolong di perbaiki masyarakt kecewa kalo pelayananya gini bukan di permuda tapi di persulit,negatif
"Pengguna Google,""Seperti biasa tidak berguna sama sekali, apk pemerintah banyak bug nya. Padahal ini sekelas pajak."",negatif"
"Pengguna Google,""Ini aplikasi apa sih ini, ga ada solusi dan kemudahan sama sekali. Ntar di bilang kita yang berbelit belit."",negatif"
"Pengguna Google,""apk yang lama sudah bagus, dan apk yang sekarang gak bisa di akses, buang"""" anggaran negara saja"",negatif"
Pengguna Google,Disuruh rajin bayar pajak tapi aplikasi membingungkan..rumit...tolong buat aplikasi tidak rumit rumit agar masyarakat rajin buat pajak,negatif
"Pengguna Google,""tolong dong perbaiki, setiap kali mau buka harus login lagi baru buka beberapa hari harus login lagi"",negatif"
"Pengguna Google,""Baru juga download. Mencoba daftar NPWP baru, tetapi tidak ada email yang masuk. Baru langkah awal sudah buruk ðŸ‘ŽðŸ¿"",negatif"
"Pengguna Google,""Mau lapor SPT Ketunda melulu gara2 kode verifikasi terlambat masuk ke email, minta kode verifikasinya kemarin baru muncul hari ini, hadeuuh..ðŸ˜žðŸ˜žðŸ˜ž"",negatif"
"Pengguna Google,""Aplikasi ga mutu, lupa katasandi gabisa. IT payah... Kerja kerja kerjaaaaaa..."",negatif"
Pengguna Google,memang untuk memperaulit Rakyat.. mau web ny aplikasi ny.. tiba2 nanti ada denda.. buat aja yang simpel dan mudah di mengerti rakyat..,negatif
"Pengguna Google,""Aplikasinya benar-benar membuat pusing, berulang kali gagal kalau udh ke tahap selanjutnya"",netral"
Pengguna Google,Kalo misanya ga ada pengembangan lagi saran aja buat developer aplikasi mending di tutup dari pada dapet komentar jelek sama renting bintang 1,negatif
Pengguna Google,Katanya bayar pajak lapor pajak itu mudah... nyatanya juga sulit... gak tau lah mesti ngomong apa..,negatif
"Pengguna Google,""segala aplikasi pemerintah pasti error sistem, yg katanya membantu mempermudah, faktanya kita harus tetapa kekantor dan laporan manua, dgan alasan aplikasi sedang perbaikan sistem"",negatif"
Pengguna Google,Tolong segera perbaiki.. serasa gak aplikasi gak ada gunanya.. apa lg live chatnya,negatif
Pengguna Google,buruk sekali.sekelas negara bikin aplikasi kok seperti ini. verivikasi lama pas selesai tidak bisa dikirimðŸ˜…. suruh bayar pajak lah bikin akunya aja susah,negatif
"Pengguna Google,""Aplikasi lemott, customer service cuma ada bot doang lagi. App pemerintah gada yg beress, apa anggaranya dikorupsi?"",negatif"
"Pengguna Google,""Sekali lagi, apapun itu kalau layanan milik negara pasti ribet dan semakin sulit.."",negatif"
Pengguna Google,Seharian ga bisa login ke aplikaai ataupun web nya larena verifikator nya ga muncul muncul,negatif
Pengguna Google,aplikasi tidak jelas. sudah isi pulsa untuk daftar verifikasi pendaftaran tapi tidak ada kelanjutannya. gimana ini min?,negatif
Pengguna Google,mudah mudahan saat digunakan selalu lancar dan tidak ada kendala sedikitpun...,netral
Pengguna Google,kesel banget udh beberapa kali login gagal padahal password sama NPWP udh puluhan ribu kali di cek sama tapi ttp ga bisa login,negatif
"Pengguna Google,""Pendaftaran sulit di persulit , ga usah klen kerja longor kalau ini aja klen persulit"",negatif"
"Pengguna Google,""Fitur yang sangat buruk, tidak di aplikasi atau pun di website semua ny buruk!ðŸ‘Ž"",negatif"
Pengguna Google,belajar lagi bikin aplikasi,negatif
"Pengguna Google,""mau jadi warga tertib pajak dipersulit sama aplikasi banyak eror, username dan password udh bner tetep gbsa login"",negatif"
"Pengguna Google,""aplikasi tidak jelas, pin aktifasi sudah di masukan malah sesi berakhir terus"",negatif"
Pengguna Google,Ga bisa login dengan alasan npwp tidak terdaftar. Ngaco ahh,negatif
Pengguna Google,Ini apl gimna si mau daftar malah bermasalah mulu tautan bermasalah ngga tersedia kirain mempermudah malah puyeng,negatif
"Pengguna Google,""Saya maksud download aplikasi ini agar mudah lapor pajak tahunan, malah stak di verifikasinya, nomor kode verifikasinya nggak masukÂ² ke email saya,"",negatif"
Pengguna Google,Aplikasi aneh masa iya lain ada icon EFIN di aplikasi nya gua kg ada aneh bet rugi download2 buang2 kuota,negatif
"Pengguna Google,""Adohh mau lapor pajak saja ribetnya minta ampun.. sdh susah masuk, mau login masukin kata sandi salah terus gimana sebenarnya aplikasi ini berfungsi gk sih..?"",negatif"
"Pengguna Google,""Mau bikin surat setoran pajak gak bisa di klik, terus gimana caranya dapat E Billing"",negatif"
"Pengguna Google,""payah pelayanan chat tunggu 30 hari kerja baru bales lama banget . sekalinya terhubung tidak membantu sama sekali, lebih menyerahkan masalah itu kembali pada pelanggan. shame on you,negatif"",negatif"
"Pengguna Google,""Masa login salah terus, padahal user & password-nya udah sesuai!"",negatif"
"Pengguna Google,""Aplikasi yg sangat buruk, ngga di website maupun aplikasi sama saja,bukan nya mebg update untuk memperbaiki kualitas pengguna malah tidak ada perkembangan"",negatif"
"Pengguna Google,""Aplikasi andalan Direktorat jendral pajak. Kalo belum siap di era digital mending jangan buat aplikasi, Manualkan aja. bikin aplikasi malah bikin susah masyarakat"",negatif"
"Pengguna Google,""hadeh mau laporan spt aja susah bngt, minta EFIN lewat aplikasi ada gangguan, lewat email ga ada balesan, lewat telfon ga terhubung, lewat live chat di oper sana oper sini umpan lanbung. mau ke kantor sabtu - minggu tutup."",negatif"
Pengguna Google,Verifikasi OTP tidak dikirim baik via email dan SMS. Sangat tidak membantu,negatif
Pengguna Google,Mohon maaf untuk pendaftaran sangat ribet dan bermasalah. Jika tidak di perbaiki saya akan berikan rating yg buruk. Buat perpajakan jangan ribet,negatif
"Pengguna Google,""Web nya aja ancur ancuran bikin aplikasi, orang orang Pajak tu ngapain aja si, sampe kena hujat sana sini, benerin dulu web nya, bikin app mah buat pantes pantes doang,dikira jadi keliatan keren apa gimana web sama app nya ga bisa di pake,"",negatif"
Pengguna Google,Kenapa aplikasi plat merah selalu banyak masalah ya? Padahal saya yakin dukungan anggaran pastinya ga masalah,netral
"Pengguna Google,""Aplikasi gak jelas, ngapai lu buat aplikasi klok ujung2nya untuk sebuah nomor Efin aja lu suruh org ke kantor pajak!"",negatif"
"Pengguna Google,""data aku udah tersimpan otomatis,tapi masih aja gagal buat masuk,tolong diperbaiki lagi dong"",netral"
Pengguna Google,Saya mau buat spt masuk akunnya saja susah harus konfirmasi email sm telpn tapi g ada pemberitahuan code diemail sm telpn gimana mau laporan,netral
"Pengguna Google,""Kenapa setiap selesai upload foto selalunya eror masalah kelurahan padahal nama kelurahan jelas jelas gak ada yang salah sama persis yang di KTP, mau bayar pajak tapi aplikasi model begini ðŸ‘ŽðŸ‘ŽðŸ‘ŽðŸ‘Ž, live chat nya aja gak ada solusi"",negatif"
"Pengguna Google,""Aplikasi maupun website cm formalitas, gak bisa di pake, nyusahin masyarakat, duit pajak gak jelas, mesti di audit & system online semua pemerintah biar gak di maling system yg baik terintegradi & terkontrol dgn AI"",negatif"
"Pengguna Google,""ngirim otp lama, saran aja tambahi waktunya. di aplikasi 10 menit, nyata 2 hari baru masuk kode otp ke email ðŸ‘Ž"",negatif"
"Pengguna Google,""Jelek aplikasinya, tiap mau masukin otp atau verifikasi data by email selalu balik lagi ke menu awal"",negatif"
Pengguna Google,Aplikasi yang bikin orang paling tolol sedunia di suruh login tapi gak ada menu register parahmen,negatif
"Pengguna Google,""Alhamdulillah sistemnya udah di update, tanya kode ifin langsung patass. Ok tingkatkan lagi untuk mempermudah masyarakat, untuk taat perpajakan"",positif"
"Pengguna Google,""Uninstall....harusnya mudah,malah ribet, banyak nge-bug aplikasinya"",negatif"
"Pengguna Google,""diminta kode verifikasi via sms, nomor udah bener, eh sms nya gak masuk2, udah berkali2 coba, APLIKASI SAMPAH"",negatif"
"Pengguna Google,""kode otp tidak dikirim tapi dipaksa ngecek semua folder, orang ngk ada mau gimana lihatnya, ini bukti mau bayar pajak aja dipersulit,"",negatif"
"Pengguna Google,""LAYANAN SAMPAH PEMERINTAH,Fitur live chat pas buka bilang jaringan kurang bagus,chat berakhir....dongooo udh gw tunggu petugas KRING buat konsultasi ditunggu ga ad jawaban,giliran masuk udh bbrpa kali malah error ,layanan tolol"",negatif"
"Pengguna Google,""Terimakasih sangat amat membantu, lupa efin diaplikasi ini hanya membutuhkan waktu beberapa menit, efin langsung masuk email.."",positif"
"Pengguna Google,""Aplikasi ga jelas, lebih banyak error daripada benernya"",negatif"
"Pengguna Google,""Apk gak jelas , kalau lewat webnya bisa masuk tapi kalau lewat apk sulit malah sering gagal"",negatif"
"Pengguna Google,""Tolong link ureg.pajak.go.id dibenerin, masa pengen bikin npwp susah bngt,, udh bener tinggl ngisi data doang,, keluar sebentar langsung bikin dari awal lagi,, pulsa gw udh abis goceng bikin itu doang,,, orang pengen bayar pajak ajjh malah dipersulit,,,, kerja yang bener, bukan foya"""" sama nyantai"""" jangan korupsi terus, uang rakyat buat negara bukan buat diri pribadi, klo fasilitas negara buat rakyatnya kaya gini gimana negara mau maju, yang ada, HANCURRR!!!!!!"",negatif"
Pengguna Google,Sering kembali ke menu asal padahal sudah mengisi data begitu banyak,negatif
Pengguna Google,Setelah update malah gak bisa login... Parah bangettt dahhhh,negatif
Pengguna Google,Aplikasi tidak berguna lupa efin sudah kirim berkali kali di cek di kotak masuk email nihil efin nya makan gaji buta,negatif
"Pengguna Google,""Masuk aja susah, suruh masukin kode tapi gk dikirim ke email, sekelas aplikasi untuk negara kok kaya gtu"",negatif"
Pengguna Google,Aplikasi gak mutu gak bisa buat. Daftar Anggaran aplikasi besar buat di korupsi,negatif
"Pengguna Google,""Maaf sy mau isi jenis pajak, jenis setoran dll kok tidak bisa ya, diklik gak muncul pilihannya..."",negatif"
"Pengguna Google,""Aplikasi GAGUNA!!! Mau registrasi aja ngga bisa, muter"""" mulu.. yang ada bikin bingung"",negatif"
"Pengguna Google,""Kode verifikasi yang dikirim melalui email, no SMS sangat sulit. Nunggu kodenya setengah hari :("",negatif"
"Pengguna Google,""Bayaran gedi doang bikin aplikasi ama situs ecek2..kerjanya gak guna, udah mending kasih ke BCA aja yang lebih sat set dan kerjanya bener"",negatif"
Pengguna Google,Ya Allah tolong donk.. kita juga ingin bayar pajak.. tapi error terus.baik dari aplikasi ini maupun website..,negatif
"Pengguna Google,""Aplikasi negara paling ribet , Tidak membantu sama sekali Semuanya di bikin ribet"",negatif"
"Pengguna Google,""Disuruh ngirim kode pas di masukin malah gak bisa , apk kualitas rendah"",negatif"
"Pengguna Google,""Susah amat,giliran buka email masuk,ini ketendang ke login lagi,ulang-ulang"",negatif"
"Pengguna Google,""Daftar lewat aplikasi ga bisa, daftar lewat browser belum melayani operator 3"",negatif"
Pengguna Google,Mau tanya ... Gimana caranya login jika saja hanya email dan password nya saja yang masih bisa di ingat,netral
"Pengguna Google,""Susah login, sudah dapat kode lewat email tetap dianggap salah...."",negatif"
Pengguna Google,tidak bisa ber word word... ni aplikasi sangat membantu memancing emosi,negatif
"Pengguna Google,""Sudah bagus ada aplikasi DJP online, tapi sayang tdk bisa untuk laporan SPT Tahunan."",netral"
"Pengguna Google,""Pokoknya aku tau nya ini online yah. Aku gak mau diarahkan ke offline. Semua harus online. Parah login berkali kali gagal terus . Sejauh ini , ini apk tersulit ,ribet penuh tantangan diarahkan kesana kesini. Ngisi form nya jg ribet. Tolong diperbaiki lagi. Pangkas tautan2 seminim mungkin, pak Jokowi tau pasti marah kayak gini. Coba aku share ke mas Gibran deh."",negatif"
"Pengguna Google,""Aplikasi, tidak bisa login tidak efektif dan sangat menyusahkan"",negatif"
"Pengguna Google,""Banyak bug nya, disuruh milih kode autentikasi ngga ada tombol nya"",negatif"
Pengguna Google,Aplikasi bikin nga liyer keun daftar langkah ke 2 susah msukan kode otp blik lg blik lg malah plz habis daftar gak bisa bisa,negatif
"Pengguna Google,""Ini saya mau buat npwp, daftar nya astagfirullah, gak heran masyrakat banyak yang main slot karna lebih gampang daftaf slot daripda npwp"",negatif"
Pengguna Google,Sudah daftar akun mulai tahun kemarin bisa login lapor online ini malah di bilang pasword salah orang pasword di catat di baiki lah jangn jadi apk sampah jangan bisa minta bayar pajak aja depolever car ygi waras lah,negatif
"Pengguna Google,""Pajak semakin tinggi tapi pelayanan akses untuk tertib pajak semakin buruk, dari MPajak, coretax busuk semua."",negatif"
"Pengguna Google,""udah login giliran masukin kode verifikasi gak bisa, gitu aja terus..... tolong lah yang bener napa aplikasinya ngabisin anggaran negara aja loe bikin aplikasi gak bener gini"",negatif"
"Pengguna Google,""Apk nya engga jelas keluar sendiri mulu padahal pencet profil tiba tiba keluar sendiri ,, apk yang bener bener npwp yang mana plis"",negatif"
Pengguna Google,Aplikasi pemerintah kok lemot kek gini dan keseringan eror mohon di perbaiki trimakasi,negatif
Pengguna Google,No NPWP udah bener paswword udah bener tetep gak bisa masuk. Tlg di perbaiki,negatif
"Pengguna Google,""aplikasi ini dibuat dari uang pajak kami , tapi malah mempersulit hidup dan buang buang waktu sangaaatttttt anehhhh jangan hanya mau rakyat bayar pajak aja tapi buat aplikasi malah nyusahinnnnnnn"",negatif"
"Pengguna Google,""Jelek banget aplikasinya. Kami dituntut cepet lapor pajak, tapi ada aplikasi yang kami pikir bisa cepet selesai tapi malah aplikasinya jelek. Gak guna."",negatif"
"Pengguna Google,""Sudah lama tidak buka djp, begitu dibuka kagak bisa lagi, admin mohon di perbaikin demi kelancaran."",negatif"
Pengguna Google,GK jelas pdhl lupa password sama efin pngn rubah Kya nya ribet amat udh ikutin semua step malah error' di ending nya padahal udh sesuai klo gini jdi males bayar pajak heran mau lapor juga ribet gbs ubah password,negatif
"Pengguna Google,""Ribet, tidak efisien, Lemot, Mohon dipermudah."",negatif"
Pengguna Google,tolong min saya kesusahan membuat nya,negatif
"Pengguna Google,""Tolong perbaiki lagi, sudah bagus masyarakat banyak yang mau taat pajak tapi app nya malah ga jelas"",netral"
Pengguna Google,Mungkin perlu ditingkatkan agar ada menu untuk laporan spt tahunan,netral
"Pengguna Google,""Gak ada aplikasi pemerintahan yang bagus satu pun, masih mendingan swasta kalau bikin aplikasi niat, mempermudah pengguna. Ini malah punya pemerintah kalah jauh sama punya swasta...sampah beud dah"",negatif"
"Pengguna Google,""Mau ngurus lupa efin aja ribet, padahal udah pake foto sendiri. Klo nagih pajak getol buat pelayanan sulit."",negatif"
Pengguna Google,Baru juga download udah minta Update..... Mo update malah ga bisa....,negatif
"Pengguna Google,""sampah mau login aja susah banget. gue mau login verif suruh masukin kode aja kaga ada masuk ke email, sekalinya ada lama dan udah expired kodenya. bikin app yang bener gobloggggg bikin susah orang aja sialan. jangan perut doang yg digedein idiot"",negatif"
"Pengguna Google,""Datang ke kantor pajak langsung malah di suruh daftar online, giliran daftar online malah ribet. Terlalu banyak buang waktu"",negatif"
"Pengguna Google,""Tidak mempermudah, sering error, menghabiskan pulsa tetapi tidak ada hasil"",negatif"
"Pengguna Google,""Terimakasih min updetan kali ini lebih baik drpda sebelumnya, sekarang tombol OTP verifikasinya sdh bisa d klik, jadi mudah deh untuk mendapatkan EFIN"",netral"
Pengguna Google,Kalo udah input NIK sama NPWP gak harus isi ulang data lagi dong!!!!!! Aplikasi SAMPAH!!!!!,negatif
"Pengguna Google,""Aplikasi gajelas, nomor npwp dan password sudah sesuai gabisa login"",negatif"
"Pengguna Google,""Offline ribet & cuek bgt pegawainya, da gtu d suruh online dulu.. Giliran online Down mulu servernya.. Udah gtu dm g d respon.. Gini klo telat di denda.. Hadeeh.. Gini amat birokrasi plat merah.."",negatif"
"Pengguna Google,""Proses ribet ,mau lapor spt lewat online banyak sekali pertanyaan ,mana bingung mau jawab apa ,mau ke kantornya jauh ,memakan biaya belom lagi kalo sampe ada masalah di jalan ,sangat tidak mengerti keadaan rakyat ,udah gajih kepotong buat pajak mana suruh lapor tiap taun ,ribet skali si aturan pemerintahan ini ."",negatif"
"Pengguna Google,""Ga bisa login,, tapi kalau login di browser bisa,, aneh banget.."",negatif"
"Pengguna Google,""Kualitas nya kurang banget. Saya minta kode verif untuk pengajuan efin, keterangan kode berhasil via email di kirim tapi di email blm ada."",negatif"
"Pengguna Google,""mau bayar pajak bulanan aja susah.. mesti bikin coretax, sekali bikin susah minta ampun..gak bayar kena denda.. bikin pusing aja +62, system triliunan kyk gini"",negatif"
"Pengguna Google,""daftar aja sekarang harus online, bikin ribet aja udah gitu ngisi data , validasi data aja nunggu nya lama banget buruk banget pelayanan sekarang padahal di minta sama perusahaan tempat gw kerja se cepet nya"",negatif"
"Pengguna Google,""Sbetulnya saya heran, kenapa saya disuruh Update padahal di Playstore tidak ada tulisan """"update"""" Whyyy???? Saya makin heran ternyata gak cuma saya yg merasakan ðŸ˜‚ðŸ˜‚."",negatif"
"Pengguna Google,""Ribet, memaksa dan pengancaman denda. Masyarakat yang dipungut pajak, masyarakat juga yang lapor, kan kocak. Harusnya masyarakat dipermudah untuk akses pembayaran dan petugas yang ngasih laporan ke masyarakat pajaknya dipotong berapa dan buat apa."",negatif"
"Pengguna Google,""Sumpah ini aplikasi pajangan aja , daftarin pakai email tulisannya email sudah terpakai, padahal di check blm terdaftar .coba siapa yg sukses daftar pakai aplikasi ini"",negatif"
"Pengguna Google,""awalnya lupa efin,terus udah dapet email efin,pas login ga bisa bisa aneh kali loh ini aplikasi"",negatif"
Pengguna Google,aplikasi gk jelas pas daftar malah bilang nik tidak terdaftar didukcapil.aneh gk mungkin tau orang baru berapa bulan lalu urus kk dll smua bisa dasar,negatif
"Pengguna Google,""Aplikasi kalo yg ngelola pemerintah gk bisa d pakai, gk becus, giliran uang baru mereka sat set,"",negatif"
"Pengguna Google,""Aplikasi yang membangkongkan. Tidak mencerminkan kata-kata online nya. Yang ada sama saja, ujung-ujungnya harus offline. (Kebanyakan omon-omon)"",negatif"
"Pengguna Google,""sangat jelek, mau daftar aja dipersulit. Aplikasi peninggalan VOC."",negatif"
Pengguna Google,Good mantap cuman saya belum pernah daftar tapi di sini ada tagihan,negatif
"Pengguna Google,""Aplikasi murahan ini , Mw regis Efin aja gak bisa2 !!! Uang pajak di pakai buat benarin ni aplikasi !!!"",negatif"
"Pengguna Google,""sama sekali tidak membantu ,udh download masa harus ke kantor pajak juga untuk ganti swafhoto ja mau bayar pajak aja susah ,"",negatif"
"Pengguna Google,""Aplikasi astaga naga, susah sekali device saya kenceng bagus tapi kaya gini astaga nagaaaaaaaaaaaa"",negatif"
Pengguna Google,Password udah sesuai kok tulisannya password slaah trw..by HP by PC gabisa maunya apaaa,netral
"Pengguna Google,""Login sulit, minta verifikasi otp via email tapi ga dapet otpnya"",negatif"
Pengguna Google,Susah di gunakan ga bermanfaat masuk ke live chat ja susah muter terus,negatif
"Pengguna Google,""ini bagaimana nomor pajak saya ada 16 sedangkan di aplikasi harus 15 angka, asli sangat di sayang kan nih pajak di Indonesia."",negatif"
Pengguna Google,Pendaftaran langkah ke 2 sdh gak bisa lanjut lagi stuck di situ aja mau di klik next atau prev gak bisa juga...developernya perbaiki lagi nih,negatif
"Pengguna Google,""Ini bukan aplikasi, cuma semacam bookmark yang terkonek ke browser. Buset mengelola dana kami segitu besar, cuma dibikinin aplikasi useless"",negatif"
"Pengguna Google,""mau bayar pajak aja susah, aplikasi lemot masuk ke aplikasi kode gak muncul2. kaya nya semua aplikasi pemerintah gini semua dah kaya sampah."",negatif"
Pengguna Google,aplikasi cacat kenapasih kebanyakan aplikasi publik punya pemerintah banyak error nya mau daftar npwp aja ga bisa bisa,negatif
"Pengguna Google,""Aplikasi gak guna...bikin emosi, daftar selalu gagal...malulah !!!!"",negatif"
Pengguna Google,Live chat susah di akses. Registrasi susah sekali. Mau taat pajak aja susah.,negatif
Pengguna Google,Aplikasi banyak bug. Gak jelas. Pencet dikit malah keluar sendiri,negatif
"Pengguna Google,""Tidak bisa login menggunakan akun DJP, padalan di website DJP bisa login normal"",negatif"
Pengguna Google,Apk bohong jangan di instal jika ingin tertib laporan pajak langsung ke kantor djp langsung. Sekali lagi jangan instal apk ini karena apk ini meminta kita menyerahkan kontrol hp penuh,negatif
Pengguna Google,Kenapa login pakai NIK kok tidak bisa/ ketersediaan untuk menulis NIK kurang,negatif
"Pengguna Google,""Kalau bikin aplikasi secara online masih ragu, gausah terbit pajak online .. ngabisin pulsa doang , #NOTED"",negatif"
"Pengguna Google,""gak bisa di kosongin bintangya, urus data pengguna perpajakan aja gak beres smpe suruh lakukan pemadanan lagi, mau ngurus apk onlinenya... ampun, iklas aja dah,,"",netral"
Pengguna Google,Apk erros terus untuk pemutahiran nik ja dan pelaporan SPT ngga tau yg mana,negatif
"Pengguna Google,""Fix dong, kaga bisa login terus udah sebulan an, saya rating tinggi biar kebaca ama si admin ini"",netral"
"Pengguna Google,""sistrm baru malah bikin kesulitan,giliran dateng ke kantor di suruh daftar online,mau berkontribusi ke negara malah di susah in,mending gausah bayar pajak ges"",negatif"
Pengguna Google,Aplikasinya tidak ada untuk pelaporan pajak..dan tdk bisa mengunduh A1,netral
"Pengguna Google,""sekalipun ngerti daftarnya,tapi untuk nentukan kordinat peta sangat2 merepotkanðŸ˜¡ðŸ˜¡"",negatif"
Pengguna Google,padahal gue udah bikin offline di kantor pajaknya. eh pas gue coba cek di aplikasi keterangan error nik tidak dikenal. ðŸ˜ðŸ˜ðŸ˜ lucu ngising mulu,negatif
"Pengguna Google,""Masa NIK NPWP kan 16 nomor tapi pas mau login maksimal 15 karakter yg bisa diketik, gimana loginnya?"",negatif"
"Pengguna Google,""Kenapa cuma verifikasi aja udah 2 hari lebih gk kelar dah gitu bikin hp eror kena virus ,,habis itu katanya bayar 10.000 ribu saja buat materai tapi kenyataannya saldo direkening saya malah kesedot semua mohon penjelasannya dan urusunnya gimana sampai terjadi kaya gini.kita masyarakat kecil bukannya dibantuin malah dirugikan"",negatif"
Pengguna Google,Sangat jelek sekali. Tombol verifikasi tidak dapat ditekan.,negatif
Pengguna Google,Apk macam apa ini! Login di website bisa tapi login di apk gak bisa!!,negatif
Pengguna Google,Bisa gak sih buat website itu yang bener bolak balek verifikasi otp ga bisa bisa makanya kalo buat website jangan banyak di korup,negatif
"Pengguna Google,""Sudah mengajukan lupa Lupa Efin, tapi gagal verifikasi. Entah dimana salahnya gk di jelaskan. Kita niat mau bayar pajak tapi di buat susah"",negatif"
Pengguna Google,Halo admin m pajak tolong jelasin kenapa kode otp udah dimasukin tapi tidak bisa di ketik verifikasi nya?,netral
Pengguna Google,secara tidak langsung aplikasi ini mendefinisikan ketidak mampuan pemerintah dalam mengatasi birokrasi yang berbelit belit,negatif
"Pengguna Google,""Apk sampah, tidak berguna, lebih baik hapus saja dari pada mempersilit lapor pajak."",negatif"
Pengguna Google,baru beberapa menit instal apk ini....mau masuk ada laporan suruh update... yang harus di update apanya...????,negatif
Pengguna Google,Apa benar aplikasi Pemerintah memang dibuat untuk sering error dan banyak bug?,negatif
Pengguna Google,Gini amat aplikasi pemerintah hdeuh emil sudah bener tapi ngebug nungguin verivikasi ampe berhari hari belum juga ada,negatif
Pengguna Google,Tidak bisa dapatkan efin eror terus padahal data sudah benar,negatif
Pengguna Google,Parah kode otp nya mana ko gak masuk'' klw aplikasi milik negara kaya gini sulit untuk di gunakan bhkan bnyak eror,negatif
Pengguna Google,APK ny klo beloem dapat beraktivitas dgn layak.... Tak usah d i pajang di play store....bikin malu pengguna.... memangny duit pajaknya dikemanai ... Buat Apk ny bobrok gituuu,negatif
Pengguna Google,Sistem nya GK praktis payah padahal mo bayar pajak tuk akses masuk nya rumit pokoknya aplikasi ini bukan bantu malah bikin pusing,negatif
"Pengguna Google,""Sudah login beberapa kali, tetap saja gak dapet kode Verifikasi yg dikirim via email"",negatif"
"Pengguna Google,""Jangan di download, percuma buangÂ² waktu buangÂ² kuota, aplikasi ga jelas, live chatnya juga ga jalan, padahal mau urusÂ² buat npwp16"",negatif"
"Pengguna Google,""halah, gk web nya, gk app nya sama aja... app yang asal jadi. error semua.."",negatif"
"Pengguna Google,""Sangat lemot,dan tidak ada tanggapan keluhan akan aplikasi,gini mau maju gimana,aplikasi sekelas pemerintahan dibikin gk niat sama sekali"",negatif"
"Pengguna Google,""Apk yg sangat bagus. Tidak ada bug,delay & iklan. Keren sekali!"",positif"
"Pengguna Google,""Tombol verifikasi disable, semoga cepat di update."",negatif"
"Pengguna Google,""Konfirmasi sangat lambat verifikasi email masuknya 1 jam Mau lapor bayar pajak yg lapor malah dipersulit Kalok gak bayar pajak didenda Serba salah, sangat tidak membantu"",negatif"
Pengguna Google,Error terus login sudah benar semua masih saja ada error,negatif
Pengguna Google,Rubah data ribet amat antara petugas dan di aplikasi gak beres...,negatif
Pengguna Google,Bagus aplikasinya memudahkan WP memantau Status dan pelaporan yg sudah/belum. Maaf masih belajar perlu tutor nih,positif
Pengguna Google,Tiap mau login errornpwp1516 kenapa ya? Bug kah?,negatif
"Pengguna Google,""banyak waktu terbuang untuk ngurus npwp online ini. apk dan web susah diakses, loading lemot, n registarasi gagal terus ðŸ¥²"",negatif"
"Pengguna Google,""Coba untuk Buka akun yg diblok dipermudah untuk buka kuncinya, terlalu ribet"",negatif"
"Pengguna Google,""Minta kode Verifikasi sampai botak nungguin gak masukÂ²,, padahal nomor yg didaftarkan masih aktif ðŸ‘ŽðŸ‘ŽðŸ‘Ž"",negatif"
"Pengguna Google,""Tolong admin, kenapa ya ini gak bisa bikin Form Pajak pph21.. Tombol buat nya gk timbul2"",negatif"
Pengguna Google,Kenapa harus dipersulit untuk pendaftarannya.padahal mau bayar pajak harusnya dipermudah,negatif
"Pengguna Google,""tdk bisa login sandi nik/npwp sudah benar , fitur banyak yang eror, peru banyak perbaikan"",negatif"
"Pengguna Google,""Validasi otp dari zaman dinasti ming sampai skrng ndk masuk2 ke sms,,gmna mah daftar"",negatif"
"Pengguna Google,""niat tidak sih bikin aplikasi, mau login aja susah banget, error terus, mau bayar denda aja kaga jelas instruksinya kaya gimana, ampun dah aplikasi pemerintah parah banget."",negatif"
Pengguna Google,Aplikasi tidak baguss.. Buka apapun susah walaupun signal bagus. Apk hanya bikin pusing,negatif
"Pengguna Google,""Mau bayar pajak aja dipersulit negara, dan negara bilang penerimaan pajak sedikit. Sungguh aneh"",negatif"
"Pengguna Google,""aplikasi aneh masa klik lupa sandi gak bisa, tolong lah di perbaiki aplikasinya, jgn smpai merugikan penggunaal nya"",negatif"
"Pengguna Google,""bagaimana sih aplikasi udah lama berjalan masuk keagen aja lama banget, kita yang bayar kita di persulitkan"",negatif"
"Pengguna Google,""Bisa dong kalo efin nya verifikasi lewat sms,,, kan sekarang jaman canggih masa harus datang ke kantor pajak kan belum tentu kami punya waktu kesana"",negatif"
"Pengguna Google,""Website/aplikasi pemerintah memang selalu ampas. Anggaran besar, hasil kerja konyol"",negatif"
Pengguna Google,Hari ini gak bisa ke buka tiba-tiba keluar sendiri kaya ada error atau bug,negatif
"Pengguna Google,""Aplikasi nya ribet diluar nalar, pegawai pajak korup. nagih pajak elit laporan pajak sulit"",negatif"
Pengguna Google,Aplikasi g jelas kode otp g ke kirimÂ² udh bener semua malah engga bisa gajelas co web nya juga engga jelas,negatif
Pengguna Google,masuk ke dalam app saja nggak bisa. hanya halaman depannya saja yang terbuka,negatif
Pengguna Google,Mantap. Tapi sayang sekali sudah tidak bisa di gunakan. Mungkin dalam masa perbaikan.,netral
"Pengguna Google,""Saya sudah 2x minta kode efin. Katanya sudah dikirim ke email, tapi pas di cek tidak ada."",negatif"
"Pengguna Google,""kebanyakan bug eror perbaiki lahh, biar kita ga terlalu buang waktu"",negatif"
"Pengguna Google,""Mau log in tapi yang muncuk error terus, kalau log in di web bisa."",negatif"
Pengguna Google,Cepat mudah.. Hitungan detik efin langsung terkirim... Mantap aplikasinya.,positif
Pengguna Google,uda 5x buat bagian alamat muter2 terus njiss amat. iya kalo buat verifikasi ga pake pulsaa. kasih bintang 1 pun masih kebagusan,negatif
"Pengguna Google,""Setelah liat rating y jelek ternyata benar , daptar pajak susah y minta ampun , gimana orang mau taat bayar pajak"",negatif"
Pengguna Google,terlalu lama proses masuk akun ...dan selalu di tolak karena kebanyakan memasukan akun,netral
"Pengguna Google,""Sangat terbantu mendapatkan EFIN. Gak perlu menunggu lama, langsung dikirimkan ke email."",positif"
"Pengguna Google,""Pajak emang legit, tapi kerja mah pait, aplikasi sekelas pajak begini amat, parah"",negatif"
"Pengguna Google,""aplikasi nya kurang bagus, web nya jelek banget susah buat NPWP"",negatif"
Pengguna Google,Sudah berapa banyak Rupiah masyarakat terbuang siaÂ² di aplikasi ini. Useless. Untuk biaya sms verifikasi saja masih dibebankan kepada user. Sementara user bayar pajak.,negatif
"Pengguna Google,""saya mau mendaftar npwp, tetapi ada kendala di tempat domisli itu kan otomatis di isinya jadinya gak bisa di ganti dari wibsitenya kode pos 71570 harusnya di sini 71572 jadinya saat di tekan lanjut itu gak bisa data tidak di temukan hasilnya mohon di bantu"",netral"
Pengguna Google,Yang membuat aplikasi ini pasti orang LOL TO mau ganti kata sandi nungguin email 10 kali nggak ada masuk,negatif
Pengguna Google,Kenapa ga bisa login di apk maupun di DJP onlin selalu error jadi gabisa lapor spt,negatif
Pengguna Google,Website sama aplikasi sama aja nggak ada yg beres . . Mau login aja susah amat dibilang npwp sama password salah mulu . . Mau minta Efin ehh malah dikirimnya ke yopmail padahal semua juga pakainya gmail . . Lagian mana ada yg pakai email yopmail . . Hadeehh makanya duit rakyat dipakai yg bener donk diilangin tuh yg korup2 biar bisa bikin akses online yg memudahkan buat rakyat,negatif
"Pengguna Google,""Mau daftar npwp dan bayar pajak aja susah amat, puluhan kali gw daftar di captcha salah mulu, sekelas negara aja punya aplikasi jelek amat"",negatif"
"Pengguna Google,""aplikasi ribet bat , login gagal , kata sandi salah, lupa kata sandi tak kunjung di kirim ke email , chat wa juga ga kunjung dibalas haha dialihkan ke isi npwp dan effin mulu. Ribet bos"",negatif"
"Pengguna Google,""Fiturnya terlihat canggih tapi tidak bisa akses, eror"",negatif"
"Pengguna Google,""Minta tolong lah, aku butuh EFIN, giliran mau minta EFIN ada aja kendalanya, katanya kode verif di kirim ke EMAIL, tapi kode nya ga masukÂ², kalo minta kode dari nomor telpon harus pake pulsaðŸ™‚, kok jadi ribet gini yah ??, cape tauu"",negatif"
Pengguna Google,saya kurang mengerti dan memahami bagaimana penggunaan aplikasi ini...sering dapat telp mengatasnamakan Ditjen pajak...dengan berbagai alasan masalah bla-bla-bla...ðŸ™,negatif
"Pengguna Google,""Jelek, selalu gagal, selalu muncul eror dan aplikasi tertutup sendiri, parah"",negatif"
"Pengguna Google,""Kocak bagian aplikasi pecat aja masa tombol verivikasi ga bisa dipencet, pecat aja banyak orang jg yang berkualitas lol"",negatif"
"Pengguna Google,""website jelek aplikasi jelek, judul doang dibawah naungan pajak, ga modal duitnya banyak juga ðŸ‘ŽðŸ»ðŸ‘ŽðŸ»ðŸ‘ŽðŸ»ðŸ‘ŽðŸ»ðŸ‘ŽðŸ»ðŸ‘ŽðŸ»"",negatif"
"Pengguna Google,""Belum daftar tapi di suruh masuk, percuma juga kartu NPWP di buat"",negatif"
"Pengguna Google,""susah bngt daftarnya, tolong dong dipermudah cara daftarnya"",negatif"
Pengguna Google,tidak bisa daftar pajak online aplikasi tidak berguna'''':'::::,negatif
Pengguna Google,Gimana sih mau daftar aja sulit kali. Setipa login gagal terus,negatif
Pengguna Google,Aplikasi ga guna. intinya isi aplikasi ini cuma info datangi kantor pahak terdekat. ðŸ¤£ðŸ¤£ðŸ¤£ lalu apa gunanya buat aplikasi online kocak. ðŸ¤£ðŸ¤£ðŸ¤£,negatif
"Pengguna Google,""OTP sangat lambat, mohon diperbaiki server kunonya"",negatif"
"Pengguna Google,""Aplikasinya kok tidak sama dengan aplikasi DJP online, lebih bagus pakai aplikasi DJP online dari pada pakai aplikasi m-pajak ini.."",netral"
Pengguna Google,Tiap login eror padahal login via web bisa..solusinya aplikasi diperbaikin lg,negatif
"Pengguna Google,""Aplikasi gak ada gunanya, nomor verifikasi efin gak ada di kirim2"",negatif"
"Pengguna Google,""coretax tidak terlalu mantap, dulu nya mudah daftar online jaman akun Ereg.djp, sekrng susah loading sampai membuat keringatan besar ibu jari"",netral"
"Pengguna Google,""Gak bisa buat catatan bulanan, yang keluar tulisan """"terjadi kesalahan"""""",negatif"
"Pengguna Google,""Kecewa aing teh kumaha aplikasi suka eror,padahal tiap bulan juga Bayar pajak dipotong pajak,masa mau report aja susah na minta ampun"",negatif"
Pengguna Google,Ini badan milik negara. Tapi jelek sekali aplikasinya. Login susah daftar susah. . Uang negara kemana ?? Masa kalah dengan aplikasi buatan anak anak SMK.,negatif
Pengguna Google,Verifikasi Email. Tetapi pengiriman Token OTP ke Email sangat lama,negatif
"Pengguna Google,""Makin sulit ,apliksiNya sering troble GK seperti yg dulu sangat di sayangKan"",negatif"
"Pengguna Google,""Mau bikin billing code pajak aja gabisa, app gaje emang."",negatif"
"Pengguna Google,""Tolong di perbaiki, kadang eror di saat mau login"",negatif"
Pengguna Google,Aplikasi tidak berguna. Minta Otp djponline yang muncul malah terjadi kesalahan,negatif
"Pengguna Google,""Aplikasi rusak, tolong perbaiki. Tidak bisa login eroor"",negatif"
"Pengguna Google,""banyak fitur yang tidak dapat di akses, mohon segera di perbaiki"",negatif"
Pengguna Google,buat yg nomer npwp nya 16 digit ga guna apk nya ga bisa masuk,negatif
Pengguna Google,Di buat susah pada saat pengiriman otp hanya buat pulsa habis saja,negatif
Pengguna Google,mau login tapi gk dapat nomor verifikasi.. padahal udah coba berkali kali... klw masi gk bisa jg gosah lah lapor SPPT jdi maless,negatif
Pengguna Google,Ga di apk ga di web bug nya parah ingat ini instansi pemerintah lo duit pajak nya pakai untuk sistem sebagian jangan di telan sama oknum semua ya,negatif
Pengguna Google,Mau buat npwp aja sulit banget! padahal anggaran untuk proyek core tax aja Rp. 467 m ditambah suntikan dana dari kementrian keuangan Rp. 549m . aplikasi dan web sama jeleknya nggak sesuai anggaran yang gede.,negatif
"Pengguna Google,""Aplikasi yang susah untuk digunakan, bikin geramðŸ¥´ðŸ¤”, bisa tidak diperbaiki lagi?"",negatif"
"Pengguna Google,""Kebanyakan aturan apk gk efisien ribet ruwet,mau bayar pajak dipersulit.."",negatif"
Pengguna Google,Saya mau login d apk ini kok gk bisa ya ! padahal semua sudah sesuai & benar,negatif
"Pengguna Google,""Bikin web yang bener , kalo gk bisa di akses gausah bikin , makannya jangan kebanyakan d korup jadi nya gk maksimal"",negatif"
"Pengguna Google,""aplikasi sampah, chat livenya keluar2 sendiri terus. udh di coba puluhan kali malah bikin emosi ðŸ‘Ž"",negatif"
"Pengguna Google,""Selalu gagal mendapatkan kode otp, padahal nomor yang di pakai, tapi selalu gagal. Tolong solusi terbaik nya"",negatif"
Pengguna Google,Apk apaan mau login aja susah apalagi pas cek efin katanya udah dikirim email tp nggak ada email masukðŸ‘ŽðŸ‘Ž,negatif
Pengguna Google,Pada aplikasi ini tidak ada opsi untuk mengakses live chat & lupa EFIN yang saya pun tidak mengerti kenapa,netral
Pengguna Google,Hapus mending nih applikasi Pakai browser aja ribet ini pakai bikin applikasi... Kalau susah buat daftar online Lebih baik gak usah buat applikasi...,negatif
"Pengguna Google,""mau wajib pajak tapi di persulit aplikasi yang tidak bisa di gunakan, sisihkan lah uang pajak untuk pengembangan aplikasi ini"",negatif"
Pengguna Google,Apaan sihh apk gajelas mau daftar juga gabisa di klik daftar npwp nya duhh,negatif
Pengguna Google,Ga bisa login walaupun npwp dan pasword sudah benar,negatif
Pengguna Google,aplikasi ga jelas udh ribet pula,negatif
Pengguna Google,Aplikasinya ngeselin hrus ada verifikasi email tapi pas masuk mulai dri awal trus payah,negatif
"Pengguna Google,""Mantap malah lebih bagus app dari pada pake web, makasi banyak ya djp"",positif"
Pengguna Google,Password sudah benar tidak bisa login.... Apk. Gagal,negatif
Pengguna Google,Saya sudah membuat akun lewat web tp kenapa tidak bisa login lewat apk????!!!! Sungguh mengecewakan!!,negatif
"Pengguna Google,""Aplikasi taaeeekkkk...!!! Udah jelas nomer npwp sama sandinya giliran login dibilang tidak valid, buka dibrowser juga sama Bad bad bad"",negatif"
"Pengguna Google,""aplikasi tolol, ngabisin anggaran aja"",negatif"
"Pengguna Google,""aplikasi busuk, padahal udah ada apk masih harus daftar lewat website lalu fungsi apk buat apa, masa cuman jadi papan berita doang"",negatif"
"Pengguna Google,""mohon untuk kolom nomor npwp di perbaiki, karena maksimal digit hanya 15 untuk diinput, sedangkan npwp keluaran sekarang itu 16 digit"",negatif"
Pengguna Google,pdhl udh swapfoto ko ellor ya saya sampe ngulang 3Ã—pdhl udh mengikuti arahan,netral
Pengguna Google,Suruh orang bayar pajak tpi apknya lemot udh di coba di hp sama laptop tetep lemot gajelas orang pajak emang,negatif
Pengguna Google,Masuk ke akun sendiri aja super ribet . Mungkin harus ada uang pelicin dulu baru di kasih efin,negatif
Pengguna Google,Aplikasi gak guna.. Mau laporan pajak nya susah dan ribet nya minta ampun,negatif
Pengguna Google,sekelas Pajak gak bisa bikin aplikasi yg berguna gak niat banget bikin aplikasi...mw masuk gak bisa bisa padahal lewat web bisa,negatif
Pengguna Google,Gimana sih web nya buat npwp online semua data sudah di isi dengan benar masih di bilang data pekerjaan belum terisi,negatif
"Pengguna Google,""Aplikasi yg seharus nya bagus kualitas nya untuk masyarakat malah eror semua,"",negatif"
"Pengguna Google,""aplikasi sampah buatan pemerintah., bikin NPWP juga susah udah ada NPWP mau login dibikin susah lagi. sinyal sudah bagus padahal"",negatif"
"Pengguna Google,""pak @purbaya tlg tegur yg buat IT yg buat aplikasi ini, kok susah banget login, selalu error terus"",negatif"
"Pengguna Google,""aplikasi maksa minta update, setelah update malah ga bisa login. error terus"",negatif"
"Pengguna Google,""Sering server error, tolong diperbaiki la"",negatif"
"Pengguna Google,""tolongg dong di benerin lagii apk nya, banyak banget kendala"",negatif"
Pengguna Google,sungguh sangat buruk ini aplikasi. mau daftar juga susah banget.. padahal mau baik mau laporan pendapat.,negatif
"Pengguna Google,""Banyak BUG , Beberapa Menu Tidak Bisa Di Klik"",negatif"
Pengguna Google,OTP lama banget. Uang pajak banyak bikin aplikasi sulit,negatif
"Pengguna Google,""Gajelas dibikin muter muter doang. Gua lupa efin, udah isi data tapi suruh login dulu dan loginnya harus pake efin gimana sii. Mau lapor pajak aja dibikin susah begini"",negatif"
"Pengguna Google,""Perpajakan lagi guncang, spt apk nya yg baru bbrp detik dibuka langsung error"",negatif"
Pengguna Google,Jelek sangat. Tambah aplikasi ga ada cek NPWP. Web nya pun begitu,negatif
"Pengguna Google,""Live chat parah, Pendapatan banyak sistem gak canggih."",negatif"
Pengguna Google,bagus sekali bisa membantu pekerjaan meskipun tidak bawa laptop,positif
"Pengguna Google,""Sayang banget cuma utk buat e billing saja, utk lapor spt tdk bs"",netral"
"Pengguna Google,""1.Untuk teman2 yang susah loging pastikan saat masukan nomor npwp jumlah angka 15 digit tanpa menggunakan tanda titik atau tanda strip kurang ,2. saat sudah memasukan no npwp cocokan lagi nomor npwp yang anda masukan dengan nomor npwp yg ada di kartu anda,3.masukan kode sandi atau pasword anda,trus pencet login, Kebanyakan kasus yg susah login di aplikasi karna kurang memasukan jumlah digit di kolom nomor NPWP"",netral"
Pengguna Google,Kasian banyak yang komplain tapi ga ada satupun yang dijawab terkait pembenahan apps nya,netral
"Pengguna Google,""Bikin e billing, eh nomor ebillingnya nggak berfungsi ðŸ« "",negatif"
"Pengguna Google,""Aplikasi sampah, susah bener kagak bisa kirim ulang efin buat lapor spt"",negatif"
Pengguna Google,Tiba-tiba ga bisa dbuka padahal sudah di update,negatif
Pengguna Google,Bolak balik di instal tapi tetap masih eror. Kerjaan kalian apa sih sebenar nya.,negatif
Pengguna Google,Good joob m-pajak sangat memudahkan dalam transaksi pajak secara online dan daring.,positif
"Pengguna Google,""Aplikasi jelek, bikin akun ribet verivikasi 3 jam ga dapat otp apa apaan"",negatif"
"Pengguna Google,""Kok klik mau daftar pengguna baru ga bisa d klik ya,"",negatif"
"Pengguna Google,""Saya kesulitan daftar akun baru,link pendaftaran akun baru di aplikasi tidak berfungsi"",negatif"
"Pengguna Google,""cuma gambarÂ² doang, gak bisa di klik, gak bisa pergi kemanaÂ²... dasar vendor cupu"",negatif"
"Pengguna Google,""Msh menganut slogan kalo bisa susah ngapain di jadiin gampang. Mau minta efin nya aja susah, tp dikejar suruh lapor pajak. Kan lawak."",negatif"
"Pengguna Google,""Udah di buatin akun dari kantor pajaknya giliran di masukin ke aplikasinya muncul tulisan akun tidak ada,kenapa?"",negatif"
Pengguna Google,Aplikasi nya bloon tidak berguna login link Google bisa pke apk nya gak bisa lol apk pemerintah mmng sesat,negatif
"Pengguna Google,""ga jelas banget aplikasinya ga guna ,bikin orang kesel tolong di evaluasi lagi gunanya uang pajak apa?kalau kebutuhan rakyat aja masih kaya begini sistemnya ngaco sekali,mau ga mau harus datang ke kantor pajaknya hadeh bobrok sistem online nya"",negatif"
Pengguna Google,susah login belum lagi mengisinya ribet aplgi klo kita yg gak ngerti IT ngisi2 gini,negatif
"Pengguna Google,""Kok ga bisa login yah, padahal NPWP & PASWORD sudah bener semuanya"",negatif"
"Pengguna Google,""Assalamualaikum... Kalau mau ganti nomor kontak gimana caranya? Soalnya kode verifikasi efin ternyata dikirim ke nomor kontak yang lama, terima kasih."",netral"
Pengguna Google,Tolonglh diperbaiki. Mau pemadanan ga bisa bikin akun. Besok sudah hari terakhir pemadanan,netral
"Pengguna Google,""Akun sudah terdaftar, Mau masuk ke login eror terus ,,"",negatif"
Pengguna Google,Untuk pelaporan pajak nya tidak tersedia. Untuk segera di benahi,negatif
Pengguna Google,aplikasi sampah kaya gini buat apa???fitur live chat ga bisa verifikasi stuck ngapain di buat aplikasi kalo ga bisa mempermudah pengguna....urusan pajak kok di sepelak kaya urusan bikin krupuk,negatif
"Pengguna Google,""Di tlp ga bisa,di chat pelayanan sibuk terus,seharian nunggu agar bisa terhubung nihil...payah pelayanan !"",negatif"
"Pengguna Google,""Gagal mengirim data, padahal data sudah benar, tolong di perbaiki lagi"",negatif"
"Pengguna Google,""payah tidak mempedulikan masyarakat, no npwp sekarang kan sudah termasuk dengan nik,sedangkan di apk dpj memerlukan 15 digit no npwp. sedangkan nik 16 digit ?? dan yang tertara di no npwp juga no nik?? bagaimana dengan login di djp menggunakan no tertara di npwp 16digit.sedangkan login m-pajak 15 digit sehatkah pembuat apk djp ?? tolong di perbaiki saya sangat membutuhkan !!!"",netral"
"Pengguna Google,""Alhamdulillah,,,, proses permintaan efin sangat cepat, gk perlu waktu lama lgsg dikirim ke email. Mantap"",positif"
Pengguna Google,Sering error dan loading lama saat absensi,negatif
Pengguna Google,mohon untuk di permudah cara merubah pasword yg sudah lupa... udah menciba berbagai cara tetap gagal .. ujung ujungnya tetap pakai website.,negatif
Pengguna Google,Sandi suda benar tetep saja tidak bisa masuk. Ganti sandi baru... Login pakai sandi baru.. Tetep aja salah.. Apk terjelek yg saya temui ðŸ‘ŽðŸ‘Ž,negatif
"Pengguna Google,""Aplikasi Kurang Membantu, Maunya Apa Nih...Di Chat,kring, Email Kaga Ada Balasan Sama Sekali"",negatif"
Pengguna Google,gimana ini nunggu very mlah out sendiri parahðŸ¤£ðŸ¤£ðŸ¤£,negatif
Pengguna Google,Kalkulator pajak loading terus. Gmn sih programernya,netral
Pengguna Google,Eh anjeng.. Kl buat aplikasi yg becus napa..kok ribet bngt login nya njeeerrr..masak iya 2 jam gk bisaÂ²..aplikasi apaan ini anjeeng..biki dara tggi aja ni aplikasi,negatif
"Pengguna Google,""Otp sudah dapat tapi tombol verifikasi tidak hidup, oon bgt yg bikin, android 14"",netral"
"Pengguna Google,""repot, login gabisa, pas telat bayar kena denda, aplikasi ga jls"",negatif"
"Pengguna Google,""mau daftar, tapi halaman nya tidak tidak tersedia. trus ngga solusinya, jadi ngga bisa masuk"",negatif"
"Pengguna Google,""kode verifikasi sudah dikirim, dikirim kemana? ke baghdad?????..saya nunggu kode verifikasi berulang ulang hanya menghabiskan waktu saja, percuma buat aplikasi jika akhirnya tetep disuruu dateng ke kpp....gemblung"",negatif"
Pengguna Google,Bisa mempermudah pekerjaan dalam melaporkan terkait dengan perpajakan,positif
Pengguna Google,login tdk bisa padahal NIK dan password sudah benar. thn 2026 mau lapor pajak malah tdk login. mau ketawa tapi inilah indonesia,negatif
Pengguna Google,Revisi lagi aplikasi mendaftar pajak. gak mau uang pajak !nanti awak bayar pajak ngamuk,negatif
Pengguna Google,App sempak banyak bug tapi ga di fix problem,negatif
"Pengguna Google,""gabisa masuk, aturannya aja diperketat, sistem pembayarannya masih banyak yg cacat"",negatif"
"Pengguna Google,""Sagat bagus untuk di unistal, yakin aplikasih sampah yg ga bisa di buka."",netral"
Pengguna Google,Jelek darimananya? Perasaan bagusÂ² aja dan pengiriman kodenya juga cepat.,netral
"Pengguna Google,""gak guna, hanya dashboard biasa aja gak ada menu pelaporan"",negatif"
"Pengguna Google,""Aplikasi rusak,ga bisa di gunakan,mau login aja error mulu"",negatif"
Pengguna Google,ini maksudnya gimana saya pertama kali mau bikin npwp kok email sudah pernah dipakai padahal saya baru pertamakali mau bikin hadeh,netral
Pengguna Google,Password sudah sesuai malah ga bisa login ðŸ—¿,negatif
Pengguna Google,Aplikasi nya sangat mudah untuk digunakan dan sangat membantu,positif
Pengguna Google,Ini kenapa ya lupa kata sandinya tidak bisa di klik sama sekali tidak berfungsi tolong d bantu,netral
"Pengguna Google,""emng bener di suruh wajib pajak ,mau bayar pajak sulit ribet,giliran gk di bayar di salahkan,indo indo"",negatif"
Pengguna Google,MAU LAPOR SPT AJA SUSAH GILIRAN GA LAPOR DI DENDA APLIKASI SAMPAH.. DANA MAHAL-MAHAL HASIL KAYA GINI,negatif
"Pengguna Google,""eehhhh co gw mo bayar pajak susah amat co,, klo develop app yg serius napa , bukanya di permudah mlah di persulit,, heran gw mau taat pajak ajj susah"",negatif"
"Pengguna Google,""Salah satu aplikasi dari pemerintah yang sampah, sangat mepersulit....dana terus aja di korupsi buat aplikasi masyarat juga"",negatif"
"Pengguna Google,""Sangat bermanfaat dan memudahkan dalam pelaporan SPT tahunan, mudah dan praktis. Terima kasih"",positif"
"Pengguna Google,""Ini gimana cara daftarnya weyyyy, sedangkan ga ada pilihan mendaftar nyaaaaaaa"",netral"
Pengguna Google,Ngurus EFIN masih ERROR. Ini uang pajak bikin aplikasi gini aja cacat. Mau coba ngurus pajak malah begini ribetnya. Tolong pihak playstore hapus aja nih aplikasi.,negatif
"Pengguna Google,""Aplikasi nya gak berguna sumpah, orang mau lapor pajak ini chat online nya gak bisa !!!"",negatif"
"Pengguna Google,""Aplikasi gak jelas... Udh tinggal lapor aja kok sulit banget, minta kode ferifikasi gak di kirim2 dari pagi sampai sore"",negatif"
"Pengguna Google,""Mau daftar aj susah bnr, dibilang akun sudah terdaftar pula"",negatif"
"Pengguna Google,""Sumpah ribet gak memudahkan malah bikin pusing. Efin lupa, mau ngurus ribet, gak di urus tapi penting. Kenapa sih selalu di persulit"",negatif"
"Pengguna Google,""Kerja gak bener, buat aplikasi juga bukannya memudahkan malah menyusahkan ðŸ‘Ž"",negatif"
Pengguna Google,Sudah update tapi tidak bisa dibuka. Ujung-ujungnya tetap buka di web juga,negatif
Pengguna Google,sangat membantu utk pelaporan pajak dan sebagainya,positif
"Pengguna Google,""Tidak ada respon sama sekali dari live chat pajak, tolong benahi saya sudah 2 hari menunggu respon bolak balik buka chat live"",negatif"
"Pengguna Google,""Breng*sek apk m.pajak sudah memasukan data dengan benar malah error mulu,bodo amat ga susah bayar pakaj sekalian."",negatif"
Pengguna Google,Kirain aplikasinya bisa buat daftar npwp ternyata tidak,negatif
Pengguna Google,Efin katanya sudah dikirim ke email terdaftar tapi cek email gak ada. Bagaimana ini?,negatif
"Pengguna Google,""error terus saat login, berkali-kali notif sesi habis."",negatif"
"Pengguna Google,""bar untuk menverifikasi kode otp tidak merespon, perbaiki bug ini"",negatif"
Pengguna Google,Aplikasi hanya bisa melihat saja tidak bisa mengisi laporan pajak,netral
"Pengguna Google,""Untuk lapor pajak apakah aplikasi ini juga? Karena biasa djp online, kenapa ada perubahan ya?"",netral"
Pengguna Google,sekiranya ga mau ngelayanin gausah so soan bikin apk ga ada gunanya,negatif
Pengguna Google,Ini mau daftar baru kenapa baru mau isi email yg aktif kolomnya harus huruf kapital semua anjir,netral
Pengguna Google,gak guna di persulit lupa password aja susahnya padahal email yang sama,negatif
"Pengguna Google,""Sistem buruk, login sulit, gagal terus. Payah"",negatif"
"Pengguna Google,""Eror eror mau masuk keluar sendiri eror minta restat aplikasi trus, padahal sebelumnya lancar2 aja"",negatif"
"Pengguna Google,""Baru diinstall, langsung nongol pop up apk harus diupdate dan apk gak bisa digunakan"",negatif"
Pengguna Google,Sementara 1 dulu... slnya Error saat buka salah satu menu,negatif
"Pengguna Google,""Kanapa ya pasa saya mau daftar efein malah ga bisa pas, pengiriman kode otp nya"",netral"
"Pengguna Google,""masih mending pake aplikasi djp yg dulu, mau login error, aplikasi sampah"",negatif"
"Pengguna Google,""Ngga bisa login lewat apk padahal bisa login lewat web, harusnya apk kan mempermudah"",negatif"
Pengguna Google,apk nya dikitÂ² eror,negatif
"Pengguna Google,""Tolong untuk pelayanan informasi di cabang serang, banten. kalau ada orang awam tolong dibimbing langkah-langkahnya dengan baik, bukan direspon dengan nada tinggi. kalau memang tidak sanggup menjadi pelayanan informasi resign aja atau mutasi jabatan."",netral"
"Pengguna Google,""Tolong aplikasinya di benerin, saya login via website bisa tapi di aplikasi tidak bisa. Saya belum dapat efin dan ingin mengurus via online"",negatif"
Pengguna Google,niat bikin aplikasi ga si jink?,negatif
Pengguna Google,ga ada pilihan lupa kata sandi saat login. jd ga bisa login. mohon d perbaiki.,negatif
"Pengguna Google,""email otp tidak terkirim, bagaimana bisa login kalau kaya gitu"",negatif"
Pengguna Google,Ga berguna ini aplikasi.sudah jelas2 nik atau no npwp benar dan sandi juga benar.tetap aja ga bisa masuk.aplikasi BUSUK,negatif
Pengguna Google,Gaada fitur lupa password? Fix dulu app nya baru pakai uang pajaknya,negatif
Pengguna Google,kok prah si kode otp buat hp g muncul trus pas terakhir mau nyelesain pendaftaran udh lama bgt ke refresh ulang lagi asli nyushin,negatif
Pengguna Google,Mau nya gimana sih? Giliran pajak cepat nagihnya di rakyat. Giliran rakyat pakai aplikasi untuk memudahkan malah di persulit. Verifikasi gagal. Sinyal ok. Data valid. Tapi gagal terus. Giliran duit rakyat cepat di potongnya,negatif
Pengguna Google,Aplikasi apaan ini bukannya membantu Mala mempersulit kita Kode otp ini kapan di kasih Padahal sdh di request ulang,negatif
"Pengguna Google,""Apk lawak!! Ujung-ujungnya lapor spt lewat website juga, trus ni apk buat apa ajg"",negatif"
Pengguna Google,Aplikasi babi padahal nomor telepon dah bener tapi ga bisa anjg,negatif
"Pengguna Google,""gak bisa login pakai NIK, pas input cuma bisa 15 karakter sedangkan NIK mempunyai 16 karakter"",negatif"
"Pengguna Google,""Sulit banget,kalo mau secara online ya jangan dipersulit loginnya."",negatif"
Pengguna Google,Aplikasi nya tidak sesuai dengan yang diharapkan.. Selalu gagal untuk meminta efin,negatif
"Pengguna Google,""lupa sandi disuruh isi email gagal terus jelas2 sudah ada email saya disana. trus pilih opsi nomer hp, berhasil trus katanya link reset pasword udh dikirim ke email. di cek di email ga ada. anehh"",negatif"
Pengguna Google,Kenapa masuk catatan langsung error ya?,negatif
Pengguna Google,susah masuk aplikasi nya loading terus gak ada muncul apa apa pisan parah ðŸ¤¦â€â™‚ï¸,negatif
Pengguna Google,Bismillah Alhamdulillah Masya Alloh laa Quwwata Illaa Billaah Barokalloh fiikum.Segera di upgrade Aplikasinya agar semakin mudah di akses,netral
"Pengguna Google,""mau masuk akun tidak bisa,tidak ada pilihan LUPA PASWORD. mau lapor aja dipersulit,makanya males lapor tiap tahun. setiap tahun dibuat emosi sama aplikasi."",netral"
Pengguna Google,Mau cek npwp yg hilang aja susah muter muter sangat tidak membantu,negatif
Pengguna Google,aplikasi gajelas semua udah sesuai isinya tetep aja salah terus dasar aneh,negatif
"Pengguna Google,""Mw lapor SPT aja serverny bermasalah mulu, giliran g lapor ntar dpt surat cinta, tolong lah diperbaiki, banyak org kita yg pinter2 ttg IT itu direkrut, gemeesss deh"",negatif"
"Pengguna Google,""Kalo kata Rocky Gerung, ini aplikasi DUNGU! Tim IT nya suruh pindah posisi aja jadi admin gudang, yg cuma ngedata barang keluar masuk kalo gak becus jadi IT!"",negatif"
"Pengguna Google,""GUWOBLOK YG BIKIN WEB SAMA APLIKASI GA MEMUDAHKAN MALAH BIKIN SUSAH ORG, GA HERAN KALO BANYAK NARASI STOP BAYAR PAJAK"",negatif"
"Pengguna Google,""Awalnya gue ovt karena rating-nya jelek, tapi pas dicoba langsung bisa, btw gue lupa efin kn, awalnya liat tutor yt, takut gue salah, eh oas dicoba langsung bisa anjay, udh dikirim ini kode efinya"",negatif"
"Pengguna Google,""Mau bikin npwp tapi tiap mau daftar, ga pernah dapet email link buat ke tahap ke 2. Coba daftar lagi pake email lain ya sama aja. Bapuk bgt. Heran deh"",negatif"
Pengguna Google,kalo bikin aplikasi yang simpel simpel aja lah wahai pemerintah gk usah ribet,negatif
Pengguna Google,Yang jelas dong kalo memang ingin memudahkan rakyat nya membuat apaÂ² secara online website nya aja masih belum di benerin resopnsive nya versi mobile dari tahun gajah mada,negatif
Pengguna Google,maaf bintang 1. login aja susah banget. sesi wkt berakhir terus (error). tau siapa yg error.,negatif
Pengguna Google,Aplikasi nya tidak jelas baru juga buat eh udah ke blokir yang bener aje rugi dong,negatif
"Pengguna Google,""Tidak mutu sama sekali pelayanan pajak, kita sudah lapor SPT nunggu email verifukasi lama sudah diinput gagal trus Tidak laporan didenda Gajelas"",negatif"
Pengguna Google,Jangan kan ngisi data. Aplikasi nya saja tidak bisa di buka,negatif
"Pengguna Google,""login nunggu kode verifikasi masuk aja lama sekali, ketika sdh dapat kode nya di masukan time out.....ðŸ¤£ðŸ¤£"",negatif"
Pengguna Google,Setiap login selalu aja no NPWP salah dan back ke awal lagi padahal no NPWP nya sudah benar..,negatif
"Pengguna Google,""Udah daftar online kalo ttep ke kantor pajaknya, ngapain kntl.."",negatif"
"Pengguna Google,""kita yg bayar pajak, kita juga yg ribet dan kesusahan...!!!!"",negatif"
Pengguna Google,Proses lupa EFIN susah. Kode OTP baru masuk email 1 jam kemudian padahal expired 10 menit. Kn ga bisa ke pake,negatif
"Pengguna Google,""Aplikasi+website error mulu, verivikasi susahnya bukan maen,"",negatif"
"Pengguna Google,""Ampun deh ribetnya, mau lapor spt, mau minta efein susahnya minta ampun, harusnya bayar pajak itu dipermudah biar orang awam sekalipun tdak kesulitan mau bayar pajak, giliran telat lapor spt di denda, pelayanannya dulu di permudah..."",negatif"
Pengguna Google,Mantap aplikasi yg sangat bagus sekali sangat membantu membuat NPWP ga perlu ke kantor cabang cuma lewat hape langsung punya NPWP semoga sukses selaluðŸ˜˜ðŸ˜˜,positif
Pengguna Google,Apk loading mulu mulu kirim kode Verifikasi lama banget '_',negatif
"Pengguna Google,""Sangat jelek,LOLA pake data seluler LOLA pake WIFI LOLA beda HP juga LOLA + ribet, lupa pasword aja suruh paje effin sedangkan effin ngga di kirimkan di email, ujung ujungnya suruh ke KPP Sedangkan KPP terdekat berjarak 40 km jadi fungsinya online buat apa kalo ujung ujungnya suruh datang ke KPP SANGAT TIDAK EFISIEN DAN MERIBETKAN MASYARAKAT"",negatif"
"Pengguna Google,""Aplikasi selalu error, niat engga sih buat Aplikasi??"",negatif"
Pengguna Google,Mau proses pengajuan efin karna lupantp tidak bisa dikarenakan pas mau foto aplikasi langgung keluar sendiri,negatif
"Pengguna Google,""Percuma ada ApK atau webb, mau lapor pajak ga bisa, masa Iyah harus ke kantor pajak trs"",negatif"
"Pengguna Google,""Aplikasi tidak berguna Fitur live chat bohongan, asik eror terus Mau daftar aja susah"",negatif"
"Pengguna Google,""min, saya tidak bisa memasukkan npwp 16 digit di menu efin utk lupa efin, disana hanya boleh 15 digit"",negatif"
Pengguna Google,Aplikasi buruk daftar sulit gini kok suruh bayar pajak,negatif
"Pengguna Google,""Bikin aplikasi ga pernah niat banget ini pemerintah, uangnya di kemanain dah itu. Aplikasi sekelah pemerintah kalah sma aplikasi buatan anak kejuruan ðŸ˜Œ ini pke aplikasi, tetep aja di lemparnya ke website pake peramban yg ada di hp ny"",negatif"
"Pengguna Google,""Aplikasinya parah banget, sama sekali tidak bisa loginðŸ˜¡ðŸ˜¡ðŸ˜¡ðŸ˜¡ðŸ˜¡"",negatif"
"Pengguna Google,""prefer bintang 0 sih, susah dapet verifikasi. malah disuruh dateng langsung ke kantornya, kalo jauh mau ngongkosin?"",negatif"
"Pengguna Google,""Daftar online, tahap 2 gadapet email link aktivasi dan mau login lagi gagal. kerja sulit, gaji tinggi, minta masyarakat bayar pajak"",negatif"
"Pengguna Google,""Waktu login bisa masukin nik/npwp , sy cb masukin nik ktp ehh malah dibatesin krang 1 digit, bagaimana ini ambigu ?"",negatif"
Pengguna Google,Ini aplikasi untuk membantu pelayanan publik apa aplikasi untuk menuhin penyimpanan dan ngabisan data !!!,netral
Pengguna Google,Aplikasi apa ini login udah sesuai nik sma pasword masa keterangan salah terus...gblk,negatif
"Pengguna Google,""aplikasi gak jelas waktu otp hanya 10 menit, tapi kode otp nya dikirim 2 jam kemudianðŸ¥´ðŸ¥´"",negatif"
"Pengguna Google,""Makanya banyak yg ngasih bintang 1, ternyata bener,, ga bisa login. ðŸ˜–"",netral"
"Pengguna Google,""Aplikasi bangke, susah buat akses live chat juga, najis"",negatif"
"Pengguna Google,""banyak nge bug nya, stuck masa mau daftar gak bisa kocak"",negatif"
Pengguna Google,Pendaftaran untuk buat NPWP tidak bisa.. caranya gimana yah,negatif
"Pengguna Google,""Apknya error terus....susahnya cm mau minta efin aja... knp jd smua serba susah ya sekarang klo ngurus apa"""""",negatif"
Pengguna Google,Aplikasi gk jelas pasword sudah benar masih aja ngomong pasword salah gk jelas banget,negatif
Pengguna Google,Gimana mau taat dan patuh. Ini mau daftar susah bener. Klau bukan karena pekerjaan. Saya tidak mau repot-repot seperti ini,negatif
Pengguna Google,mpwp taat pajak mantap,positif
Pengguna Google,Aplikasi ampas daftar npwp aja dipersulit. Bisa nya cepet klo pake CALO,negatif
"Pengguna Google,""semakin membingungkan, setiap tahun susah login malah harus ke kantor pajak dilu"",negatif"
"Pengguna Google,""Mudah , sangat membantu . Pastikan sinyal kalian bagus ya gaes ."",positif"
"Pengguna Google,""Aplikasinya eror,sudah mengisi data 2 kali langsung log out sendiri"",negatif"
Pengguna Google,Memberikan kemudahan dalam administrasi dan pelaporan pajak tanpa harus datang dan antri secara fisik di kantor pajak,netral
Pengguna Google,uang buat web dan aplikasi terlalu banyak dikorupsi ya gini jadinya,negatif
"Pengguna Google,""Formula ,bagai mana menganti nomor telpon yang terdaptar, tidak dapat nomor porpikasi"",negatif"
Pengguna Google,Memberi kemudahan dalam masalah layanan perpajakan. Nunggu balasan email utk nanya efin harus saat jam kerja... harus sabar emang,netral
Pengguna Google,Kaga bisa lapor SPT padahal kalo bisa lapor SPT mah lumayan bagus nih app,negatif
"Pengguna Google,""Salah satu hal paling t*lol dari pajak di Indonesia adalah kami yang kerja, kami yang bayar pajak, kami juga yang perlu repot lapor2an."",negatif"
"Pengguna Google,""Gak ada daftar masuk akun tapi langsung login, minta EFIN gak da respon ( error )"",negatif"
"Pengguna Google,""Yakali ga ada duit buat benerin aplikasi begini, padahal pajak yang diambil dari rakyat udah banyak, upss ... Yang penting duit tarikan lancar kan? ya kali duitnya dipake buat kepentingan rakyat ?"",negatif"
"Pengguna Google,""maaf, karena ada pemadanan sekarang login bisa pakai nik, tapi di aplikasi ini max char length di NIK/NPWP hanya 15. jadi untuk login ke djp pakai app ini belum bisa pakai nik. tolong tambahkan max char nya"",negatif"
Pengguna Google,Aplikasi gk jelas..mau live chat gak bisa. Bobrokkkkk..,negatif
Pengguna Google,sangat menyulitkan untuk mendaftar kartu pajak,negatif
Pengguna Google,Pelayanannya sangat lambat juga ribet seharusnya pendaftaran npwp maupun pengaktifan NPWP tidak harus ribet sepeti ini,negatif
Pengguna Google,Mengapa saat kita mengisi form untuk alamat email hilang terus dan huruf menjadi besar,netral
"Pengguna Google,""Tidak ada menu """"Lapor"""" SPT tahunaan ASN 1770s, kalau buka melaui broser baru ada."",netral"
"Pengguna Google,""Aplikasi hasil para koruptor ya gini, busuk bgt , gak jelas error mulu , anjir emang!! Gw Di paksa patuh sama pemerintah yg korup dan bobrok gini . Bangkeeee!!! Kudu pemadanan data dll, ujung-ujungnya data di maling orang gara-gara pertahanan digital nya cm sekelas Smadav!!. Taik lah !!! Gw tuntut di akhirat semua para penjabat pajak sampe ke antek presiden!"",negatif"
"Pengguna Google,""buruk n burik, setara apkikasi pemerintah nollll"",negatif"
"Pengguna Google,""Aplikasi merepotkan, belum proper sudah di launching."",negatif"
Pengguna Google,Ini aplikasi sebenernya data base singkron apa enggak dengan data diri. Dari NPWP sampai NIK dianggap salah semua hadehh.,negatif
Pengguna Google,aplikasi yang susah diakses .... entah HP saya yang ga sesuai spek untuk aplikasi jni atau emang .... aplikasinya yg bukan ntuk orang kebanyakan... CHAT aja susah ...,negatif
Pengguna Google,Applikasi buruk server nya error ae saat pengajuan efin karena lupa password Apa yang mau dibanggakan pajak gede service kurang ke masyarakat,negatif
"Pengguna Google,""Aplikasinya tidak membantu. Proses verivikasi sangat lama, masa kalah sama aplikasi pinjol"",negatif"
Pengguna Google,gk ada pilihan daftar nya gimana mau login ke aplikasinya aneh,negatif
"Pengguna Google,""Hati hati guys, saya coba tanya di kantor pajak langsung, katanya tidak ada aplikasi resmi dari direktorat pajak, jadi jangan mudah percaya guys"",netral"
"Pengguna Google,""BUAT APLIKASINYA AJA TOLONG DANA NYA KAN BANYAK YAH, BIKIN YG PROPER GITU JGN MENYULITKAN. Mau bayar pajak ni, nnti kalo gak bayar pajak kena marah, mau bayar sulit pendaftaran dll nya ðŸ¤£"",negatif"
Pengguna Google,Daftar akun pengguna baru selalu error. Aplikasi ngak bisa digunakan,negatif
"Pengguna Google,""ribet amat aplikasi nya,buat lupa pass aja harus pakai no effn,buat cek no npwp aja ribet"",negatif"
Pengguna Google,Petugas kurang menguasai edukasi tolong di perhatikan Untuk pelayanan tidak begitu paham di bidangnya (natar lampung). Terimakasih ðŸ™,netral
Pengguna Google,Sangat membantu dalam pembayaran pajak tanpa perlu ke kantornya lagi,positif
Pengguna Google,negara kaya aplikasinya miskin,negatif
"Pengguna Google,""Ga bisa login, diweb bisa. Gajebo nih apk... Entah siapa yang salaaahhh... Kutaktahuuuu..."",negatif"
Pengguna Google,- Lihat info di website pajak mengenai m-pajak. - instal di google play - login sampai 3 x nggak bisa-bisa - baca ulasan disini - uninstal aplikasi,negatif
Pengguna Google,beginikah kualitas aplikasi dr pemerintah mw login aja gbs,negatif
"Pengguna Google,""update dong biar yang baru bikin npwp bisa login,mau login aja susahnya minta ampun"",negatif"
"Pengguna Google,""Tidak bisa login, butuh perbaikan"",negatif"
Pengguna Google,Jelek egk bisa masuk terus. Menghabiskan anggaran negara saya buat apk ini,negatif
"Pengguna Google,""aplikasi tolol mau login kagak bisa2, disuruh lopar lapor pajak, tapi layanan ga dibenerin..."",negatif"
"Pengguna Google,""Mau lapor pajak susah otp gak masuk2 pake email atau sms, pake akun m pajak otpnya masuk 30 menit kemudian kadaluarsa duluan, trus loginnya pake apa ?????"",negatif"
"Pengguna Google,""aplikasi payah, sekelas aplikasi pemerintah ko seperti ini, saya login ga bisa2, ngirim kode verifikasi lewat email ga dikirim2. ayolah kerja yang benar."",negatif"
Pengguna Google,Sangat membantu untuk lebih mudah pengisiann nya,positif
"Pengguna Google,""Mau daftar sj di persulit, pulsa habis karna otp g jelas"",negatif"
Pengguna Google,Dasar konoha akses gini aja sulit dan ga full service.. parah,negatif
Pengguna Google,setelah update malah error terus.. segera perbaiki!,negatif
Pengguna Google,Not Worth It aplikasinya. Mending via website aja. Mohon dihapus aja aplikasinya klo dipersulit begini mau login.,negatif
Pengguna Google,Intinya ribet dan kurangnya efisien,negatif
"Pengguna Google,""ribet ni aplikasi login aja susah , kita yg kerja , kita yang bayar pajak , kita yang ribet"",negatif"
Pengguna Google,Kenapa tidak bisa masuk apk ..padahal baru mau daftar efin,negatif
"Pengguna Google,""ini aplikasi ga lulus apapun ya, login doang eror mulu, ntar sampe KPP disuruh online. menuh""""in memori aja nih aplikasi ga guna. report aja report. alih alih bikin aplikasi biar lebih gampang ini repot banget anjengggg"",negatif"
Pengguna Google,Mantap aplikasi yg sangat bagus sekali sangat membantu membuat NPWP ga perlu ke kantor cabang cuma lewat hape langsung punya NPWP semoga sukses selaluðŸ˜˜ðŸ˜˜,positif
Pengguna Google,Bagus..pelayan cepat dan sangat membantu..memuaskan..good job,positif
Pengguna Google,Susah bener verifikasi lewat email. G masuk2. Alhasil ke kantor offline. Untuk apa ada aplikasi kalau bgini,negatif
"Pengguna Google,""aplikasi gak guna, habis pulsa dibuat Nya bukannya membantu malah mempersulit"",negatif"
Pengguna Google,Apakah tidak ada cara yang lebih mudah untuk melaporkan pajak secara online? Alur lapor pajak sangat sulit dipahami oleh orang awam seperti saya,negatif
Pengguna Google,bikin app bukannya mempermudah malah bikin susah. login aja gabisa,negatif
Pengguna Google,gimana sih web nya aneh banget pajak doang gede bikin web kaya gitu aja gabisa,negatif
Pengguna Google,apk ancur parah...uang nya di korup mulu jadi bikin apk nya juga gak tuntas,negatif
"Pengguna Google,""Gak guna ribet dan payah yang sangat konyol, verifikasi data aja gagal terus"",negatif"
"Pengguna Google,""Lupa efin, isi data selalu gagal, solusinya di suruh ke kantor. Guna aplikasi ini untuk apa?"",negatif"
Pengguna Google,Kenapa gak ada pilihan lain buat ganti sandi sedangkan kita gak bisa masuk klo gak ada bantuan lupa sandi klo gini terus mending tutup aja dah malas..,negatif
"Pengguna Google,""Tolong di permudah dalam pembayaran laporan pajak. Kami masyarakat karyawan di PT. IWIP tambang Nikel terbesar di Asia merasa sangat sulit mendapatkan nomor EFIN saja. Tidak pernah ada perhatian dan sosialisasi yang jelas dari pemerintah. Sudah kena pemotongan pajak kok masih suruh lapor? Aneh sekali. Negara yang tahu berapa gaji yang kami terima, tapi kami harus lapor juga. Jadi apa gunanya ke pemotongan pajak??. Sudah di potong gaji kami untuk pajak."",negatif"
"Pengguna Google,""Niat nya mau recovery efin malah tombol verifikasi kode nya gabisa di pencet, hadeuhhhh...."",negatif"
"Pengguna Google,""dana ada, kenapa ngga di perbarui apk sejelek ini si? otp nomor ga muncul 2 jam, gimana mau jadi anggota wajib pajak? heran"",negatif"
Pengguna Google,Aplikasi tidak berguna. seakan seperti dibuat oleh anak nakal yang masuk jalur bayar/orang dalam.,negatif
"Pengguna Google,""harapan kami agar proses permintaan efin dipermudah dan responsif, jangan hanya mau pajak kami saja tetapi harus ada balance dari negara."",netral"
"Pengguna Google,""kode verif ga masuk"""" ke email ribet"",negatif"
"Pengguna Google,""Aplikasi tidak bermanfaat, pas mau masukin NO NPWP malah ga cukup"",negatif"
"Pengguna Google,""banyak nge bug dan lemot, aplikasi GK guna"",negatif"
"Pengguna Google,""Keringat sendiri di suruh bayar pajak ,,, sistemnya di persulit pula buka wabnya parah sulit tolong di perbaiki lg"",negatif"
"Pengguna Google,""saya tidak bisa login, sudah mencoba lupa pasword tetapi tidak bisa login juga"",negatif"
Pengguna Google,Aplikasi terburuk .... Jangan di download ... Ngapain bikin aplikasi klo ujungÂ²nya harus datang ke kpp lagi ... Sampah banget nih aplikasi ...,negatif
Pengguna Google,susah banget dan jawabannya eror trus. hrus minta tolong sma siapa lagih. ku kira aplikasi ini bisa membantu ehh taunya gak SMA se x,negatif
"Pengguna Google,""tidak bisa login, aneh tapi ya gimana lagi"",negatif"
"Pengguna Google,""Udah disuruh bayar pajak, disuruh ngurus administrasi sendiri, masih sistemnya ribet e polll. Ampun dah"",negatif"
"Pengguna Google,""gagal mulu, kode verifikasi udh bener, nyoba yg dari email gagal, dari sms jg gagal.. hmmm"",negatif"
"Pengguna Google,""Bayar pajak elit, buka web sulit. Gini amat buat aplikasi"",negatif"
"Pengguna Google,""Capsah salah terus padahal sudah benar ditulisnya. Orang mau buat malah dipersulit dengan capsah"""" begitu."",negatif"
"Pengguna Google,""Lupa efin, tp saat dikirim kode verifkasi malah tidak masuk masuk kodenta di sms"",negatif"
"Pengguna Google,""aplikasi apa ini login slalu gagal , pasword selalu salah , minta no kk minta no npwp slalu gagal , udah jelas jelas no npwp nya sama nik nya sama tapi tetep aja kendala user name salah aneh ya , coba coment yang sama bantu like biar di liat nih sama yang bikin aplikasi"",negatif"
Pengguna Google,error melulu tiap kali buka aplk nya....ga bener pilih vendor aplikasi nya......lemah....ga profesional.....kalah sama aplikasi ojol,negatif
Pengguna Google,Pergi ke kantor suruh online Nyoba online Captha nya gak masuk masuk padahal udah bener Yang ada ngabisin pulsa doang Tolong dong di permudah ini kan buat pajak buat negara,negatif
"Pengguna Google,""pengajuan efin disuruh pake nomor npwp 15 digit, udah tau sekarang pake 16 digit, boomer kocak ga bisa bikin aplikasiðŸ˜¹ðŸ¤ðŸ»"",negatif"
Pengguna Google,Masak aktivasi lewat email gak masuk masuk.. pdhl masih bisa terima email dari non djp,negatif
"Pengguna Google,""Aplikasi gk guna, ujung-ujungnya ke kantor pajak juga. Buat yang mau download mending gk usah."",negatif"
"Pengguna Google,""Kode otp tidak kunjung masuk, sudah 2 jam tidak ada sms juga."",negatif"
"Pengguna Google,""Aplikasi gak guna gak bsa buat lapor SPT tahunan, lola lg"",negatif"
"Pengguna Google,""Sayangnya, tiap kali jam kerja g bisa akses. Cuma muter"""" aja."",negatif"
"Pengguna Google,""Apaan, gagalterus pas verifikasi EFIN. Tolong segera diperbaiki."",negatif"
Pengguna Google,Ini aplikasi tambah menyusahkan no otp ratusan kali datang tp di verifikasi di suruh ulang melulu,negatif
Pengguna Google,membutuhkan efin aja susah gagal trus untuk di foto gk jelas tidak mempermudah,negatif
"Pengguna Google,""Sangat membantu,cukup dari rumah sudah selesai. Cuma saat registrasi tetep harus dipandu google"",negatif"
Pengguna Google,Sistem BUSUK!!! tidak mempermudah tapi malah mempersulit hidup!!!,negatif
Pengguna Google,Tidak bisa mengakses kalo lupa passwordnya,negatif
Pengguna Google,Tolong diperbaiki karna susah login,negatif
"Pengguna Google,""Apk sampah login gabisa, masa di link bisa di apk ini gabisa, jangan download syg kuota apk sampaah!!!"",negatif"
Pengguna Google,Aplikasi sampah kebanyakan teori dan bela diri jika dikritik gak pernah merendah siap salah. Aplikasi milik pemerintah malah kalah sama Gojek atau Grab ini lemot minta ampun sampai muncul tanduk warna merah dikepala,negatif
Pengguna Google,Jelek banget ya aplikasinya gak bisa kirim otp. Coretax jg sama aja,negatif
"Pengguna Google,""Ini tempat pelaporanya gak ada yang jelas.kita punya pertanyaan gak ada tempat buat pengaduannya,..aplikasi online tapi kaya offline"",netral"
"Pengguna Google,""Gua lupa efin suruh download aplikasi m pajak pas bagian verivikasi email gak dikasih, dikasih udah stngah jam kan tololl"",negatif"
"Pengguna Google,""aplikasi gajelas, udah masukin NIK tulisannya terjadi kesalahan mulu"",negatif"
Pengguna Google,mau daftar aja susah bener et dah. verifikasi no hp kodenya kgk dikirim2,negatif
Pengguna Google,verifikasi kode nomer susah banget gak masuk masuk tolong dong di perbaiki biar gak nyusahin hadeh.,negatif
"Pengguna Google,""tak bisa login, aktivasi susah.. awas aja kena denda"",negatif"
"Pengguna Google,""parah sih apknya, blunder bener di suruh download perkara mau ganti sandi di coretax katanya nih tampilan awal nya ini apk ga usah login bisa ganti sandi ternyata tampilan awalnya ga ada dong yang buat ganti sandi ekwkw lawak anjr lah ribet banget apaÂ² sekarang harus pake NPWN giliran mau urus ga susah eror terus dah gitu bisa sih ganti sandi coretax tapi lewat Google tapi apakah anda tau?? yaps link nya di kirim ke sms dan linkya gak bisa di klik kek mana??? di salin ga bisa"",negatif"
Pengguna Google,Anehhhh.. baru instal kok udah disuruh update.. ini developernya gimnaðŸ˜¤ bikin emosi tog.,negatif
Pengguna Google,web idiot pulsa gw abis 20k cuma buat otp dan gabisa lanjut tombolnya,negatif
"Pengguna Google,""aplikasi sampah . gimana rakyat mau taat pajak kalo pelayanan nya aja gini , koar koar rakyat harus taat pajak ,tapi wadah nya gak becus ,ta1k"",negatif"
Pengguna Google,gak jelas.. mau daftar NPWP online pun gabisa. ribet bgt nii.. norak bgt ni DJP.. gak jelas lu pada kerjanya.,negatif
Pengguna Google,Kode verifikasi untuk lupa effin ga smpÂ² ke nomor telfon yg terdaftar. Udah berkaliÂ² isi form lupa effin nya. Kode verifikasi ga munculÂ²,negatif
"Pengguna Google,""Kalo mau orang tepat bayar pajak,gk usah mempersulit orang Buat npwp online aja gk bisa,ribet kali Katanya harus tepat bayar pajak Tapi kok gini"",negatif"
"Pengguna Google,""Aplikasi sampah,,, mau bayar pajak aja susahnya,, login GK bisa ini salah itu salah,,, bikin males bayar pajak,, buat kalian jngn mau download aplikasi ini yaa biar GK nyesel"",negatif"
"Pengguna Google,""Ini yg makan duit proyek aplikasinya siapa nih, mending perbaiki servernya dulu. Jangan mempersulit diri dengan fitur2 kurang penting"",negatif"
"Pengguna Google,""User sdh terdaftar tapi mau login gagal terus Padahal aplikasi punya pemerintah, tp kok gini amat ðŸ™„"",netral"
Pengguna Google,Capek buat npwn online kek ribet banged kadang kode otpnya g sesuai pass mau di validasi kadang juga pass minta kode verifikasi lama banged mana lagi udh pake pulsa malah ke sedot capek buat online,negatif
Pengguna Google,Jelek bgt sistem nya,negatif
Pengguna Google,Hape saya tidak support dengan update ini. tolong support hape saya,netral
"Pengguna Google,""Aplikasi ga guna, cs selalu sibuk ga bisa di chatðŸ‘ŽðŸ‘ŽðŸ‘Ž"",negatif"
Pengguna Google,Tidak ada layanan buat SPT. sangat mengecewakan.,negatif
"Pengguna Google,""Gangguan server mulu, selalu struggle"",negatif"
Pengguna Google,Kode verifikasi tidak muncuuuuuuul di email... udah dicek di semua folder,negatif
"Pengguna Google,""Susah login, susah cara penggunaan Mau bayar aj sulit"",negatif"
"Pengguna Google,""Aplikasi sampah, tolong donk lebih diperbaiki lg sistemnya"",negatif"
"Pengguna Google,""aplikasi paling ribet paling jelek, tapi dananya paling besar dibanding yg lain"",negatif"
Pengguna Google,Terlalu ribet aplikasi nya,negatif
"Pengguna Google,""mau daftar aja susah harus ada EFIN segala,apk pajak aneh bukannya membantu ini mlah mempersulit"",negatif"
"Pengguna Google,""Udah bener kemaren mau ngurus npwp gampang, cek NPWP juga mudah, sekarang malah dipersulit, gimana kerja kalian ini"",negatif"
"Pengguna Google,""Cara dapatkan no efin susah, untuk identitas sudah benar"",negatif"
Pengguna Google,Kode verifikasi kagak masuk.....coba web di google pun lemot... dimasukin pun slalu salah....mau laporan pajak aja susah sekali.....kalo gak laporan salah lagi....duh bikin pusing aja...,negatif
Pengguna Google,aplikasi belum siap udah ditampilin loh udah loginnya susah setengah mati aplikasi murahan,negatif
Pengguna Google,Ini system' gimana sih kok ribet bgt daftar ajh susah malah kena ban . Daftar di Webb nge bug Mulu . Kerja woyyy jgn anggran nya doang gede,negatif
Pengguna Google,aplikasi gak guna mau ngajuin efin aja gak bisa padahal udah gw isi NPWP tapi di aplikasi batasnya sampe 15 angka doang sedangkan di kartu ada 16 angka,negatif
"Pengguna Google,""Mantab, tapi kok saya ga bisa nmr minta efin dari apk ini gagal berkali2"",negatif"
Pengguna Google,Kebayakan korupsi kali sampe aplikasi nya aj kaya sampah kaga aktif lemot dan sebagainaya,negatif
Pengguna Google,Ngak fungsi lupa password ga bisa. Sekelas djp aplikasinya giniamat,negatif
"Pengguna Google,""login gagal terus,,padahal semua data sudah benar,,kalau sistem belum bisa optimal jangan di publik dulu,,benerin dulu sistemnya,,nyusahin masyarakat aja"",negatif"
Pengguna Google,Aplikasi yang mempersulit pembayaran pajak,negatif
"Pengguna Google,""Minta kode efin saja ribetnya minta ampun, mau reset password juga ribet kali.."",negatif"
"Pengguna Google,""Verifikasi lewat email kode aja susah banget, lama proses ya."",negatif"
"Pengguna Google,""Aplikasi error, apa sedang gangguan?"",negatif"
"Pengguna Google,""Inilah contoh bobroknya, aplikasi yang harusnya memudahkan. malah dipersulit proses nya, baru mau login aja udah bikin emosi. Harusnya banyak ulasan jelek ini, langsung diperbaiki. eh, malah dibiarkan. semoga Bu Sri Mulyani baca ulasan2 ini, sebenernya yang ngerepotin dan jadi beban negara itu siapa?ðŸ˜"",negatif"
Pengguna Google,Dari bulan januari sampai pertengahan april masih bisa digunakan. Sekarang dari tgl 20 april sampai tgl 9 mei 2022 tidak bisa digunakan. Hasil dari pencatatan harian bulan januari sampai april hilang. Kenapa bisa begitu ?,negatif
"Pengguna Google,""Tidak bisa digunakan, log in selalu error"",negatif"
"Pengguna Google,""ini gimna sihhh aplikasi Kya GK berguna mau login aja susah bener,udah masukin sesuai GK bisa masuk aneh"",negatif"
Pengguna Google,anehh server sering overload... masa udah 3 hari lebih daftar registrasi npwp SMS otp nya kaga ada mulu... server lemah najis sekelas pemerintah begini,negatif
Pengguna Google,Sangat mudah sekali penggunaannya.. jadi terbantu.. tingkatkan lagi ..,positif
Pengguna Google,Sudah membuat kode billing. Namun ketika akna membayar. Kode billing tidak ditemukan.,netral
"Pengguna Google,""Sistem CACAT, maksa banget bikin apk begini setengah"""", Yang sulit malah makin sulit KOCAK"",negatif"
Pengguna Google,Aplikasi taik.. Mau bayar pajak susah.. Kode efin susah... Gimana mau lapor pajak...,negatif
"Pengguna Google,""apk gak guna. boro2 memudahkan, bikin puyeng iya. pengen masyarakat taat pajak, giliran mau ini itu urusin pajak ribet. udh rakyat yg bayar, eh rakyat pula yg harus lapor"",negatif"
Pengguna Google,Npwp untuk daftar online tidak bisa di gunakan,negatif
Pengguna Google,Udh daftar mau masuk ke akun malah tidak terdaftar malah udh daftar 2x adeh,netral
"Pengguna Google,""APLIKASI INI PENIPU 8JT SAYA,SENGAJA KASIH ðŸŒŸ 5 BIAR KELIATAN"",negatif"
"Pengguna Google,""Katanya suruh akses fitur live chat, pas udah di akses ga terhubung"""". Uang pajak yg kita bayar dapetnya apk beginian?"",netral"
"Pengguna Google,""bikin emosi sekali, udah banyak captcha ngelag parah, udah gitu gabisa login daritadi anj emg"",negatif"
"Pengguna Google,""Ini aplikasi untuk laporan pajak atau cuma buat kode billing aja,gak jelas aplikasinya,klo usah ada kode billing trus lapornya dimna? Polsek,kantor camat,kantor desa,atau kemana?"",netral"
Pengguna Google,Gimana cara daftar pengguna baru? Gak bisa di klik.perbaiki lagi aplikasi nya,negatif
"Pengguna Google,""Kalo memungkinkan, ada menu antri utk konsultasi langsung di kpp, pengganti aplikasi kunjung pajak, terima kasih"",netral"
"Pengguna Google,""Masa aplikasi sekelas pemerintah, mau forgot password ngga ada optionnya. Mana chat live error mulu"",negatif"
Pengguna Google,Tolong Kasih Kemudahan akses untuk Rakyat. katanya suruh taat Pajak,netral
"Pengguna Google,""Kenapa mau bayar pajak aja di bikin ribet. Kemaren saya beli motor bekas, di STNK nya ada fotocopy pemilik nya. Tpi sang pemilik udah meninggal,jadi di jual dengan istrinya. Lalu saya ke kantor pajak untuk bayar pajak kendaraan, lah dia minta orang nya datang. Udah saya bilang orng nya udah meninggal. Ini ada Poto copy KTP nya. Trus orang pajak nya tak mau proses. Heran betul sama orang pajak, kita ada niat mau bayar malah tak bisa. Ya udah saya biarin aja tak bayar pajak sampai sekarang."",negatif"
"Pengguna Google,""Aplikasi sudah baik, perlu ditingkatkan untuk link2 video youtube tutorial aplikasi pajak"",netral"
Pengguna Google,Jarang update sulit login ngelag,negatif
"Pengguna Google,""Semangat Indonesiaku, aplikasi nya gaada yang bisa membantu"",positif"
Pengguna Google,Nomor NIK 16 digit tapi limit pengisian NIK utk login hanya 15 digit. Lalu bagaimana saya mendaftar,netral
"Pengguna Google,""kenapa kalau aplikasi milik negara ada aja masalahnya, apa karna buat aplikasi ini anggarannya di korup juga ?"",netral"
"Pengguna Google,""Gak bisa diakses dikarenakan gak bisa masukin no NPWP sesuai nik,no NPWP kurang satu gak bisa harusnya 16 digit,ini yg bisa cma 15 digit"",negatif"
Pengguna Google,Gagal cetak pdf. Url tidak valid?,negatif
"Pengguna Google,""Aplikasi tidak jelas, sekalinya anda menginstal aplikasi, siap siap hp anda nge Heng..."",negatif"
"Pengguna Google,""Disuruh lapor,tapi mau laporan susah harus ini itu.aplikasi lemot g jelas.terus kenapa harus kita yang laporan padahal gaji otomatis kepotong kenapa gak kalian aja laporan kemana larinya duit pajak"",negatif"
Pengguna Google,udah saya kira dari awal banyak bintang 1. rating itu tidak pernah keliru. tolong di perbaiki ini pak purbaya,negatif
Pengguna Google,Aneh... tampilan kartu npwp di web dan aplikasi beda. Diweb nmr krtu 15 dan 16 digit. Diaplikasi hanya 15 digit,negatif
"Pengguna Google,""tidak membantu sama sekali, katanya bisa cari nomor NPWP dari nik trnyata zonk"",negatif"
Pengguna Google,internet uda ngebut jedok masih suruh nyambungin internet mulu... dana mahal2 buat bikin server hasilnya cuma gini2 aja... log in aktivasi ribet banget tpi suruh laporan mulu...,negatif
"Pengguna Google,""uang pajaknya udh diterima tapi harus melapor lagi kalau udah bayar, sistemnya bagaimana ini?"",netral"
Pengguna Google,Ga guna pecat aja yg bikin apk nya situs nya juga ga guna,negatif
Pengguna Google,buat aplikasi coretax buat apa mana abisin anggaran M M an gabisa di akses ya percuma dong!,negatif
Pengguna Google,Mohon diperbaiki ya.. aplikasi tidak worth banget,negatif
Pengguna Google,Ini kode verisikasi efin itu dikirim pakai apa ya? Kok lama bgt ga munculÂ². Ga pakai pos kan?,negatif
Pengguna Google,mau dibayar pajaknya ga sih app ribet banget,negatif
Pengguna Google,terimakasih dengan adanya aplikasi ini memudahkan saya untuk mengisi SPT Tampa harus ke kantor pajak,positif
"Pengguna Google,""Oke belum berkembang, mulai berkembang, sangat oke berkembang ðŸ¤­"",netral"
Pengguna Google,Saya sudah sering daftar melalu chrome tapi ga ga bisa terus. Ada apa dengan link djp online?,netral
Pengguna Google,buruk tidak bisa login semoga bisa diperbaiki,negatif
Pengguna Google,Aplikasi apa kaya gini buang-buang angaran tapi aplikasinya bobrok,negatif
Pengguna Google,belum di-update apknya belum tak bisa login,negatif
Pengguna Google,Verifikasi email gak masuk masuk wkwkww mau bayar pajak aja susah,negatif
"Pengguna Google,""app ga jelas, mempersulit warga negara, udah dibayar pajak, tetap aja mempersulit lapornya"",negatif"
"Pengguna Google,""Sangat memalukan aplikasi untuk negara seperti ini, bagaimana mau maju untuk verifikasi saja sulit harus ke kantor"",negatif"
"Pengguna Google,""Kenapa ketika mau mengajukan lupa efin di aplikasi, aplikasinya selalu keluar sendiri? Tolong bantuannya"",negatif"
Pengguna Google,klo bikin aplikasi yang bener napa ketimbang upload foto g bisa take foto cuman bisa kamera depan mana g bisa d fokusin kemeranya niat ga si jadi pengurus negara,negatif
Pengguna Google,APLIKASI PALING USELESSS!!!!! DUIT PAJAK RAKYAT TOLONG DONG DIPAKAI BUAT HAL2 YG BERMANFAAT KAYA M PAJAK INI DIBENERIN!!!! KITA MAU BAYAR AJA DIPERSULIT !!!!!!!!,negatif
"Pengguna Google,""Aplikasinya jelek , otp nya gak masuk ke email"",negatif"
"Pengguna Google,""Ini gimana mau laporan pajak kl kode verifikasi loginnya aja harus nunggu berjamÂ² , giliran dapat kode verifikasi trus di coba untuk input yg ad malah kadaluwarsa karna kelAmaan nunggu via email/sms.IT yg bikin versi djp online tahun ini nyusahin"",negatif"
Pengguna Google,Sangat membantu untuk mengingatkan Laporan SPT Tahunan,positif
"Pengguna Google,""Membingungkan, mau lapor pajak tidak ada menunya"",negatif"
"Pengguna Google,""Kalau belum siap servernya jangan paksa pakai aplikasi ini, Semuanya coba lihat gak ada yang puas.Mau setor laporan pajak sendiri saja ribet sekali."",negatif"
"Pengguna Google,""Buat login aja susah banget,kenapa dibikin susah semua"",negatif"
Pengguna Google,Aplikasi gak guna .. udah ngisi formulir data tp gk masuk masuk bikin ribet,negatif
"Pengguna Google,""Baru juga download & install, Cuma liat muter2 doang kwkwk"",negatif"
Pengguna Google,coba pak menteri Purbaya di cek nih sistem pajak melalui online... susah bangat gmn Mao rakyat taat aturan msk apl aja ribet bukan maen... begitu banyak orang hebat di Indonesia masa gak bisa perbaikan sistem negara kaya pajak online pertanyaan ada apa,negatif
Pengguna Google,App jelek banget fitur minim banyak bug,negatif
"Pengguna Google,""Coba dimudahkan utk mendapatkn e-fin, jd gk mesti harus ke kpp lg,, klw dimudahkan, dijamin dah kita"""" nhi rajin byr pajak"",netral"
"Pengguna Google,""ini apk fix g bisa di pake, mnding d web aja aktivasi nya,,,"",negatif"
Pengguna Google,Mbulet tp tetep gak bisa masuk. Beginikah punya negara indonesia,netral
Pengguna Google,Aplikasinya bagus banget bisa memudahkan penggunanya,positif
"Pengguna Google,""Susah login, tolong di perbaiki"",negatif"
Pengguna Google,Ini apk sudah di hack sama komplotan penipu kayaknya.,negatif
Pengguna Google,Mau loginnya aja susah OTP lama udah 5 jam nunggu juga sama aja,negatif
Pengguna Google,Aplikasi sangat lemot dan mudah crah saat si buka,negatif
Pengguna Google,Aplikasi sampah.. Udahlah buat peraturan suka2.. Minimal Pake Apk yg Pro donk.. Ini malah Eror mulu,negatif
Pengguna Google,Semoga kedepannya fitur yang disediakan semakin banyak,netral
Pengguna Google,APLIKASI KONXOL - (X adalah K),netral
"Pengguna Google,""Tak lengkap, tidak bisa daftar spt"",netral"
Pengguna Google,percuma aplikasinya udh ada efin tetap aja disuruh laporan spt tahunannya ke kantor pajak...,negatif
Pengguna Google,permohonan aktifasi efin belum bisa untuk NPWP sama dengan Nik appnya belum update,netral
Pengguna Google,Biasanya lancar skrg malah gak bisa dipake.,negatif
"Pengguna Google,""kalo memang aplikasi ini sudah tidak digunakan lagi, hapuslah dari PlayStore dari pada banyak yang kena prank"",negatif"
Pengguna Google,ga gunaaa gangguan trus . klo ga bisa online ga usah ada sistem online.,negatif
Pengguna Google,gak bisa buat masuk situs..padahal kemarin bukak situs lancar tp sekarang malah down,negatif
Pengguna Google,Verifikasi kode susah banget...kode udh dimasukin gk di verif juga,negatif
Pengguna Google,apk paling tolol,negatif
"Pengguna Google,""Kacawww , aplikasi sampah nunggu Kode OTP sampe 3 jam ,habis itu gabisa login"",negatif"
Pengguna Google,Oi benerin sistem aplikasinya jelek bener gua bayar pajak tapi kok aplikasinya jelek bener,negatif
Pengguna Google,akun yg berhubungan dengan layanan masyarakat yg paling jelek..,negatif
Pengguna Google,sulit banget mau buka akun massa saya harus jauh-jauh ke Surabaya padahal di gresik ada tetapi dalam aplikasi tidak tercantum cabangnya.,negatif
Pengguna Google,Awalnya bisa. Sekarang login susah. Ujung-ujungnya buka pakai browser juga.,negatif
"Pengguna Google,""Udah verifikasi tpi ko efin nya belum dikirim kirim ya,gimna ini? Notif nya efin sudah dikirim lewat email tapi belum ada pdhal email nya benar"",negatif"
Pengguna Google,Tdk bisa daftar berkali2 gagal aplikasi ny blm sukses,negatif
"Pengguna Google,""Ga usah sok bikin aplikasi kalo error begini. Website ga bisa, aplikasi juga sama aja"",negatif"
Pengguna Google,Kode verifikasi tidak ada di email saat mau kirim SPT. Mau lapor pajak aja sesulit ini.,negatif
"Pengguna Google,""Jelek banget, ngirim kode OTP aja cuma laporan terkirimnya doang, tapi kagak ada pesan masuk kan tolol, ini nih yang bikin sulit masyarakat, ke kantor malah d usir wajib daftar online, udah daftar online bermasalah mulu kocak kocak"",negatif"
"Pengguna Google,""Sok-sokan digitalisasi, tp asal bikin aplikasi. Pajak kita dibuang untuk aplikasi yg sia-sia."",negatif"
Pengguna Google,Aplikasi pemerintah meresahkan semua tapi gaji yang buat di luar nurul,netral
Pengguna Google,Sulit kali dapetin EFIN ini ribet nya astaga aplikasi mahal mahal ko kaya gini udah bagus mau laporan pajak,negatif
"Pengguna Google,""Susah login ,Ribet. Sudah daftar akun di aktivasi malah GK bisa login"",negatif"
"Pengguna Google,""aplikasi sangat busuk. mau login aja susah ,verif berulang2 gada yg masuk tuh codenya"",negatif"
Pengguna Google,Kode OTP permohonan efin tidak bisa dikonfirmasi... Tolong diperbaiki...,negatif
"Pengguna Google,""tolol negara macam apa menyediakan aplikasi malah buat rumit warga nya, buat daftar pajak aja susah nya minta ampun tapi kami di paksa dan di wajib kan bayar pajak"",negatif"
Pengguna Google,Login sering bermasalah. Aplikasi ampas.,negatif
"Pengguna Google,""Tolol banget Verifikasi email ga masuk masuk, di spam juga ga masuk.. Entah admin yg lelet atau developernya bodoh.. Jgn bikin Apk Npwp kalau ga Gercep.. konyol"",negatif"
Pengguna Google,busuk mempersulit anggaran doang gede. gagal berkali kali aktivasi email pdhl udh bener thun kmarin bisaa skrang malah kaga bisa.,negatif
Pengguna Google,Aplikasi yg banyak korupsinya daripada hasilnya emang ga berguna,negatif
"Pengguna Google,""apakah ini termasuk anggaran 1,3T itu?"",netral"
"Pengguna Google,""gabisa login, saya mobile dev, mending hire saya, biar ta fix.in bug nya"",negatif"
"Pengguna Google,""Lag parah, masa minta efin, codenya lama kali masuk, waktu Yang dikasih cuma 10menit tapi kodenya baru datang di menit 15"",negatif"
"Pengguna Google,""Menu effin malah di hapus bikin ribet, niat daftar online biar gak ribet tapi malah di bikin ribet"",negatif"
"Pengguna Google,""Baru download udah gak bisa kebuka,njir belum apa apa loh,mempersulit rakyat banget sih"",negatif"
"Pengguna Google,""susah ubah data ,email dan no telefon"",negatif"
"Pengguna Google,""Harus sabar, banyak banyak lihat tutorial, alhamdulillah selesai juga pembuatan via online. """"Nikmat Tuhan yg manakah yg kau dustakan"""""",positif"
"Pengguna Google,""Lemot, sering force close tetiba dah gitu serring ngefreeze"",negatif"
Pengguna Google,Masa nomor efin dikirim ke sembarang email bukan email yang didaftarkan. Ini aplikasi apaan ? Apakah ini aplikasi hoax ?,negatif
"Pengguna Google,""sangat buruk, aplikasi nya error terus saat login"",negatif"
Pengguna Google,Login lupa password tidak bisa,negatif
Pengguna Google,Terimakasih atas ada nya aplikasi m_pajak sekarang jadi gampang untuk bikin NPWP,positif
"Pengguna Google,""mungkin yang buat masih newbie kali ya,saya udah coba 7x selalu gagal"",netral"
Pengguna Google,Aplikasi tidak bekerja. Ujung ujungnya tetap ke kantor.,negatif
"Pengguna Google,""Aplikasi BUMN gini amat ya, kebanyakan di korupsi ni anggaran Buat aplikasi, Verifikasi gagal mulu, gk jelas Bego parah."",negatif"
"Pengguna Google,""ribett, mempersulittttt orang aja..."",negatif"
"Pengguna Google,""jika lagi log in akun user name dan sandi yang di minta sudah betul,hanya kode verifikasi nya tak konek dengan Gmail sesuai akun google yang di gunakan."",negatif"
Pengguna Google,Oke udah bisa minta efin Kalo mau minta kode verifikasi lewat sms aja cepet kalo email nunggu lama gak masuk masuk,negatif
"Pengguna Google,""Aplikasinya sangat jelek, menurut saya aplikasi yang paling buruk tidak guna tak jelas lah pokoknya"",negatif"
Pengguna Google,Pajak yg sudah membebani harusnya tidak diperparah dg aplikasi yg seperti ini. Niat gak sih,negatif
Pengguna Google,Kode Verifikasinya lama banget masuk kita udh close aplikasi nya baru satu jam kemudian terimak kode verifikasi. Kekurangan SDM apa DJP,negatif
Pengguna Google,punya negara aja kaya mash eror,negatif
Pengguna Google,Menyusahkan Mau cari pengaturan saja susah mau ganti alamat email saja susah,negatif
Pengguna Google,Aplikasinya gak jelasðŸ¤£ Bukannya mempermudah malah bikin makin sulitðŸ¤£ðŸ¤£ðŸ¤£,negatif
"Pengguna Google,""Harusnya bisa bayar pajak langsung di sini, gak perlu bolak balik ke kantor pos/bank"",negatif"
"Pengguna Google,""semoga kedepan makin solid, dan mempermudah pengurusan."",netral"
"Pengguna Google,""Lupa pasword aja dipersulit, serius gak sih bikin aplikasi. Malah nyusahin masyarakat"",negatif"
Pengguna Google,Bintang 4 aja dulu... Karena sya masuk lewat WEB bisa masuk lewat aplikasi ini ndk bisa..aneh,negatif
"Pengguna Google,""log in berkali2 gk bisa,sudah melakukan validasi data log in pakai NIK tak bisa"",negatif"
"Pengguna Google,""Aplikasi dan webset pemerintah kaya gini? Parah, ga guna banget Mau daftar aja susah"",negatif"
"Pengguna Google,""Bapuk, mau bayar pajak lebih efisien aja susah. Kayak rakyat yg butuh banget ama ni negara. Males dah"",negatif"
"Pengguna Google,""Ga bisa bikin billing, pada pilihan isian ga ada pilihan. mohon bantuannya admin."",negatif"
"Pengguna Google,""sekelas aplikasi pemerintah kek gini hasilnya, tiap login suruh login lagi karna sesi telah berakhir"",negatif"
"Pengguna Google,""min tolong upgrade apknya dong ini cuma mau ngecek efin gue masa yang bisa harus NPWP yang 15 digit aja min sedangkan NPWP gue 16 digit, gmn min tolong dijawab yaðŸ™ðŸ»"",negatif"
"Pengguna Google,""Kok minta kode efin aja lama,sudah lama nunggu malah eror,,jadi ulangi lagi Hadehhhhhh"",negatif"
"Pengguna Google,""Terima Kasih intinya harus sabar, saya nunggu seharian penuh trial eror terus sampai berhasil dari pagi sampai malam alhamdulillah jam 22.21 baru nerhasil mendapatkan efin."",netral"
Pengguna Google,hidup di negara ini ribet amat ya sudah bayar pajak harus lapor dengan cara yang ribet,negatif
"Pengguna Google,""emang apa apa yg dibuat pemerintah semua sampah, sudaah berhasil registrasi. giliran cari dokumen kartu palah ga ada"",netral"
Pengguna Google,aplikasi gampang gampang susah,netral
"Pengguna Google,""kok ngga bisa login yaa, nik dan pwnya udah bener"",negatif"
Pengguna Google,Lewat website bisa login tapi kenapa lewat aplikasi malah ga bisa hmm,negatif
Pengguna Google,Lebih mudah buat ebilling pajak,positif
"Pengguna Google,""Buang2 anggaran biki aplikasi di jaman teknologi gini ajh ga becus, banyak bug gapernah di benerin."",negatif"
Pengguna Google,pilihan tanggal lahir tidak muncul semua ada yg hilang... pusing tgl 15 tidak bisa di pilih di MODE dapatkan EFIN,negatif
Pengguna Google,Ga bisa login padahal sudah aktivasi,negatif
Pengguna Google,Tolong di perbaiki lagi masa iya gak bisa buat daftar,netral
Pengguna Google,Ada apa dengan aplikasi ini mau login aja susah. Tolong lah dibenerin biar bisa diakses,negatif
Pengguna Google,Kagak ada guna nih apk. Buat minta efin aja sulit bgt.,negatif
Pengguna Google,Kenapa d aplikasi gak bisa login sedangkan d web bisa ya,negatif
"Pengguna Google,""bingung, fiturnya kog gk lengkap yaa, jadi telat lapor pajak"",negatif"
"Pengguna Google,""Binatang, udah susah makin susah,guna aplikasinya apa kalo gak bayak membatu."",netral"
"Pengguna Google,""Sy log-in kok ngak bisa ya, padahal di browser bisa, apakah bisa di bantu"",negatif"
Pengguna Google,Situs Sama Aplikasi Bikin Kesal Aja Low Respon Jadi Gagal Verifikasi & Di Blokir Apaan Gitu Oon Banget Daftar Aja Sudah Bener ðŸ¥±ðŸ¥±,negatif
Pengguna Google,Aplikasi sering error mau di permudah tapi di persulit,negatif
"Pengguna Google,""Mungkin saya orang ke 273.8jt dari penduduk indonesia yg memberi rating 1 pada aplikasi ini, sayang tak ada rating 0, kalau ada saya pilih yg 0"",negatif"
Pengguna Google,ga bisa masuk walaupun NIK dan pass sudah sesuai,negatif
Pengguna Google,Sarana mudah untuk pengechekan dalam hal pajak,positif
"Pengguna Google,""aplikasi tidak sangat membingungkan,"",negatif"
"Pengguna Google,""Aplikasi buruk, mendapatkan kode verifikasi aja lama banget. Menyusahkan tidak mempermudah"",negatif"
"Pengguna Google,""Aplikasinya udah bener lagi sekarang, sebelumnya EFIN ga masuk, tapi sekarang udah ada perbaikan"",netral"
"Pengguna Google,""aplikasi bobrok.. masak udah sesuai g bs masuk, sementara klw pakek web bisa..."",negatif"
"Pengguna Google,""Duit rakyat di pake bikin aplikasi sampah,tidak berguna,daftar npwp online susah amat,terus aja minta validasi data,dan loading"",negatif"
"Pengguna Google,""Tidak bisa login, padahal semua datanya benar."",negatif"
Pengguna Google,tolong lw buat aplikasi yg simple gk semua orang mengerti cara pelaporan Pajak Cortax,negatif
Pengguna Google,Fitur lupa efin gak berfungsi cuma pajangan doang.,negatif
Pengguna Google,Mau login kok pasword salah terusya Padahal udah sesuai,negatif
Pengguna Google,Sangat memudahkan penyimpanan dokument..trimakasih pencetus..,positif
Pengguna Google,aplikasi gak berguna dan gak bisa bekerja sama sekali,negatif
Pengguna Google,Setelah di update kaga bisa dibuka,negatif
"Pengguna Google,""Anggarannya pada di kemanain ini, Kok gk ada yg beres apk dari pemerintah. Parah parah"",negatif"
"Pengguna Google,""Aplikasi engga jelas, kirim OTP aja harus lebih dari 4Jam"",negatif"
"Pengguna Google,""Mau login di aplikasi tdk bisa, padahal kalau melalui websitenya bisa,aneh sekali aplikasinya"",negatif"
Pengguna Google,Katanya kode efin sudah dikirim ke email tp pas di cek kok gk ada,negatif
Pengguna Google,Lebih mudah menginformasi kan pajak pendapatan,positif
Pengguna Google,sangat buruk. aplikasi lemot dan error. bahkan untuk verifikasi pun sering gagal. sekelas layanan pemerintah tapi aplikasi noob. giliran korupsi uang rakyat cepet,negatif
"Pengguna Google,""setiap isi nomor npwp gak bisa di isi tetap kurang satu, aplikasi bodoh"",negatif"
Pengguna Google,Aplikasi tdk jelas ? Untuk apa kalau ingin mendaftar pindah lagi ke wab terus apa guanya aplikasi ini ?,negatif
"Pengguna Google,""Bayar pajak lancar, aplikasinya kek kont*l"",negatif"
Pengguna Google,Kakehan gaya pake online..APP baru setengah jadi udh d up ke playstore..wkwk,negatif
Pengguna Google,Ini error ga bisa masuk mohon perbaiki,negatif
"Pengguna Google,""Jika kalian ingin menguji kesabaran kalian, silahkan coba aplikasi ini. Saya pastikan kalian akan naik darah dibuat aplikasi tak berguna ini. Terimakasih"",netral"
Pengguna Google,Mohon diperhatikan khusus untuk aplikasi djp ini shg wajib pajak juga bisa tertib...,netral
"Pengguna Google,""Aplikasi morotin duit, mau taat pajak aja susah apalagi mau minjem duit....paraaaaaaaaahhhhhhh"",negatif"
"Pengguna Google,""Terima kasih, terbukti sangat membantu, tidak capek-capek ke kantor pajakðŸ™"",positif"
"Pengguna Google,""Aplikasi buruk warga diminta tertip tapi aplikasi layanan publik seburuk ini, loginnya susah"",negatif"
Pengguna Google,Aplikasinya Lemot banget padahal jaringannya normal,negatif
Pengguna Google,ayo dong perbaiki lagi ..biar lebih mudah untum daftar npwp nya,netral
"Pengguna Google,""lapor aja makin ribet caranya, ga kaya yang e-Filling dulu, berbelit2"",negatif"
Pengguna Google,Web nya error aplikasinya error respon nya lama,negatif
Pengguna Google,Layanan jelek Mau masak menu gak bisa,negatif
Pengguna Google,setelah diupdate malah susah/selalu gagal login,negatif
"Pengguna Google,""Fitur aplikasi gk bisa di klik, kek org bodoh nih yg buat"",negatif"
"Pengguna Google,""Sangat membatu untuk pembayaran pajak ,tampah datang kekantor ya"",positif"
"Pengguna Google,""aplikasi error, mending gausah bikin aplikasi. dri website aja sudah."",negatif"
Pengguna Google,Sulit untuk masuk katanya nik ktp sulit ditemukan,negatif
"Pengguna Google,""Ribet daftar nya Padahal.. Efin sama NPWP sesuai Salah,, salah,, Ganggu kerjaan ajh Lazada ajah cuma 2 menit daftar selesai"",negatif"
"Pengguna Google,""kepada pemerintah mohon dari banyaknya komentar yang ada, diperbaiki lah ini aplikasi... ini aplikasi rusak dan tidak layak digunakan"",netral"
"Pengguna Google,""Apa dananya disedot lagi,. Mau login pake nik/npwp tpi karakternya kurang 1. Ambe semua aja"",negatif"
"Pengguna Google,""apk sampah, gimana Indonesia mau maju kalo aplikasi pemerintahannya aja kaya gini, lamban parah, ga bisa bayar pajak."",negatif"
Pengguna Google,aplikasi tidak membantu sama sekali mau cek nomor NPWP aja ribet minta ampun aplikasi ga guna,negatif
Pengguna Google,Sangat tidak mudah daptar npwp online,negatif
"Pengguna Google,""Daftarnya Sulit, padahal sudah mengisi Data dengan Benar"",negatif"
"Pengguna Google,""yailah untuk daftar aja sulit stengah gila,masih ala2 online.jelas dri dlu klw pke online slalu bermslah dan gk berkembang alias nyaman dngan lemotnya sistem yg tdk di perbaharui. please lah klw mau pke sistim online2 perbaiki sistem nya,masa bgini mau dibilng maju.kapan..?"",netral"
Pengguna Google,Banyak yang ngeluh tapi dari pihak app nggak ada yang ngerespon ðŸ™†ðŸ¤¦ðŸ¼â€â™‚ï¸ðŸ¤¦ðŸ¼â€â™‚ï¸ðŸ¤¦ðŸ¼â€â™‚ï¸,negatif
"Pengguna Google,""Ini aplikasi punya pemerintah untuk masyarakat lho..tapi kok sekali dibuka malah keluar lagi. Aplikasi kok ecek ecek gini, parah sumpah"",negatif"
Pengguna Google,laporan SPT CORETAX SUSAHH PISANN LAHH,negatif
Pengguna Google,Tolong perbaiki bug terus,negatif
Pengguna Google,ga di website ga di apk nya sama sama aneh.,negatif
Pengguna Google,Gimana orang mau bayar pajak kalau sistemnya ribet ga bisa online chat!,negatif
Pengguna Google,Aplikasi sampah .... Udah isi data sesuai untuk mendapatkan efin malah di tolak,negatif
Pengguna Google,Terima kasih atas aplikasi M-Pajak ini karena sangat membantu dam mempermudah dalam membayar pajak,positif
"Pengguna Google,""aplikasi rusak kaya pemerintahannya, suruh taat pajak tp disusahkan jg akhirnya"",negatif"
"Pengguna Google,""sangat amat tidak membantu, mending dana buat bikin ni aplikasi buat hal lain yang lebih merakyat lagi"",negatif"
Pengguna Google,ribet susahnya minta ampun ngisi data bolak balik gak bisa,negatif
"Pengguna Google,""ribet banget, saya pengin rubah alamat karena sudah pindah alamat. saya ke kantor pajak terdekat. tapi di resepsionis dicek dan bilang harus diurus di kantor sesuai alamat npwp dikampung. jaman online gini harus gitu"",negatif"
"Pengguna Google,""percuma digitalisasi OTP aja gamasuk, mencoba taat pajak aja ngga dihargain. sampah"",negatif"
"Pengguna Google,""ini kocak bener coretax pas gue daftar gaada opsi buat sandi pas daftar terus pas mau masuk gue bingung masukin sandi apaan, di yt di kasih lewat email lah gue kagak ada kartunya juga, cuman ada email buku panduan. sebenarnya niat ga si lu pada bikin website? pada molor bae tah?"",negatif"
Pengguna Google,sangat sulit buat buat log-in.g guna,negatif
"Pengguna Google,""ini cara buat akunnya bagaimana,masa suruh log in tp tidak ada keterangan suruh buat akun"",netral"
"Pengguna Google,""PERLU DIEVALUASI KEMBALI APLIKASI INI, UNTUK LOGIN SAJA ERROR TERUS. SENGAJA SAYA KASIH BINTANG 5 BIAR DIBACA!"",negatif"
Pengguna Google,setelah pengkinian data malah tidak bisa login,negatif
Pengguna Google,Apk ini tidak bermanfaat. Susah digunankan malah tidak mempermudah,negatif
Pengguna Google,ruwet dan pusing,negatif
Pengguna Google,NPWP hanya disediakan 15 digit. padahal NPWP saya 16 digit. ga ada toleransi langsung dibilang NPWP tidak terdata. wahh Indonesia ku ternyata belum sanggup berorientasi teknologi padahal cuma masalah sesepele ini doangg wkwk,negatif
Pengguna Google,daftar angel e GK karuÂ²an tinggal upload foto aja di tab ngulang lagi dari awal gak jelas. kita yang bayar pajak kita pula yang di persulit.,negatif
"Pengguna Google,""login di website pakai laptop bisa. tapi login pakai aplikasi di HP gak bisa masuk, password atau id yg salah pdhl sudah bener"",netral"
"Pengguna Google,""Kecewa kok 2025 makin sulit untuk mengurus kartu NPWP dan efin,, Padahal mau bayar pajak kok di persulit"",negatif"
Pengguna Google,aplikasi tersampah yang pernah saya pakai dan gunakan seumur hidup saya udah ngabisin dana triliyunan tp ttp ni aplikasi ama websitenya ttp sampah yg buat kek anak SMP yg baru pegang komputer,negatif
Pengguna Google,untuk login saja sulit sekali,negatif
"Pengguna Google,""aplikasi tidak sesuai dengan coretax web, pengurusan pajak dilakukan di coretax web dan aplikasi ini hanya penghibur"",netral"
Pengguna Google,Kode verifikasi tidak sampai ke perangkat saya padahal butuh untuk meminta efin. Registrasi SPT sulit. Dll,netral
Pengguna Google,aplikasi tak berguna masa tidak ada. menu pelaporan spt,negatif
Pengguna Google,Aplikasi gak guna.Mau cek nomer npwp saya saja susah nya mintak ampun,negatif
Pengguna Google,Sulit untuk buat laporannya. Tidak seperti dulu. Tidak praktis...,negatif
"Pengguna Google,""anak magang yang buat ya ? ribet , polos tidak ada opsi opsi lain."",negatif"
"Pengguna Google,""susah banget mau bayar pajak , apk error trus"",negatif"
Pengguna Google,aplikasi ga guna jika harus datang ke kantor pajak ngapain bikin aplikasi kaya gini ga guna,negatif
Pengguna Google,Aplikasi ini manfaatnya apa ya ? Bingung isinya gitu-gitu doang. KSWP pake dipisah bikin ribet,negatif
"Pengguna Google,""belum pernah bikin tiba2 terdaftar,mau ngecek no NPWP nya aja susah bgt,Tlp kring pajak 1500200 sibuk terus, live chat di web pajak ya GK ada yg bales"",negatif"
"Pengguna Google,""gaada fitur lupa kata sandi beuh, jadi susah masuk mana kartunya ilang"",negatif"
"Pengguna Google,""mau cek efin aja susah karena hari kelahiran hanya sampai hari Sabtu. jd tanggal yg jatuh pada hari minggu tidak ada. DJP adalah institusi pemerintah dengan kontribusi terbesar, aplikasinya kayak gini?"",negatif"
Pengguna Google,ini cara login karena lupa pasword gmn? apk intansi pemerintahan negeri ini knp jelek2 ya??? jangan apa2 dikorupsi mulu napa sih?,negatif
Pengguna Google,Percuma ada aplikasi ujung-ujungnya disuruh ke kantor pajak juga. Payahh,negatif
Pengguna Google,daftar NPWP aja di persulit! sebenarnya niat gak sih buat aplikasinya?,negatif
"Pengguna Google,""daftar masuk coretax gagal Mulu , nomor KK salah Mulu padahal sudah benar hayo DJP perbaiki dong jangan nyuruh bikin NPWP tapi pas daftar aja salah Mulu"",negatif"
"Pengguna Google,""Fitur tidak lengkap, percuma"",negatif"
Pengguna Google,Gimna cara memberhentikan pajak ini pdahal saya tidak ada mendaftar nya,netral
"Pengguna Google,""kenapa kode otp lama sekali ya,gak dikirim"""""",netral"
Pengguna Google,app nya ga bisa sama sekali dibuka.. tolong di perbaiki,negatif
Pengguna Google,mau cek efin tapi email yang terdaftar di DJP nya email yang lain aneh ini takutnya data kita disalah gunakan kaya pajak tembak seperti temen saya kita gak jual apa apa ujung nya suruh bayar pajak 20jt,negatif
"Pengguna Google,""tidak ada menu """"lupa sandi"""" tolong perbaiki"",negatif"
Pengguna Google,gmna ya caranya kalo lupa password masuk akun pajak,netral
Pengguna Google,aplikasi biadab bukannya mempermudah masyarakat malah dipersulit,negatif
"Pengguna Google,""loginnnya ribet, selalu eror padahal user name sama password udah benar. apk cacat nggk guna dari pemerintah.ðŸ‘ŽðŸ‘Ž"",negatif"
"Pengguna Google,""Cuk kimay pajak bikin rakyat bangkrut, bubarkan pajak ulah menteri keuangan anda yg gak benar!!!!, rakyat di bebankan pajak sangat besar."",negatif"
Pengguna Google,gak jelas Uda kedafta tp saat masuk jawabnya nik tidak terdaftar . ganti sandi pun susah,negatif
"Pengguna Google,""di buka.pun ga bisa, uang pajak rakyat bukannya memudahkan rakyat, malah nyusahin rakyat, mau bayar pajak aja di persulit"",negatif"
Pengguna Google,ternyata susah bikin npwp online tidak membantu sama sekali,negatif
Pengguna Google,ada nya aplikasi ini jadi semuanya lebih mudah,positif
"Pengguna Google,""apknya jelek kek orng""""nya, sekelas pemerintah gini kerjanya pantas jelek lebih bagusan apk game"",negatif"
"Pengguna Google,""ini aplikasi udah rampung? kalau udah rampung makan biaya berapa M?dicomot berapa M? parah gini, sayang buang buang duit rakyat bikin apk setengah-setengah,GAJE mempersulit yg bayar pajak yg dapet subsidi mana ngerti"",negatif"
"Pengguna Google,""kenapa gak ada fitur untuk ubah nomor handphone?, masa untuk sekedar ubah nomor handphone harus ke kantor pajak."",negatif"
Pengguna Google,Telalu lama nungguin kode Verifikasi giliran masuk malah kode Verifikasinya tidak vail kalau bisah di percepat biar tidak lama nungguinnya,negatif
Pengguna Google,Malah ga bisa login.. bertahun-tahun lapor SPT baru kali ini ga bisa login,negatif
"Pengguna Google,""di app nya gk bisa masuk, tapi di web bisa, bneran gk guna jd nya"",negatif"
Pengguna Google,mau daftar aja susah gimana oranf mau bayar pajak,negatif
"Pengguna Google,""buruk buruk kacau negara besar tapi aplikasi kacau begini, login susah bener ngga masuk sampah"",negatif"
"Pengguna Google,""Kenapa aplikasi-aplikasi punya pemerintah buatnya kayak gk serius, asal-asalan."",netral"
Pengguna Google,Baru Masuk Aplikasi Udah keluar dengan sendirinya . Tolong di perbaiki lagi,netral
"Pengguna Google,""Tolong ditangani dan ditanggapi, sekelas apk pelayanan masyarakat masih banyak bug, kalian dibayar pake pajak louh, bisa kerja gak sih? Ntah portal atau apk yang dinaungi pemerintah kok gak ada yg bener semuanya, cuih sampah..... Gtu aja trus sampe warga Indonesia mati semuanya"",negatif"
Pengguna Google,apps ga jelas. buat masukin data aja di persulit ntah efin lah apa lh itu namanya.,negatif
Pengguna Google,Harap perbaiki semua pelayanan ga guna,netral
"Pengguna Google,""mau daftar bikin NPWP lewat online aja susah nya minta ampun, untuk sementara bintang 1 dulu min"",negatif"
"Pengguna Google,""Pengajuan EFIN cuma bisa masukin 15 digit NPWP, sedangkan saat ini NPWP sudah 16 digit. Mohon diperbaiki laa ya, sekelas aplikasi milik pemerintah masa gini amat"",negatif"
Pengguna Google,Aplikasi TAIIIIIII......... kalau gak becus gak usah di publish dulu.,negatif
"Pengguna Google,""curiga aplikasi penipuan sih ini,sekelas kantor pajak aplikasi nya gak support. untuk ganti djp ke coretax habis dana milyaran tapi sekelas aplikasi sprti ini nihil untuk fungsinya(?)"",negatif"
"Pengguna Google,""aplikasi kentut, lelet dan banyak iklan"",negatif"
"Pengguna Google,""Orang pajak bikin aplikasi gak becus , suruh bayar pajak tapi aplikasi dan website resmi bobrok"",negatif"
Pengguna Google,Apa gunanya aplikasi kalau ujung-ujungnya dialihkan ke web. Daftar NPWP aja ribet gini. Gak mampu bayar designer kah? Gak mampu bayar operator yang berkompeten kah?,negatif
"Pengguna Google,""Aplikasi resmi dari DJP, user friendly dan berguna untuk wajib pajak. Memudahkan pembuatan ID Billing untuk penyetoran pajak"",positif"
Pengguna Google,belum ada pengalaman mengisi Aplikasi ini dengan hp,netral
"Pengguna Google,""apk ya ampun,susahnyaa,error terus"",negatif"
Pengguna Google,Loh in susah bgt gblok bgt suruh taat pajak tapi ribet,negatif
"Pengguna Google,""Gak jelas, , log in di web bisa.. Loh in di aplikasi error terus..."",negatif"
Pengguna Google,aplikasi nya buruk mangkin update kok mangkin tolol aplikasi nya bukan mempermudah malah mempersilit,negatif
Pengguna Google,APLIKASI INI TIDAK KOMPATIBEL DENGAN PERANGKAT ANDA... HAHAHA,negatif
Pengguna Google,ga bisa masuk nya percuma dong ada aplikasi tapi ga bisa di gunakan huh jelek,negatif
"Pengguna Google,""Aplikasi buang2 waktu Log out terus, proses pengecekan efin"",negatif"
Pengguna Google,Tiap Tahun harus lapor SPT. tapi giliran login mau masuk aja susahnya minta ampun.. dari pagi sampai sekarang ga bisa masuk...,negatif
Pengguna Google,Aplikasi gabisa login padahal di web bisa..,negatif
"Pengguna Google,""lupa password tidak bisa di reset ulang ,kacau"",negatif"
Pengguna Google,saya udah berhasil daftar tapi data tidak ditemukan ðŸ˜­,negatif
"Pengguna Google,""Mentok d tahap ke 2 terus mau di apain ya ga bisa,emang lawak negara konoha pajak aza d persulit.lawakkkkkkk"",negatif"
Pengguna Google,Aplkasi pemerintahan tapi kaya taikkkkk Percuma ada pilihan livechat tpi yg bls bott..mutar muter kaga jelas.. Reset pswd aja kaga ada kejelasan,negatif
"Pengguna Google,""Apa gunannya pemerintah bikin aplikasi online, kalo mau ngurus efin keterangan di web di arahkan di aplikasi, di aplikasi gagal terus, lewat telpon 1500200, malah di arahkan ke KPP langsung,"",negatif"
Pengguna Google,Aplikasi ga berguna.tidak jelas menunya.,negatif
Pengguna Google,Tidak bisa update data pribadi. Padahal ini sudah akun saya. Jangan mempersulit orang lain lah!!. Nanti kelar hidup loe!,negatif
"Pengguna Google,""aplikasi ga bener ni, mau buat NPWP aja eror mulu buangÂ² waktu klo bisa ngasih bintang 0 gw kasih bintang 0 ni aplikasi"",negatif"
Pengguna Google,ngk bisa di pakai,negatif
"Pengguna Google,""katanya aplikasi pajak, tapi performanya tidak membantu sama sekali"",negatif"
Pengguna Google,Apknya kalah sama apk warung masukin kode otp efin saja 6x gagal terus ga jelas gimana coba masa,negatif
Pengguna Google,Tombol Verifikasi OTP nya error terus,negatif
Pengguna Google,aplikasi abal2 gini ya berbelit nggak simpel buat apa pemerintah banyak aplikasi tapi kok ribet semua ya,negatif
Pengguna Google,Mau login tapi kode OTP masuk email nya lama,negatif
"Pengguna Google,""abis install ini tiba-tiba data email dan nomor hp berubah, hati-hati gak beres aplikasi ini."",negatif"
"Pengguna Google,""APLIKASI HEBAT SAYA MAU MASUK SAJA TIDAK BISA, MENDING TUTUP AJA GAUSAH BIKIN APLIKASI MAIN MASAK MASAK AJA"",negatif"
Pengguna Google,aplikasi nya ga bisa buat daftar..gmn si ini,negatif
"Pengguna Google,""server gangguan terus,lemot,kebanyakan di korup"",negatif"
"Pengguna Google,""aplikasi lambat minta kode verifikasi ga masuk"""" ke email. ga jelas"",negatif"
Pengguna Google,Percuma ada layanan kring pajak kalau ngga bisa di hubungi,negatif
Pengguna Google,Login pake nik tapi angkanya ga cukup..,negatif
"Pengguna Google,""perbaiki dulu woy pendaftarannya, wajib bayar pajak tapi nyusahin di pendaftaran hadeh"",negatif"
"Pengguna Google,""menyulitkan pengguna, tidak efisien! mohon ditingkatkan lagi!!"",negatif"
"Pengguna Google,""Ngomong nya di permudah, asli nya di persulit...fitur gak ada yang bisa di pake"",negatif"
Pengguna Google,Aplikasi zonk! sama sekali engga mempermudah rakyat!,negatif
"Pengguna Google,""Aplikasi apa ini, dibuka aja gk bisa, disuruh restart trs"",negatif"
"Pengguna Google,""Aplikasi apaan ini, cape cape isi data, ujung ujungnya eror,kalau bikin aplikasi yang niat bos, kalau gini ma ga usah bayar pajak nyusahin, ribet"",negatif"
Pengguna Google,udah masukin kode verifikasi tpi tetep gak bisa masuk kocak,negatif
"Pengguna Google,""ribet bikin aja dibikin ribet ke web, udh gitu webnya eror terus masukin otp selalu gagal erorrrr full ERORRR"",negatif"
Pengguna Google,aplikasi Zonk lemot sekali,negatif
Pengguna Google,Penasaran pengadaan web & maintenance abisin anggaran brp hasilnya kek gini ðŸš©,netral
"Pengguna Google,""Kode otp untuk aktivasi efin yg di kirim ke email lama sekali masuknya, buang2 waktu aja."",negatif"
"Pengguna Google,""HATI"""" GUYS.... Data bisa bocor, ada aja yang mengaku dari pihak DJP. Dan anehnya dia kirim name tage nya, mungkin palsu. Dikirim link sama dia, M-Pajak tapi beda sama yg ada di playstore ini. Miris yaaa, pemerintah punya tapi masih bisa dibobol orang datanya. Atau malah jual data??? Saya lapor mindra ajaa keknya biar diaudit... ðŸ™ƒ Hampir livin dan brimo keretas, langsung sadar karena notif bahaya dari HP, dan mulai mikir apa iya pegawai pajak yg begitu sibuk punya waktu sebanyak ini nanya""""..."",negatif"
"Pengguna Google,""Bagaimana ini koq, force close terus....,tolong lah di perbaiki dulu aplikasinya"",negatif"
"Pengguna Google,""aplikasi ribetnya ga karuan, fungsi 0"",negatif"
Pengguna Google,Bgini kualitas pemerintah kita bikin aplikasih tdk usah buat aplikasih om kualitasnya miris,negatif
Pengguna Google,Fitur untuk laporan SPT nya kok gak ada ya?,netral
Pengguna Google,Tolong web nya perbaiki lama bener mau daftar online,negatif
Pengguna Google,ketika klik profil aplikasi langsung tertutup dan keluar,negatif
"Pengguna Google,""buang"""" dana, login pun gabisa. buat apa bikin aplikasi klo gabisa dipake"",negatif"
Pengguna Google,notif ada tagihan pajak suruh bayar segera. tapi aplikasi dibuat kode billing lemoy sekaliðŸ˜€,negatif
Pengguna Google,aplikasi pemerintahan busuk,negatif
Pengguna Google,disuruh masukin npwp 16 angka padahal dikolom hanya bisa 15 angka kan lucu sekali,negatif
Pengguna Google,Susah amet login. Ini duit pajak ke mana si sampe aplikasi ga dibenerin,negatif
"Pengguna Google,""Aplikasi sampah, sekelas Aplikasi Pemerintah tapi kualitasnya kalah sama Aplikasi Swasta seperti MyBCA, mau minta EFIN aja ribet sama nomor HP, ya mintain OTP lah."",negatif"
Pengguna Google,Aplikasi ( tolol) . Maaf kemarin aplikasi sebelah pengurusan ijin berkemudi online yang saya komentari .sekarang ini juga sama saja. Tinggal verifikasi online via email apa susahnya dengan sistem yang dikelola swasta. Sekelas pemerintah saja pakai aplikasi bikin susah,negatif
"Pengguna Google,""apalahh gabisa masuk, aplikasi error inimah.. rusakk"",negatif"
"Pengguna Google,""Mao daftar NPWP online aja susah banget, gimana Mao bayar pajak semua di persulit"",negatif"
Pengguna Google,Jngn buat malu Indonesia.... Segalanya di persusah... Sudh di ikutin sesuai arahnya namun ad aj hal yg gk bisa...,negatif
Pengguna Google,susah apk nya,negatif
Pengguna Google,Belum mendukung pelaporan efilling pajak,netral
Pengguna Google,aplikasi tidak berguna. maubayar pajak aja di persulit.,negatif
"Pengguna Google,""Live chat sama mesin apa mesinnya tau yg dibutuhkan?? Seperti bicara sama dinding. Mau disambungkan ke petugasnya tapi tetap mesin yang jawab, sebenarnya paham gak sih live chat itu apa?? Jangan salahkan masyarakat menilai oknum kantor pajak itu jelek kalau pelayanannya seperti ini. Buruk sekali"",negatif"
"Pengguna Google,""Kewajiban hrus lapor , Tp dikasih aplikasi kayak gini, Errrror mulu gak bisa2."",negatif"
Pengguna Google,Apk sampah bikin efin gagal terus login tidak bisa bisa,negatif
"Pengguna Google,""Aplikasi sampah, interface tidak berjalan, cuma habis habisin uang rakyat"",negatif"
Pengguna Google,ribet mau liat secara online aja harus dtg ke kantor pajak dulu. padahal penting mau liat pajak dr rumah dan taat pajak. aplikasi bobrok.,negatif
Pengguna Google,Parah...aplikasi busuk ga bisa di buka buat download beberapa kali ttp aja begitu,negatif
Pengguna Google,apk setengah mateng,netral
Pengguna Google,aplikasi jelek bnget,negatif
Pengguna Google,Kenapa Mau masukan Jenis Pajak dan Masa pajak susah sekali,negatif
"Pengguna Google,""gimana mau lapor pajak klo eror terus, di suruh lapor pajak tp aplikasi ribet sama eror terus jdi males bikin laporan pajak.."",negatif"
Pengguna Google,gajelasssss kode verifikasi nya lama banget dahh ni gunanya apa sihhh hfffttt orang mau nepatin tugasnya buat bayar pajak malah gini ni apk,negatif
"Pengguna Google,""Parahh ga bisa login, pengaduan kmna mna ga ada respon"",netral"
Pengguna Google,apasi login ulang mulu aneh banget apk nya,negatif
"Pengguna Google,""aplikasi tolol, ubah password langsung dapet email giliran verifikasi gak muncul muncul di email... tolol tolol"",negatif"
"Pengguna Google,""Minta kode verifikasi, dikirim setelah kodenya ga berlaku lagi. Kocak sekali"",negatif"
Pengguna Google,kita yg bayar pajak kitaa juga yg kudu laporan kerjanya apa org pajak,netral
"Pengguna Google,""Inikan aplikasi milik pemerintah,jadi tolong dong jangan eror melulu dan tolong segera diperbaiki,jangan bikin malu pemerintahankami selaku warga sangat mendukung"",negatif"
"Pengguna Google,""bukan nya mudah ,malah jadi ribet"",negatif"
Pengguna Google,Bikin NPwp aja ribet minta ampun.. validasi data cuma bengong aja . Tidak selesai-selesai. Ayulah jangan dibikin susah. .,negatif
Pengguna Google,Saya berulang kali daftar ada aja kendalanya di aplikasi online ini. Tolong lebih ditingkatkan lagi,netral
Pengguna Google,Berbenah diri.uda banyak keluhan.masih juga nggak dibenerin. Permasalahannya kode verifikasi. Masyarakat uda mau melapor tapi kok tidak dimudahkan .,netral
"Pengguna Google,""pak Pur liat ni aplikasi gak berguna. buat pajangan ajahhh, gak mempermudah pengguna"",netral"
"Pengguna Google,""Gak beres, Menu pendarannya gak ada, gmn mau login"",negatif"
"Pengguna Google,""sangat buruk, aplikasi tidak berguna."",negatif"
"Pengguna Google,""aneh aneh, mau verifikasi aja susahnya nauzubillah"",negatif"
Pengguna Google,Petugas pajak nya cuma makan gaji buta di tambah lagi hasil pajak di korup lagi maka nya urusan di bikin ribet mau ngurus lupa Efin aja ribet,negatif
"Pengguna Google,""Ni siapa si yg bikin app jelek amad, baru download malah gabisa di buka."",negatif"
"Pengguna Google,""Aplikasi g berguna,lupa efin udah di isi semua sesuai dengan permintaan begitu di submit verifikasi gagal."",negatif"
"Pengguna Google,""Aplikasi ruwet, betulin aplikasinya woy.. Jangan makan gaji buta."",negatif"
Pengguna Google,Gk jelas ruwett awal masuk daftar pilihan gk bisa d buka,negatif
"Pengguna Google,""woi admin ngirim kode verifikasi aja lama banget udah lewa email sms gabisa,kerjaan lu ngapain aja si dirjen pajak,apa mau nerima uangnya aja"",netral"
Pengguna Google,Apk gak jelas download tuk habisin paket internet doang masuknya tak bisa nomor NPWP sudah benar PASSWORD juga suda benar tapi tetap gagal masuk KACAUU,negatif
"Pengguna Google,""Orang mau nyari NPWP dan cuma tanya nomer EFIN aja susahnya minta ampun, cuma mau bayar pajak aja di persulit. Ndeso bgt sistemnya sumpah!!! Serba online tp di suruh datang ke KKP, Saya yakin birokrasi di KKP pasti lama bgt. Gitu gaji org pajak tinggi tinggi banget, kek alun koruptor eselon III dirjen pajak bisa beli ini beli itu. Sistem tuh perbaiki, gak cuma gaji aja yang gede"",negatif"
"Pengguna Google,""Gak bisa digunakan, tetep kudu ke kantor pajak ðŸ‘"",negatif"
Pengguna Google,aplikasi sering ke log out sendiri akunnya. diharapkan bisa diperbaiki,netral
"Pengguna Google,""Bug terus, sekali bug lama"",negatif"
"Pengguna Google,""Praktis, simpel, mudah, aman dan good"",positif"
"Pengguna Google,""Gabisa klik verifikasi kode, ga bisa yah bikin apk ?"",negatif"
Pengguna Google,Jelek bngt..berkali2 upload gagal mulu..cape,negatif
Pengguna Google,selalu kesulitan utk melakukan pembayaran pajak bulanan.,negatif
"Pengguna Google,""Error terus, sampai sekarang belum bisa masuk"",negatif"
Pengguna Google,Maklum yang kerja di pemerintahan rata orang tolol semua. Aplikasi bikin emosi doang. Yg masuk kerja boleh bawaan keluarga jadi sebenernya pada gabisa kerja,negatif
Pengguna Google,Pengalaman kali pertama pengunaan aplikasi namun saya agak kesulitan utk masuk,negatif
Pengguna Google,Sekelas pemerintah Indonesia aplikasinya kayak gini tapi pajak trs ditingkatkan,netral
"Pengguna Google,""Layanan live chat ga berpungsi sama sekali,"",negatif"
Pengguna Google,aplikasi dari pemerintah gak ada yg normal semuanya anomaliðŸ¥´,netral
Pengguna Google,Aplikasi M pajak sama website djp online nya ko sama sama sampah yah ? Susah banget buat log in,negatif
"Pengguna Google,""aplikasi gak guna, mending langsung ke kantor pajak"",negatif"
"Pengguna Google,""Tolong Yaaa PIC Pajakkk, Buat Aplikasi yang lebih baik lagi, soalnya yang versi ini ribet dan ruwet"",negatif"
"Pengguna Google,""ga tau dikirim ke email yg mana kode efinnya, udh daftar udh verifikasi dan verifikasi hrs pake pulsa, sekali sedot biaya hampir Rp. 1.000. gmn sih? asal bersinggungan dgn birokrasi pemerintah pasti ga jelas..... hadehhh"",negatif"
"Pengguna Google,""Lelet, aplikasi apa ini. Kek mana rakyat mau taat lapor pajak, disuruh verifikasiÂ² tapi kode ke email gak masukÂ² ðŸ‡²ðŸ‡¨ðŸ‡²ðŸ‡¨ðŸ‡²ðŸ‡¨ðŸ‡²ðŸ‡¨"",negatif"
"Pengguna Google,""Udah cape ngeluh sama aplikasi instansi pemerintahan, gaada 1 pun yg bener, mau bayar ke negara pun dipersulit"",negatif"
"Pengguna Google,""Selalu elorrr kalu minta no efin juga susah ,ribet lagi kenpa enga pia wa lagi banyak Kendal operator susah d hubungi katanya mudha nyatanya jelek tolong sistem nya benar"""" d perbharui lagi"",negatif"
"Pengguna Google,""Gak ada menu """"LAPOR"""".. ujungnya harus pakai browser buat lapor spt.. aplikasinya gak worthit"",negatif"
Pengguna Google,Gimana masuknya sihh ko salah Mulu eror Mulu padahal udah aktifasi kartu udah ada tapi tetep aja salah Mulu heran,negatif
Pengguna Google,Aplikasi sampah Mau login aja error terus,negatif
Pengguna Google,Apk apaan 10kali coba kirim verivikasi aja gak dikirim kirim gak jelas,negatif
Pengguna Google,Aplikasi apaini. slalu update tapi gk pernah bner. gk kebuka yg benar dulu kalian bikin aplikasi ini bah. memuakkan kali aplikasi kalian ini,negatif
"Pengguna Google,""Chat ke admin lama PAKE BANGET Masalah bayar pajak tepat waktu diburu buru kalau ngga denda 100.000, tapi masalah pelayanan masyarakat DI KORUPSI"",negatif"
"Pengguna Google,""Aplikasi ini tidak membantu sama sekali, anda akan diarahkan ke kantor pajak"",negatif"
"Pengguna Google,""Aplikasi tolol ga guna,, anggaran doang yg gede aplikasi ga berfungsi"",negatif"
Pengguna Google,tidak membantu hanya mempersulit,negatif
"Pengguna Google,""Lupa efin, masa kirim no verifikasi aja pake no tlp. No tlp kan sudah berubah. Mau lapor pajak aja ribet amaaaattttt. Bener"""" deh"",negatif"
"Pengguna Google,""Bisa login lewat web,, giliran d aplikasi NPWP sama sandi gk cocok kata nya ðŸ¥´ðŸ¥´"",negatif"
"Pengguna Google,""Aplikasi ga jelas, bakar aja ga guna ga bisa login"",negatif"
Pengguna Google,Halo ka kenapa halaman wep tidak ada tampil tombol kirim di adroid versi xiomi hyper os ka,netral
Pengguna Google,Aplikasi yang di olah sama pemerintah ga ada yang bener. Kerjanya ga ada yang becus payahhbb,negatif
"Pengguna Google,""Verifikasi nya susah, ga keluarÂ² kodenya"",negatif"
Pengguna Google,tidak fungsi karena tidak ada layanan online seperti live chat,negatif
Pengguna Google,Gak guna smua menu yg biasa hilang,negatif
"Pengguna Google,""Halo apa ada orang? aplikasinya ga bisa dibuka, error terus? siapa yang buat? servernya aman kah?"",negatif"
Pengguna Google,login gagal d perifikasi email padahal nomer udah benerr hadeh amit2 apa2 d persulit mulu dah,negatif
"Pengguna Google,""Kayak man kek gini org lagi butuh jadi susah dibuat apl nya, verifikasi otp aja gabisa"",negatif"
"Pengguna Google,""Saya ibu rumah tangga tidak pernah mengajukan pembuatan npwp, tapi tiba tiba ada kartu npwp di kirim ke rumah, sudah download app ini, malah tidak berfungsi, jdi saya harus gimana? Karrna saya tidak pernah mengajukan pembuatan npwp"",netral"
Pengguna Google,Pajak dongo Banyak bug Kebanyakan di korupsi,negatif
Pengguna Google,aplikasi sangat buruk Uda benar data tetap eror Gilak ini aplikasi,negatif
"Pengguna Google,""Kode di kirim lewat email,, 12 jam bru di kirim,, sama sekali gak guna"",negatif"
Pengguna Google,Susah x buat log-in udah beberapa x di coba,negatif
Pengguna Google,lupa No.EFIN untuk Pembaharuan NIK- NPWP 2024. pas ngikuti langkah step by step kode verifikasi nya malah terdeteksi ke no. Hp yg lama atau no.hp awal daftar NPWP tahun 2013/2014 .yg mana no.hp itu sudah Hangus...bgaimana bisa tekirim kode verifikasi ? trus di aplikasi LUPA KODE EFIN itu TIDAK ada mencantumkan atau isian kolom NO.HP dan Email yg Aktif sekarang. mohon aplikasi nya di tingkatkn lagi agar mudah di akses,netral
"Pengguna Google,""tak kira dengan adanya online, malah mudah, yg ada mumet otak rek, pusing pusing gusti ðŸ¤¦â€â™€ï¸ðŸ¤¦â€â™€ï¸ðŸ¤¦â€â™€ï¸"",negatif"
Pengguna Google,Pengiriman npwp fisik gk ada payahâ€¦ .gk sesuai katanya online ko masih ribet,negatif
Pengguna Google,Lancar dan sangat di mudahkanâ¤ï¸,negatif
"Pengguna Google,""Aplikasi bobrok, tidak membantu sama sekali.."",negatif"
Pengguna Google,Aplikasi busuk bukanya mempermudah malah bikin sulit gak ikhlas bgt buat aplikasi Hapus aja app ini gk ada gunanya juga,negatif
Pengguna Google,Sangat tidak membantu... Lupa EFIN mentok di verivikasi,negatif
Pengguna Google,aplikasi gak guna,negatif
Pengguna Google,aplikasi tidak berguna. sekelas pemerintah buat aplikasi seperti sampah tidak bisa di gunakan. hanya menghabiskan anggaran saja.,negatif
Pengguna Google,Gak bisa di buka aplikasinya Critical Error Occured !!! Apaaaanini,negatif
Pengguna Google,Sangat mudah untuk mndapat kn ebiling,positif
Pengguna Google,Sangat ringkas & simpel. Saran juga mohon di mudahkan utk chek/rechek NPWP an. WP BADAN .....,netral
Pengguna Google,Verifikasi OTP untuk EFIN nya error,negatif
"Pengguna Google,""Tolong dibuat multiple npwp untuk badan, bisa cek status laporan pajak dan download BPE"",negatif"
"Pengguna Google,""apk tidak membantu, situsnya eror terus"",negatif"
"Pengguna Google,""aplikasi gak guna.. Error terus,,, pake duit rakyat doang bisa nya.. ðŸ‘Ž"",negatif"
Pengguna Google,Oh iya saatini masih gak bisa diajses buat daptar via imail ya...,netral
"Pengguna Google,""Bintang 1 untuk live chat di web dan ribet ,lupa sandi doank di persulit ðŸ–•"",negatif"
Pengguna Google,Hapus aja ini aplikasi ga guna Otp ga dikirim kirim Mau apa apa ga bisa Aplikasi sampah,negatif
Pengguna Google,Daftar NPWP online sangat sulit,negatif
Pengguna Google,Bisa masuk tp ko gk bisa buat laporan spt tahunan... Gimana sih nih aplikasi,netral
"Pengguna Google,""hebat, email gw tiba tiba berubah, ya ga bisa nerima kode efin lah"",netral"
"Pengguna Google,""database nya update saya sudah perubahan email sama ni hp di coretax,TPI disini belum update gak bisa login"",negatif"
Pengguna Google,selalu gagal login.. padahal sudah benar ..,negatif
"Pengguna Google,""plis laah pelayanan di tingkatin lagi, mau login akun pun susah banget udah nunggu lama eh katanya admin masi sibuk hmmmmðŸ—¿ðŸ—¿"",negatif"
Pengguna Google,Aplikasi ga jelas! Apa apa aplikasi dari pemerintah ga ada yg jelas. Negara cuman buaat mainan!,negatif
Pengguna Google,Beberapa kali mencoba verifikasi tapi tidak masuk kodenya baik melalui email ataupun nomor hp,negatif
"Pengguna Google,""Aplikasi menyukitkan tidak berguna,emding tidak usah pajak sekalian"",negatif"
"Pengguna Google,""Ini bikin aplikasi berapa sih dana nya? Perusahaan swasta pinjol aja aplikasi nya bagus2.. INI SEKELAS NEGARA APLIKASI ANCUR GAK KARUAN, MASA KALAH AMA APLIKASI PINJOL, HAHA.."",negatif"
"Pengguna Google,""Daftar aja dibuat susah,kalo buat apl yg bner dkit"",negatif"
Pengguna Google,Gak web gak aplikasi g guna pengen lapor SPT aja ribet banget sinyal 4g+ pulau Jawa aja kaya gini apalagi tempat lain orang it di dirjen pajak pada g mampu apa gmn buat layanan masyarakat yg memepermudah ribet lemot,negatif
"Pengguna Google,""Bayar pajak mahal, aplikasinya ampas, ngisi capta g kelar"""" d korupsi tros blok"",negatif"
Pengguna Google,buruk banget sih apk burik klo ga ngebantu ga usah buat apk ginian ga guna.cape cpe habisin waktu buat NPWP code nya lama banget,negatif
"Pengguna Google,""Sudah masuk terverifikasi lalu log out pas mau masuk lagi 3hari kemudian malah disuruh daftar lagi, sekarang semua bank pakai Nama berkatepe dari disdukcapil jalan sendiri sampai disiruh balik lagi sama disdukcapil akhirnya ke kantor pajak Pemda dan Kecamatan Jonggol Juga ktp saya data pribadi saya sudah dijalani sejak 2010 Lapor sana sini sampai jahitan lahiran berdarah darah"",netral"
Pengguna Google,Suruh taat pajak tp aplikasi sulit,negatif
Pengguna Google,aplikasi paling buruk,negatif
"Pengguna Google,""aplikasi berbahaya, sering eror & tdk berguna, gampang disalah gunakan oknum yang mencuri data pribadi untuk penipuan."",negatif"
Pengguna Google,apk apa ini lelet bgt,negatif
"Pengguna Google,""Yang bener aja! Apk sama web kaga jelas gimana bisa cara laporan, mana kena denda kalau kaga laporan ngotak aja lah malah mempersulit rakyat. """"SPT Tahunan telah diatur dalam Undang-Undang No.28 Tahun 2007 tentang Ketentuan Umum dan Tata Cara Perpajakan. Mengacu undang-undang tersebut, pemerintah mengharuskan seluruh wajib pajak agar melaporkan SPT sesuai dengan ketentuan yang berlaku."""" Nih lagi """"Apabila Wajib Pajak tidak menyampaikan Surat Pemberitahuan sampai batas waktu, dapat dikenakan sanksi"",netral"
"Pengguna Google,""katanya udah dibenerin tapi nggak bisa"""" login termasuk webnya coretax"",negatif"
Pengguna Google,Makasih Gak perlu lagi minta efin ke kantor pajak karena disinipun bisa dah saya buktikan mgkin yg gk bisa kurang literasi,netral
Pengguna Google,payah... erorr terus,negatif
Pengguna Google,sangat membantu banget untuk membuAt efin dengan mudah,positif
Pengguna Google,thn kemaren udah masuk login sekarang pundah k coretax malah ngga mau masuk buat lapor binggung,negatif
Pengguna Google,udah di isi sesuai tetep aja gabisa,negatif
Pengguna Google,aplikasi sampah gini kok masih bisa ada di playstore.,negatif
"Pengguna Google,""Mau download kartu pajak saja di suruh mutar mutar ujung ujungnya ga bisa, memang."",negatif"
Pengguna Google,nge stuck di verifikasi nomor. kata yutub harus ada pulsa 5rebu tetep ae gada hasil. niat bgt bikin org emosi,negatif
Pengguna Google,Aplikasi sampah. untuk kalian gausah install ini aplikasi. cukup buka aja lewat google crhome coretaxdjp.pajak.go.id,negatif
Pengguna Google,Semakin kesini bukan nya semakin baik. Klo belum siap buat bikin APK ga usah maksain deh,netral
Pengguna Google,verifikasi spt tahunan di djp gak bisa ..giliran mau login app ya sama kode verifikasi gak ada ..app gak guna sekelas angaran 1.2 T kalah sama bikinan anak smk,netral
"Pengguna Google,""gak ada solusi, bukanya mempermudah malah mempersulit"",negatif"
"Pengguna Google,""Apk sampah,pengen duitnya doang.tapi apk ngebug ...."",negatif"
Pengguna Google,tambahkan fitur download npwp dalam bentuk pdf dan jpg,netral
Pengguna Google,aplikasinya kurang bagus setelah foto selfi gagal verifikasi terus,negatif
Pengguna Google,aplikasi nya tidak bisa login error trus,negatif
Pengguna Google,bikin lewat web susah. aplikasi juga tidak membantu. kenapa mau bayar pajak aja dipersulit diadministrasi sih,negatif
Pengguna Google,fasilitas jelek lupa password aja nggak ada,negatif
"Pengguna Google,""Aplikasi dak jelas Sdh isi data yg benar masih aja verifikasi gagal, org dak bayar dan dak lapor di kejar kejar.. Giliran mau lapor mintak efin malas sulit."",negatif"
Pengguna Google,Di Update malah ga bisa dibuka,negatif
Pengguna Google,ga ditempatnya ga di aplikasinya tetep di persulit!!,negatif
Pengguna Google,Installing update aja muter teruuss aneh,negatif
Pengguna Google,kendala melulu apk nya. kureng,negatif
"Pengguna Google,""Minta tolong berbagi informasi, ada yang cht mengatas namakan dpj bahwa saya mendapatkan bantuan UMKM, contoh cht WA """"Dengan hormat, Kami ingin menginformasikan bahwa Anda terdaftar sebagai penerima Bantuan Langsung Tunai (BLT) UMKM dari Kementerian Koperasi Dan Direktorat Jenderal Pajak. Setelah informasi data diri lanjut dengan cht WA Kementerian Koperasi dan UKM memberikan BLT UMKM dengan dana berjumlah Rp. 7.200.000 yang sasarannya para pengusaha mikro yang akan direalisasikan di bulan 2"",negatif"
"Pengguna Google,""Aplikasi sampah, kantor pajak kerjanya lambat, kita harus tunggu sampai sore, taiii"",negatif"
"Pengguna Google,""Pajak sudah dibayar tapi masih disuruh laporan,trus apa gunanya bayar pajak"",netral"
"Pengguna Google,""ga webnya ga aplikasinya bermasalah hadeh, buat login susah"",negatif"
Pengguna Google,Bikin nomor npwp aja sulitnya minta ampun...,negatif
"Pengguna Google,""urusan nya aja sulit di persulit, uangnya di kemanain"",negatif"
"Pengguna Google,""aplikasi tidak berguna,, verifikasi aja lama apalagi verifikasi nomor televon"",negatif"
"Pengguna Google,""Ini kenapa gak ada fitur efinn? Padahal saya liat di yutub ada fitur efin, giliran saya download malah gak ada."",negatif"
Pengguna Google,aplikasi sangat busuk,negatif
Pengguna Google,Mohon setiap kantor pajak menyediakan fasilitas foto copy. Dan bila perlu semua pegawai pajak itu ganti aja sm pegawai bank BCA agar tau cara melayanin orang.,netral
"Pengguna Google,""Ealah baru aja install langsung error, pemerintah pemerintah, kemana aje tuh uang pajak."",negatif"
Pengguna Google,Keren banget. Langsung dapet efinnya. Pokoknya harus siap siap pulsa ya :),positif
"Pengguna Google,""Aplikasi ga guna, ga bisa login"",negatif"
Pengguna Google,sangat membantu,positif
Pengguna Google,akses nya koq bisa secepat kilat ya.... gak seperti yg lain nya...,positif
Pengguna Google,aplikasi gak jelas mw log in saja susah verifikasi lewat email...kode gak masuk masuk....,negatif
"Pengguna Google,""ribet nya minta ampun nih mau daftar lewat web aja segitu susah nya,mana yang katanya udah di benahi sama Menteri baru,apa jangan orang djp lagi malas kerja"",negatif"
"Pengguna Google,""ga jelas aplikasinya, ga bisa penginian data"",negatif"
"Pengguna Google,""Hapus aja aplikasi ini, buka ngk bisa forceclose terus"",negatif"
"Pengguna Google,""G jelas apa maunya ni apk, bukan mempermudah, malah mempersulit"",negatif"
"Pengguna Google,""Susahnya mau bayar pajak, terlalu berbelit"",negatif"
Pengguna Google,Data udah bener tapi gagal di input,negatif
Pengguna Google,Bukannya mempermudah malah mempersulit,negatif
Pengguna Google,Gimana sih mau live cht eror. Terus. Mau buat nvwp di chrom kode dari gmail ngk dikirm dikirm nya lama skli orang butuh kapan dikirim kapan. Ngk update bnget sih nyusahin,negatif
Pengguna Google,Ternyata bgni pajak saya dipakai untuk aplikasi yang tidak berfungsi,negatif
"Pengguna Google,""Aplikasi AMPAS, orang wajib download dipaksa pake aplikasi broken ga ada guna"",negatif"
"Pengguna Google,""Ini aplikasi dulu sempat bisa di gunakan, tapi sekarang aplikasinya tidak berfungsi ðŸ¤£ðŸ¤£"",netral"
"Pengguna Google,""Coretaxnya gajelas cok, mau bayar pajak aja sulit."",negatif"
Pengguna Google,suruh bayar pajaknya suruh sat set.. tp aplikasi eror mulu g dibenerin,negatif
Pengguna Google,Kagak bisa daftar kocak Kenapa si aplikasi pemerintahan selalu kek gini!!! Kebanyakan korupsi jadi lupa buat urus aplikasi kocak,netral
Pengguna Google,Aplikasi sampah .semua aplikasi milik pemerintah itu gak ada yang bagus systemnya amburadul,negatif
"Pengguna Google,""error terus pas verifikasi wajah, kacau!!!"",negatif"
Pengguna Google,masih blank belum bisa dapat ranting 6,netral
Pengguna Google,Aplikasi kocak Mau daftar malah web nya gak bisa di akses.,negatif
"Pengguna Google,""Aplikasi membingungkan, msih banyak error,"",negatif"
"Pengguna Google,""Orang2 it pemerintah cuma orang2 tolol yang dibayar ratusan juta, ga ada sejarah pemerintah buat aplikasi dapet bintang 4 , ya karena aplikasi pemerintah busuk semua"",negatif"
"Pengguna Google,""Mau masuk aja susah,NPWP pisik sudah ada tapi di aplikasi NPWP tidak tercatat"",negatif"
Pengguna Google,Pelayanannya sangat buruk..untuk apa ada layanan online.jika proses lupa efin aja harus dtg ke kantor pajak..k,negatif
Pengguna Google,Ngirim otp efin 24jam baru masuk ke email. Ga niat bkin aplikasi,negatif
"Pengguna Google,""Kalo ada rating bintang 0 akan saya pilih rating itu krn anda layak dapat 0..ga malah makin baik makin parah..verifikasi terus menerus,"",negatif"
Pengguna Google,gk bisa di pake apknya selalu keluar sendiri,negatif
"Pengguna Google,""aplikasi apa lah ini, bnyk bug nya, buat akun baru ga bisa, kemana devlop nya ini cuyðŸ˜…"",negatif"
"Pengguna Google,""Wah penipuan nih aplikasi, inget smua'a pajak itu GK ada telpon""""an, yg dtg k rmh itu klo org wajib pajak melalui surat k rmh"""" atau k RT setempat, kmren jg saya d tlp brap hari kemudian ada yg infoin d group RT tmen'a kena tipu 46jt, hati"""" pajak tidak nlp TPI panggilan surat wajib pajak melalui surat"",negatif"
Pengguna Google,aplikasi banyak erornya niat ga si kerja,negatif
"Pengguna Google,""1 kata aj buat nih apk """"busuk"""", anggaran banyak buat bikin apk pemerintah tp gini hasilnya. kalo bisa nih yg bikin apk dari pihak swasta aj biar gercep pelayanannya."",netral"
Pengguna Google,baik sekali terimakasih,positif
Pengguna Google,Kamera blank pada saat verifikasi wajah. Sangat menghambat,negatif
Pengguna Google,Katanya pemerintah memudahkan rakyat tp susah amat mau daftar aja gak bisa di klik gimana rakyat mau percaya dengan dektorat pajak,negatif
Pengguna Google,apk ga guna bikin npwp aja susah bnget internet lancar dibilang ngga emng konoha,negatif
Pengguna Google,aplikasi kaga berguna pulsa udah abis 5000 kaga ke daftarÂ² buat apa ada aplikasi ini kalo kaga berguna,negatif
"Pengguna Google,""aplikasi gak guna, susah untuk daftar"",negatif"
"Pengguna Google,""Kalo diharuskan bikin online harusnya di permudah bukan nya makin sulit seperti ini ,gak semua org bisa mengakses lewat internet dengan baik."",negatif"
Pengguna Google,payah aplikasi nih..padahal user name dan pasword sudah betul.masih salah juga,negatif
"Pengguna Google,""Parah sih ini, GK bisa di buka, minta restart malah error'..."",negatif"
Pengguna Google,saya daftar daftar tapi halaman web gak bisa dibuka aneh,negatif
Pengguna Google,Udah ngirim ke email kode verifikasi masuknya lama melebihi batas waktu yg diberikan (pembuatan kode efin),netral
"Pengguna Google,""Kode otp sulit masuk via email,system nya payah"",negatif"
"Pengguna Google,""Tolong di perbarui untuk pengajuan EFIN. Karena NPWP sekarang 16 digit, sedangkan di aplikasi masih 15 digit. Terimakasih"",netral"
"Pengguna Google,""ribet dan bikin emosi masa Gw masukin npwp cuman bisa 15 digit sedangkan dinpwp gw 16 digit, memang ya apk pemerintah kagak ada yg bener, ngurus ginian aja dibikin ribet"",negatif"
"Pengguna Google,""coba dong web sama apknya di benerin malu sama Anggaran,masa KLH sama swasta"",negatif"
"Pengguna Google,""susah amat otpnya, pulsa melayang layang percuma"",negatif"
"Pengguna Google,""nerima duit mulu bisanya ,suruh ngembangin aplikasi buat membantu masyarakat malah error terus baik aplikasi ataupun servernya"",negatif"
"Pengguna Google,""masuk susah, gak ada menu lupa password"",negatif"
"Pengguna Google,""Aplikasi sampah... Gak guna, aplikasi pemerintah rata rata seperti sampah hanya habisin dana tapi tidak berguna."",negatif"
"Pengguna Google,""Ribet minta no efin aja di persulit, udh bayar pajak suruh laporan pula ke kantor nya langsung apa lah guna ini aplikasi, tidak berguna"",negatif"
Pengguna Google,Siipp sudah lapor,positif
Pengguna Google,Jangan mbodoi rakyat otp ngak gratis capcay ngak pernah di lolosin kenapa pasang aplikasi klu di persulit suka knibal teman makan teman,negatif
"Pengguna Google,""verifikasi email aja terus,aplikasi pajak kok susah di akses"",negatif"
"Pengguna Google,""Ini aplikasi instansi pemerintah ga ada canggih sama sekali ,kalqh dengan aplikasi swasta,apa yg kalian banggakan ,kita mau masuk akun aja kok bikin rakyat stres"",negatif"
"Pengguna Google,""Update nya malah bikin pusing, malah bagusan sebelum update"",negatif"
"Pengguna Google,""ambil pajak elit, Daftar online Sulit"",negatif"
Pengguna Google,di suruh wajib pajak begitu mau bayar gagal apaa ini aplikasi gk jelas,negatif
"Pengguna Google,""Aplikasi t0/0/, dev t0/0/.. ribet, semua urusan ke pemerintah ribet.. mending gk ush byr pjk lol"",negatif"
Pengguna Google,Aplikasi nya update kok saya biasa masuk sekarang minta kode verifikasi malah lupa emailnya yang mana,negatif
"Pengguna Google,""Gak bisa verifikasi kode OTP di menu EFIN gimana ini? Ngabisin pulsa aja dah, gabener"",negatif"
"Pengguna Google,""Habis di update mlah kayak asu ni aplikasi... Tpi ya wajarlah,data negara aja ambrol aplgi mendevelop app."",netral"
Pengguna Google,Tidak membantu tujuan masuk menggunakan aplikasi ini supaya mudah tetapi ujungÂ²â€™a ke website,negatif
"Pengguna Google,""ini aplikasi palsu gaessss, bukan dari pemerintahan direktorat jendral pajak, ingat! ini aplikasi palsu, liat aja di instagram nya royshakti yg ada centang biru nya"",negatif"
"Pengguna Google,""Aplikasi Lolot, orang baru berhasil ndaftar malah keblokir. Blok!!!"",negatif"
"Pengguna Google,""Login saja susah,kode otp dikirim 2 jam kemudian,gimana mau pakai aplikasi ini"",negatif"
"Pengguna Google,""Gak pernah bener emang negara klo ngasih pelayanan, lemot lama susah"",negatif"
"Pengguna Google,""Masyarakat disuruh lapor pajak, tapi sistemnya sangat nggak bermutu masa upload SPT selalu gagal dgn keterangan """"NPWP HARUS SAMA"""" dan """"NAMA FILE HARUS SAMA"""" padahal sudah sesuai instrukturnya giliran masyarakat gak lapor, kena denda ðŸ‘Ž"",negatif"
Pengguna Google,jadi segini doang anggaran 5 triliyun..? ampas banget. kasih anak it d kampus 100jt udah lebih bagus dari ini,negatif
Pengguna Google,Eror teruuuus dari zaman dulu gk ngasih solusi,negatif
"Pengguna Google,""Validasi data, validasi data, validasi data gituuuu aja terus sampe presiden Ukraina joinan rokok bareng sama presiden rusiaðŸ‘Žgak bayar pajek juga gak rugi!"",netral"
Pengguna Google,untuk step 2 pas validasi data gk bisa ya?? Itu knp yaa??,netral
Pengguna Google,Kecewa dengan dirjen pajak uang pajak dari pekerja kasar dikorupsi,negatif
Pengguna Google,Sukses selalu dan mempermudah layanannya,positif
"Pengguna Google,""aplikasi dan website error,tidak ada penanganan yang serius terhadap kritik"",negatif"
Pengguna Google,tolong di perbaiki aplikasi nya soalnya no npwp saya 16 digit tapi yg di sediakan di kolom npwp hanya 15 digit ðŸ™ðŸ™,netral
Pengguna Google,tidak Bagus apk ini datanya Tidak Valid padahal datanya smua sudah sesuai ktp ðŸ˜,negatif
"Pengguna Google,""Pulsa 20 ribu habis , gabisa masuk kode otp selalu salah as*"""""",negatif"
Pengguna Google,Susah banget mau daftar aja Nomor otp gk dapet2,negatif
Pengguna Google,Aplikasi tidak berguna mempersulit penguna untuk melapor,negatif
Pengguna Google,Nyari domisili kurang lengkap masa iya domisili saya tinggal kaga ada apk busuk,negatif
Pengguna Google,Ini fitur lupa efin nya gmn dah? Kaga ngebantu..nggk bisa2 tuh...,negatif
"Pengguna Google,""bukannya semakin terbantu malah nyusahin, sekelas negara bikin apk kurang baik. Ini no sama passnya udh bener gaa bisa login"",negatif"
"Pengguna Google,""kenapa untuk meminta nomor EFIN, pasa kolom NPWP tidak bisa di ketik 1 angka terakhir..,? jdi pas pengajuan tidak bisa karena nomor NPWP nya kurang 1 anggka..."",negatif"
"Pengguna Google,""Aneh aplikasinya, sdh diinstal tp ga bsa dibuka. Begini aplikasi pemerintah?"",netral"
"Pengguna Google,""Susah banget bikin npwp. Bikin siang kode verif dari email munculnya malem, udah kadaluarsa ya percumaðŸ™‚â€â†”ï¸ðŸ™‚â€â†”ï¸"",negatif"
"Pengguna Google,""Aplikasi download sudah terbaru masih disuruh update terus, gws boomer"",netral"
Pengguna Google,Mau minta efin kagak bisa2 selalu keluar sendiri dari aplikasi!!!!! ðŸ‘Ž,negatif
"Pengguna Google,""bisa gak bikin ide inovasi singkat gak ribet lapor pajak gak usah ribet2 amat,,contoh org bank sana masa gak bisa niru kalian atau kalian senang org bayar pajak ini di denda karna gak lapor pajak padahal uangnya mereka sudah kalian makan"",negatif"
Pengguna Google,ada aplikasi M-pajak sama DJP online.apasih bedanya.lupa efin sangat ruwet,negatif
"Pengguna Google,""pemerintah bikin aplikasi gapernah bener ya, puluhan kali coba buat minta kode efin error terus, bukan main~"",negatif"
"Pengguna Google,""Mau di buka,,ada notif aplikasi ini mesti di perbarui dan langsung nge Hang ga bisa di apa2in"",negatif"
"Pengguna Google,""Proses permohonan EFIN, semenit langsung jadi. Cepet sekali, tidak ada kendala apapun. ðŸ‘ðŸ»"",positif"
"Pengguna Google,""Download aplikasi kirain bakal membantu, ternyata tidak sama sekali."",negatif"
"Pengguna Google,""maunya apa sih layanan pemerintahan, susah amat mau akses bikin npwp online aja, udah berbulan-bulan kaya sebodo aja. tim IT dan badan pemerintahan yang terkait, tolong benerin web coretax bagian jenis pekerjaan udah isi tetap aja kesalahan disitu (BUG). layanan pemerintahan gak online gak offline gak ada yang simple setiap mau ngurus apa2. RIBET TERLALU BERTELE-TELE."",negatif"
"Pengguna Google,""Via aplikasi lelet, via web pun lelet... Bintang 1"",negatif"
Pengguna Google,Belajar menghargai orang pak/ bu rakyat di suruh bikin NPWP pas daftar di aplikasi banyak masalah,negatif
Pengguna Google,Pada ga becus bikin apk!!! SELAMAT sudah menjadi aplikasi pemerintah yang tidak berguna!,negatif
"Pengguna Google,""Ga bisa login, jumlah digit kurang"",negatif"
"Pengguna Google,""mau login susah bener email sudah benar pw sudah bener tetap saja di salahkan freak, , sekelas pajak apk begitu freak"",negatif"
"Pengguna Google,""buruk,pengen liat efin sama login aja susah dipersulit kok gini banget"",negatif"
"Pengguna Google,""Masukkan no token selalu gagal,,,,,ga tau kenapa"",negatif"
Pengguna Google,Apk gak guna websitenya pun sama. Lebih baik ke kantor pajak nya aja kalo bikin npwp emang sampah gak guna buat nonton bokep aja tuh Situs web,negatif
Pengguna Google,aplikasi nda jelas sudah di ulang ulang untuk meminta kode efin ngebug mulu,negatif
"Pengguna Google,""ribet,aplikasi gagal Mulu,,segitu mau bayar,mau bayar aja di bikin ribet"",negatif"
Pengguna Google,Sangat membantu dan ok...aplikasinya..,positif
"Pengguna Google,""Mau lapor aja susah eror mulu, aneh memang pajak di negri wakanda"",negatif"
"Pengguna Google,""Halo pejabat yang dimanapun anda yang di gajih sama kami,tapi kerjanya ga becus. Saya ingin komplen ini katanya NPWP di ganti jadi nik/15angka jadi 16angka sesuai nik. Tapi ini pas mau login knp ga bisa kelebihan satu,terus saya tunggu dari awal di ganti yg 15jadi16 angka,sampe sekarang gada perubahan kalian kerja apa tidur terus kerjanya? Mohon maaf udhmah yg butuh pajak siapa yg susah siapa, ini udh susah di perusah. Tolong itu say tidak bisa login karena NPWP-nya lebih satu."",netral"
Pengguna Google,Setiap mau masukin data untuk mengambil efin selalu keluar aplikasinya. Percuma di install.,negatif
Pengguna Google,Tidak bisa di pakai utk lapor pajak aplikasinya. Minta restart trs,negatif
Pengguna Google,Tiap login selalu fatal error g jelas banget,negatif
Pengguna Google,niat bikin aplikasi tidak.? jadi aparat negara sudah dibayar tapi kerja.nya gk bisa di andalkan..,negatif
Pengguna Google,Kenapa nggak bisa ngisi nomor NPWP secara lengkap jadinya susah masuk mau nyari effin,negatif
Pengguna Google,apk sama Web sama aja bobrok nya lemot eror terus Bukannya mempermudah masyarakat malah mempersulit,negatif
"Pengguna Google,""Aplikasinya konyol, bayar pajak dipersulit tapi dipaksa bayar,,, JANGAN DIKORUP TERUS LAH WAHAI PEJABAT"",negatif"
"Pengguna Google,""Aplikasi ga guna, akses lupa efin ga bisa Masa aplikasi sekelas pemerintah kayak sampah"",negatif"
Pengguna Google,Tlong di perbaiki aplikasi nya baru mau buka sda di bilang eror .,netral
"Pengguna Google,""Zaman dah canggih. Tapi masih aja harus ke kantor. Ngurus ini ngurus itu, baru bisa login. Birokrasi masih nggak bisa hilang tah di negra ini? Hadeeeeh, ini to yg namanya modernisasi dgn kearifan lokal?, sudah digital tapi birokrasi harus tetap ada. ðŸ˜ˆ"",netral"
"Pengguna Google,""Kita yang bayar pajak, kita yang harus ribet laporan!!! Begitu ngumpul di korupsi!! Konyol"",negatif"
Pengguna Google,Mohon diperbaiki. Aplikasi kok verifikasinya gagal mulu,negatif
Pengguna Google,Sulit buat daftar entah di aplikasi atau di situs nya,negatif
Pengguna Google,Alhamdulillah aplikasi ini sangat membantu bgt tidak sampai 5menit sudah dapet efin,positif
Pengguna Google,Chat live tapi ga bisa ngetik,negatif
Pengguna Google,Aplikasi gak jelas mempersulit masyarakat update efin harus kekantor apa gunanya aplikasi ini t*lol,negatif
Pengguna Google,Gk ada yg versi lama k... Ini di pake login sj gk bisa,negatif
Pengguna Google,Buat apa aplikasi kalau ujungÂ² nya harus ke kantor! Dasar...,negatif
Pengguna Google,Ranting 3 sangat bagus dan oke ðŸ¤­,netral
"Pengguna Google,""mau daftar akun aja, gk bisa di klik"",negatif"
Pengguna Google,Maaf min kenapa opsi jenis pajak tidak bisa dipilih? Apakah karena eror sistem,negatif
Pengguna Google,Ini kenapa kirim code otp lama banget masuk ke Email,negatif
Pengguna Google,Aplikasi pelayanan publik ko lemotnya ampun...... Kalah cepet sama Aplikasi pinjol,negatif
"Pengguna Google,""Tolong dong,masa saya mau masuk aplikasi nya aja g bisa. Kami download ingin di permudah bukan di persulit"",negatif"
"Pengguna Google,""kocak ini apk dungu, ngapain udah ada apk ini giliran mau lapor spt tahunan malah disuruh pake web trs gunanya apa ini aplikasinya? Emang susah negri konoha ini"",negatif"
"Pengguna Google,""maU login malah ga bisa nomer nowpnya, pntek gaming"",negatif"
Pengguna Google,Tiap buka profil malah force close.,negatif
Pengguna Google,Gak bisa laporan spt fiturnya ampas,negatif
Pengguna Google,Aplikasi yg sangat beebelit-belit mau daftar npwp aja ruwetnya kebangetan,negatif
"Pengguna Google,""Ini gimana cara loginnya? Saya bisa login melalui website tapi di aplikasi tidak bisa, apa database di aplikasi dan website berbeda?"",negatif"
Pengguna Google,Aplikasi ancur gk becus bikin aplikasi. Di web bisa login disini gak bisa.. bodoh,negatif
Pengguna Google,dengan aplikasi m.pajak sangat membantu wajib pajak,positif
Pengguna Google,hebat ga bisa daftar lewat apk. ribet banget,negatif
"Pengguna Google,""Aplikasi sampah ga berguna,yang ada buat repot aj Mending dana ny buat negara aj ngapain alibi buat aplikasi segala Web ny pun ga berguna,petugas ny pada slow respon,atau emg gda petugas ny Nyusahin aj"",negatif"
"Pengguna Google,""Sudah sulit reg situsnya jelek .....mau daftar di persulit,kalo ada rating nol saya nol dah"",negatif"
"Pengguna Google,""mohon di perbaiki aplikasinya, mau login aja verifikasinya gak masuk masuk"",negatif"
Pengguna Google,kita yg mau bayar pajak kita juga yg repot negara macam apa ini semua serbah sulit..,negatif
"Pengguna Google,""Dari 2022- sampai 2023, mau login di DJP ,onlain ko status eror Mulu,nh tak coba lagi 29-09-2023,kirain dah beres , sandi dah benar, klik ganti sandi malah kaga bisa ,ini gimana pak/Bu ,apa sudah di buat onlain buat laporan SPT,untuk mempermudah masa masih di persulit juga, harus tetap juga ke kantornya taaah . Okelah saya akui pas bikin NPWP ,sangat mudah karena covid kali yah bikin lewat onlain 2 hari jadi di Anter Ama tukang pos"",netral"
Pengguna Google,Udah daftar sampek isi data ke sepuluh balik sendiri dan slalu akun salah lah apalah,negatif
"Pengguna Google,""Kirim kode Verifikasi login ga bisa-bisa, mau bayar gimana??"",negatif"
"Pengguna Google,""aplikasi jelek , masa iya fitur lupa kata sandi tidak ad !!!"",negatif"
"Pengguna Google,""Sudah sesuai npwp sesuai ktp tetap di coba berapa kali pun sama, VERIFIKASI GAGAL. SISTEM YANG ANEH"",negatif"
Pengguna Google,saya sudah daftar melalui web tapi saat akan login di aplikasi NPWP tidak terdaftar?,negatif
"Pengguna Google,""gak di web gak di aplikasi gak ada yg jelas ni, masak login dari pagi sampe sore kode Verifikasi gak muncul"""""",negatif"
"Pengguna Google,""ga bisa login dong, pdhl lewat web bener . masuk lewat apk ini malah username sama pw salah terus ðŸ—¿"",negatif"
Pengguna Google,tolong perbaiki sistem aplikasinya sangat kurang untuk aplikasi sekelas milik negara,netral
Pengguna Google,apk pemerintah malah lemot dapet kode verifikasi susah minta ampun kerja nya apaan coba !!!!,negatif
Pengguna Google,Gagal verifikasi EFIN terus tanpa dkasih tau sebabnya dimana padahal udh sesuai smua. Payah.!!!!!,negatif
Pengguna Google,Menurut saya aplikasi pajak ini di ganti saja judulnya menjadi aplikasi mempersulit masyarakat . Miris padahal di kelola negara bikin susah rakyat aja lupa efin pun seperti mau mati,negatif
Pengguna Google,Aplikasi gilo suruh gisih data sesuai KTP tpi tertulis kelurahan anda salah aplikasi tolol udh ditulis data diri seperti di KTP alamat tpi salah eror tolol,negatif
Pengguna Google,otp nya susah masuk sekali masuk gagal bang ini solusinya gimana,negatif
"Pengguna Google,""Min, tolong dong perbaiki aplikasinya. Selalu terkendala di verifikasi utk minta efin"",negatif"
"Pengguna Google,""Balasan email lambat,mohon diperbaiki lg"",negatif"
Pengguna Google,Di update kok malah tidak bisa di buka???,negatif
"Pengguna Google,""harusnya bisa lah nomor efin dikirim lewat email, ga harus dateng ke kantor , ngapain sih kaya gini doang harus dibikin ruwet , dikira orang hidupnya cuma ngurus hal beginian aja ,orang juga punya kesibukan,"",negatif"
Pengguna Google,alhamdulillah akhir nya selesai juga upgrade npwp baru 16 digit online nya,positif
Pengguna Google,Mau log in gak bisa2. Sesi berakhir terus. Ada hubungan sama kasus crotax kah ini? Heran mau ngasih duit aja susahnya minta ampun.,negatif
"Pengguna Google,""Semoga yg membuat apk ini hidupnya dipersulit, seperti apknya yg gak jelas"",negatif"
"Pengguna Google,""Ribet banget mau login susah, dipersulit harus masukan kode EFIN minta verifikasi kode EFIN gagal terus. Padahal gue bayar pajak tolong jangan dibikin ribet atau dipersulit gimana orang yang lupa password dan kode EFIN?"",negatif"
Pengguna Google,Aplikasi nggak jelas mau daftar aja susahnya seperti hubungi presiden ðŸ¤£ðŸ˜‚,negatif
Pengguna Google,Ini aplikasi untuk apa? Tidak berguna sama sekali Atau cuma buat aplikasi untuk menghabiskan anggaran saja.,negatif
Pengguna Google,Muter muter nggak jelas dan nggak bisa dipakai.,negatif
Pengguna Google,Sangat mudah bagi saya yang lupa efin cok,positif
Pengguna Google,PERBAIKI LAGI APLIKASI KARENA MASIH SERING KELUAR SENDIRI SAAT DIPAKAI,netral
Pengguna Google,Negara aneh... Pajak kita sudah dibayar perusahaan harus kita lagi yang lapor. Udah itu kita mau lapor berbelit-belit. Ntah kapan lah Indonesia maju?,negatif
"Pengguna Google,""Sangat buruk, produk gagal, mau bayar males kalo di korup ðŸ‘Ž"",negatif"
Pengguna Google,Web kocak. Plis lah lagi butuh kok kaya begini sih ga bisa diakses,netral
"Pengguna Google,""sok2an mau pake digital tp sistem nya masih bobrok, yg di gunakan hanya golongan,bukan ahlinya sih.. serahkan pekerjaan apada ahlinya.. kalau 1bulan gagal pecat ganti baru,kan bisa tuh.."",negatif"
"Pengguna Google,""Kecewa, susah login.."",negatif"
Pengguna Google,Bug nggak bisa di next sama sekali,negatif
"Pengguna Google,""Syarat lengkap cepat,,"",netral"
"Pengguna Google,""aplikasi g jelas, masa kode verifikasi baru dikirim 5 jam. game2 murahan aja lebih bagus."",netral"
"Pengguna Google,""ribet, aktivasi akun dan epin aja bagi WP pribadi harus ke kantor dengan segala aturan dll etc. sepatu. sedangkan saya baru mau bekerja kembali setelah sekian tahun lamanya menganggur. seharusnya di apk DJP online ini sediakanlah layanan online untuk aktifasi epin dan akun tanpa harus ke kantor pajak terdekat bagi kaum karyawan. karena biasanya akan terganggu jam kerjanya."",negatif"
"Pengguna Google,""saya konfirmasi ke kpp pajak, infonya penipuan, hati"""" ada yg 40mb dan 100mb, handphone saya di sarankan reset pabrik dan laporan yg berwajib"",netral"
Pengguna Google,Kayaknya kita yang bayar ya..tapi kenapa kita juga yang lebih repot ðŸ˜„,negatif
Pengguna Google,Aplikasi yg bagus untuk mendukung karyawan pajak punya rubycon,netral
"Pengguna Google,""Buang buang dana negara, chat cs aja ga bisa"",netral"
"Pengguna Google,""Nyushain udah di pajak, suruh lapor terus orang pajak kerjanya apa korupsi? Udah menunya nyulitin lagi cari lapor ga ada aplikasi payah..."",negatif"
"Pengguna Google,""Lebih baik aplikasi BOKEP ketimbang apk resmi tapi konyol banyak masalah dan teknisnya baru belajar udh dipaksain buat apk padahal kemampuannya blum mumpuni, bejar dlu nak PD ahlinya jgn buat negara kita malu, ini sgt memalukan masak apk sekelas negara kalah sama apk bokep"",negatif"
"Pengguna Google,""utk fitur lupa efin verifikasi gagal terus. Payah, aplikasi buruk"",negatif"
"Pengguna Google,""Mau login aja sudah,Kode verifikasi nya pengiriman email tapi di cek di email Ndak ada"",negatif"
"Pengguna Google,""Mempersulit rakyat, mau bayar pajak aja di buat bingung"",negatif"
Pengguna Google,log in error terus. tidak ada perbaikan.,negatif
Pengguna Google,Sangat cocok untuk melihat pajak saya,netral
Pengguna Google,aplikasi kocak udah masukin no npwp dan pasword yang bener masih aja salah kocak aplikasi gak kocak,netral
"Pengguna Google,""Aplikasi dengan anggaran 1,3 m tapi error"",negatif"
"Pengguna Google,""Ini aplikasi apaan tak jelas, nampak kualitas sdmnya KKN sehingga hasilnya pun jelek mau sampe kapan negara ini maju kalau pemerintah nya pada korup. Dasar payah gak jelas."",negatif"
Pengguna Google,App ngak berguna....no npwp bener pswd bener ttp g bisa masuk.....klo g biaa bikin app gausah bikin sekalian,netral
"Pengguna Google,""Kode verifikasinya lambat masuk, lemot"",negatif"
Pengguna Google,Aplikasi yang buruk jangan di pakai ga bisa dapat kode otp nya,negatif
"Pengguna Google,""Sengaja aplikasi di erorkan dan tidak diperbaiki,,,agar masyarakat bayar buat pembuatannya ðŸ’©ðŸ’©ðŸ’©ðŸ’©ðŸ’©ðŸ’©ðŸ’©ðŸ’©ðŸ’©ðŸ’©ðŸ’©ðŸ’©ðŸ’©ðŸ’©ðŸ’©ðŸ’©ðŸ’©ðŸ’©ðŸ’©ðŸ’©ðŸ’©ðŸ’©ðŸ’©ðŸ’©ðŸ’©ðŸ’©ðŸ’©ðŸ’©ðŸ’©ðŸ’©ðŸ’©ðŸ’©ðŸ’©ðŸ’©ðŸ’©ðŸ’©ðŸ’©ðŸ’©ðŸ’©ðŸ’©ðŸ’©ðŸ’©ðŸ’©ðŸ’©ðŸ’©ðŸ’©ðŸ’©ðŸ’©ðŸ’©ðŸ’©ðŸ’©ðŸ’©ðŸ’©ðŸ’©ðŸ’©ðŸ’©ðŸ’©ðŸ’©"",negatif"
"Pengguna Google,""Uang pajak di korupsi, aplikasi gak bagus"",netral"
"Pengguna Google,""Kita udah bayar pajak, mau bikin NPWP online aja susah nya minta ampun. Heran sama semua aplikasi pemerintah ga ada yg bener"",negatif"
"Pengguna Google,""gak ada gunanya anggaran negara di website dan aplikasi djp ini. gak membantu, bertele-tele, gak solutif. kemarin menkeu perempuan itu apa guna dia menjabat kalau sistemnya begini? ohiya, millennial ya kau, gak ngerti teknologi tapi asal jadi kuning biru."",negatif"
Pengguna Google,Setiap kan input kode verifikasi selalu gagal. Padahal jaringan oke,negatif
Pengguna Google,Udah di potong pajak mau laporan susah engga laporan di denda.mau laporan aja di buat sulit coba dipermudah biar rakyat mudah laporan,negatif
"Pengguna Google,""Gak aplikasi gak website ,semua produk negara kayaknya gak pernah ada yang niat buat mempermudah masyarakat nya ,.."",netral"
Pengguna Google,Menyebalkan mau login daftar aja susah ribet,negatif
Pengguna Google,Habis diupgrade malah gak bisa untuk lapor...perbaiki lagi aplikasinya min,netral
Pengguna Google,Kemenkeu perlu mengembangkan Aplikasi Akuntansi (Kasir s.d. Neraca) yang terintegrasi dengan Aplikasi Perpajakan Perorangan/Badan supaya Penerimaan Negara dari sektor perpajakan optimal.,netral
Pengguna Google,sekelas aplikasi pemerinta kayak plikasi bot uwang oprasionalnya kayaknya di korubsi jadi aplikasinya ecek ecek begini,netral
"Pengguna Google,""kenapa pemerintah menyewa orang tolol buat disain web pajak, coba dibikin mudah, jangan banyak ceramah walopun lambat tapi pasti lebih baik, ini udah lama menbingungkan juga"",negatif"
Pengguna Google,Aplikasih terjelek di dunia hanya bikin susah orang,negatif
"Pengguna Google,""Pemerintah bikin aplikasi gak pernah bener problem truss ini yang goblokk yang mana, sedangkan rakyat mau nguruss aja di persusah sama sistemnya sering eror, duitnya di korup mulu # negara lucu"",negatif"
"Pengguna Google,""Aplikasi macam apa ini loading banget.. trus gk masuk"""" mohon d perbaiki"",negatif"
"Pengguna Google,""Sekarang mangkin gak jelas ga kaya awall. Gak membantu sama sekali ,kirim verifikasi ajah lama aplikasi bobrok"",negatif"
Pengguna Google,Mau dapt efiin aja susah suruh masukkan NPWP saya masukkan enggak bisa kurang satu padahal sekarang kan npwp nomor nik gimana ini saya pengen aktivasi DJP tolong di benahi tolong yaa tolong di dengar ini masukkan,netral
Pengguna Google,Apk ga guna _- emosi make nya ngulang ngulang trus ðŸ˜•,negatif
Pengguna Google,Disuruh lapor pajak tapi tombol lapor pajak gk ada... bangkelah,netral
"Pengguna Google,""Ngapain bikin aplikasi kalo ujung ujungnya ga fungsi, ga jelas emang."",negatif"
"Pengguna Google,""Mohon maaf, kenapa tidak bisa buat e-billing ya?"",netral"
Pengguna Google,Saat minta kode billong malah gak bisa di ketik kolom setelah nama,netral
"Pengguna Google,""kacau ini masa email saya berubah, jadi email yang tidak saya kenal, wah keamanannya sudah gak bisa di percaya ini perpajakan"",negatif"
Pengguna Google,Server lemot parah untuk sekelas pemerintah tolong diperbaiki heran asli,negatif
Pengguna Google,aplikasi tiba masuk tapi keluar sendiri aneh ðŸ¤­ðŸ˜‚ðŸ˜‚,negatif
"Pengguna Google,""Coretax yg website ribet banget, padahal mau setor uang ke negara, tapi dibikin ribet ðŸ˜”"",negatif"
"Pengguna Google,""Anggaran Besar, pengelolaan Aplikasi saja ecek2"",negatif"
Pengguna Google,Semoga semua pajak masuk kas negara ðŸ˜…,netral
"Pengguna Google,""susah banget, lewat app atau lewat web ga ada yang bener. orang mau bayar pajak aja di persulit, sebenernya keluhan masyarakat di dengerin ga sih?????."",negatif"
"Pengguna Google,""Maunya download ini untuk ganti kata sandi,taunya ribettt amat,gagal terossssss..tolong dong kita juga mau lho lapor SPT,tapi dipersulit seperti ini kan jadinya males ya"",negatif"
Pengguna Google,Semoga mempermudah dalam melaksanakan kewajiban perpajakan,netral
"Pengguna Google,""sangat membantu sekali, jika lupa password bis langsung kunjungi website djp online jaa"",positif"
Pengguna Google,Aplikasi pemerintah emang gada yang bener. Makanya kalo ada anggaran buat teknologi jangan korupsi Mulu. Perut di gedein. Percaya aja sama developer gausah banyak protes boomer,negatif
Pengguna Google,Code verifikasi nya blm masukÂ² Uda 2 hari... Uda ku coba spam juga blm masukÂ²....,negatif
"Pengguna Google,""Aplikasi pemerintah gak pernah ada yang bener, aplikasi cacat !!!"",negatif"
Pengguna Google,mau log in eda verifikasi bia email tapi kode verifikasi tidak di kirim kirim.. tolong perbaiki lagi sistem nya,netral
Pengguna Google,Baru saja download tapi minta pembaruan lagi... Apk apaan ini ðŸ¤¦â€â™€ï¸ðŸ¤¦â€â™€ï¸ðŸ¤¦â€â™€ï¸ðŸ¤¦â€â™€ï¸ kacau,negatif
Pengguna Google,GK jelas .. fitur minta tokennya gak muncul,negatif
Pengguna Google,webnya + aplikasinya ga bisa bantu sama sekali,negatif
Pengguna Google,Aplikasi CACAT BANGET! UNTUK KELASNYA APLIKASI PEMERINTAH PAJAK MASAK CACAT BANGET. BARU DAFTAR AJA GAK BISA. CAPCA SALAH LAH LINK TIDAK DITEMUKAN LAH,negatif
Pengguna Google,ga bisa login kocak aplikasi pemerintah ga ada benernya,negatif
Pengguna Google,Sangat membantu dalam mengalasisi pajak,positif
Pengguna Google,Aplikasi sangat tidak membantu alias pembodohan,negatif
"Pengguna Google,""Proses pengiriman kode otp dan sejenisnya pada email atau nomor sms, tidak ontime."",negatif"
Pengguna Google,aplikasi bodoh baru klik live chat langsung koneksi terputus ribet ga jelas abisin anggaran negara aja mau bayar pajak ribetnya naudzubillah ujung2nya dikorupsi,negatif
Pengguna Google,Ga di web / aplikasi mau lapor pajak aja susah amat! udah login pake akun terdaftar malah invalid eror! kenapa sih kalian pemerintah selalu nyusahin rakyat,negatif
"Pengguna Google,""Up date terus, sampai hp tdk kompatible"",netral"
Pengguna Google,sandi sama pasword kok salah Mulu ya..padahal udah bener..kenapa kayak di persulit gtu bayar pajak ya..aneh,negatif
"Pengguna Google,""Aplikasi jebol, memalukan pemerintah bobrok, kebanyakan korupsi, kebanyakam utang sampe bengkak, harga2 semuanya jadi pada mahal 10 kali naikim harga bbm, rupiah melemah, segala2nya impor, pupuk dll sulit, najis. amit2.. sue."",negatif"
"Pengguna Google,""Mau gnti paswod susah nya minta ampun dah, eror mulu"",negatif"
"Pengguna Google,""Bisa - bisanya pemerintah membuat aplikasi ga guna seperti ini, gimana mau maju negara ini kalo semua di persulit mau dptin efin aja susahnya minta ampun"",negatif"
Pengguna Google,Eror terus gabisa login,negatif
Pengguna Google,Aplikasi yg menarik. Mg kedepan dapat konsisten di update.,netral
"Pengguna Google,""Macam babi emang. Mau buat NPWP online verifikasi nomor sama email sampai refresh 10mnt 3x tp gak masuk"""" kode verifnya.. trus buat apa semua disarankan online tp apa"""" gak memadai begini?"",negatif"
Pengguna Google,Sekalas general pajak ini ja apk gak berpungsi. Parah,negatif
"Pengguna Google,""Kmrn bisa login, skrng gk bisa. Lapor ke kantor kpp pratama, disuruh online, tp app eror. Mau nya gmn?"",negatif"
"Pengguna Google,""Gimna mau reting bagus, minta verifikasi kode aja lama bgt dikasih waktu 10mnt ga dikirim """", gini amat pelayanan publik"",negatif"
Pengguna Google,kenapa ya tidak bisa masuk sperti aplikasi tdk berfungsi saat ini,negatif
Pengguna Google,Ribet daftar online masih perlu ke kantor juga,negatif
Pengguna Google,Gajelas ga bisa klik daftar,negatif
Pengguna Google,pelayanan buruk mau ganti email katanya hubungi 1500200 tapi gak bisa terus mau laporan pajak pun di persulit mau minta efin aja susah,negatif
Pengguna Google,Ko smakin di persulit y stiap mau login slalu gagal klo orng g lapor kena denda orng mau lapor malah di persulit,negatif
"Pengguna Google,""Sangat sangat ðŸ‘Ž, tidak bisa di akses"",negatif"
"Pengguna Google,""Gaji UMR potongan pajak Internasional, sehat???"",negatif"
Pengguna Google,Bagus ðŸ‘ðŸ‘ðŸ‘ðŸ‘tp kadang error mohon tingkat lagi,negatif
"Pengguna Google,""Error terus, sangat menyusahkan"",negatif"
Pengguna Google,stressss lama lama di kasi layanan yg sangat buruk!!! woyy perkara mau login aja kenapa harus erorrr teruss gua bayar pajak bukan buat lu ngasi layanan yg burukkk woyyyyyy,negatif
"Pengguna Google,""dah lah gak bisa berkata kata, intinya apk ampasss"",negatif"
Pengguna Google,Knapa salah terus password nya idpadahaldah bner,netral
Pengguna Google,Sulit login padahal login di website nya bisa.,negatif
"Pengguna Google,""Parah, aplikasi ribet... Masa online hrs lapor dulu ke kantor..."",negatif"
"Pengguna Google,""Lumayan bagus, tapi bagaimana cara kirim kartu npwp ke email ya ?"",netral"
"Pengguna Google,""Apk kaga jelas Masa nunggu kode verifikasi Ampe Berjam"""" baru dikirim Apk bikin susah kaga guna Disuruh lapor ,katanya kalo kaga lapor kena denda Mau lapor malah dibikin susah Najis banget"",negatif"
"Pengguna Google,""Baru buka langsung error, apk payah sangat buruk"",negatif"
Pengguna Google,anggaran buat perbaikan aplikasi busuk ini gak ada kah? ya gini kalau server warnet pedalaman dipake,negatif
Pengguna Google,ok sangat membantu dan mudah penggunaanya dengan adanya app ini,positif
"Pengguna Google,""Tolong di tingkatkan lagi, aplikasi GK bisa di akses"",netral"
"Pengguna Google,""Mau lapor SPT aja susah , gak ada menu SPT nya"",netral"
"Pengguna Google,""Apps tidak guna,lupa efin verifikasi gagal terus.lol"",negatif"
Pengguna Google,aplikasi gak gunaa.. percuma di download kalo lapor pajak aja tetep lewat google ðŸ‘ŽðŸ‘ŽðŸ‘Ž,negatif
Pengguna Google,Ga bisa buat kode billing. Aplikasi ga jelas. Gmna mau byr pajak.,negatif
Pengguna Google,Aplikasi gak jelas gak respon ketika dibuka,negatif
"Pengguna Google,""Kalo ga siap buat digital, ga usah bikin aps."",negatif"
"Pengguna Google,""Yang bayar pajak nya rakyat,,mau itu terpaksa atau sukarela, anehnya yg harus lapor pajak rakyatnya juga Harusnya kan dirjen pajak yg harus lapor ke rakyat,dipake buat apa aja itu uang rakyat dari pajak ?"",netral"
"Pengguna Google,""Ribet, lebih mudah registrasi situs bokep dripada lapor pajak."",negatif"
Pengguna Google,apa guna ni aplikasi.. lapor pajak gak bisa ya begini aplikasi pemerintah... maunya uang2 uang bikin aplikasi gak becus... kerja oi....,negatif
"Pengguna Google,""ga bisa dibuka, padahal udah buat"",negatif"
Pengguna Google,Gak bisa dipakai masih bagus yg sebelumnya,netral
"Pengguna Google,""login aja ribet, aktivasi segala macem udah, mau lapor pajak aja dibikin ribet heran"",negatif"
Pengguna Google,sangat membantu dlm pelaporan pajak,positif
"Pengguna Google,""PATUTLAH HANCUR PENILAIAN APLIKASI INI. MULAI DARI EFIN, DIPERSULIT. LOGIN GAK BISA2, KACAU, BINTANG NOL KLO BISA."",negatif"
Pengguna Google,Aplikasi tolol yg ngelola.. kenapa aplikasi layanan pemerintah ngga ada yg bener.. selain KAI acces,netral
Pengguna Google,Mohon diperbaiki.. Aplikasi sekelas instansi pemerintah masa buat masuk login aja gak bisa2.. Kacau,netral
Pengguna Google,Mau login aja susah..login di web bisa..,negatif
Pengguna Google,Rakyat bayar pajak. Tapi uang nya beli Rubicon dan Harley,netral
Pengguna Google,Sekelas kementrian keuangan bkin aturan malah ngeribetin... lapor spt nunggu kode verifikasi hampir 3hr gk masuk2..,negatif
"Pengguna Google,""Astaghfirullah baru kli ini gue sebel bgt ama aplikasi, sekelas py negara aplikasi sampah bgÃ¬ni daftar ribet gajelas bgt.. kerja apaan sih pada udh dbayar gede2 tp aplikasi aja bikin asalÂ²an bgini"",negatif"
Pengguna Google,Aplikasi lambat dan tidak bisa di buka,negatif
"Pengguna Google,""ngirim kode otp aja lama nya minta ampun, giliran mau lapor aja dipersulit"",negatif"
"Pengguna Google,""Pajak elit server sulit, mau dapet verifikasi login aja nunggu 1 jam. Gimana ya cara lapornya"",negatif"
"Pengguna Google,""Ini web deplop nya magang kah? Ga web nya, ga apk nya ga pemerintah nya gajelas semua. Ga mampu bayar pro kah? Web sekelas pemerintah bobroknya minta ampun. Ada web sama apk biar memudahkan malah kek orang tolol muter muter doang. Disuruh taat pajak tapi sistem pajak nya aja ga bener apa yg di harap dari pengelola kaya gini. Apa susahnya sih bayar pro gausa make anak magang terus biar bener tuh web sama apk. Gajelas gajelas, capeee"",negatif"
Pengguna Google,Apk sampah. Kita yang bayar pajak. Kita juga yang harus lapor. Dipersulit lagi mau lapor juga. Aneh negara ini.,negatif
"Pengguna Google,""sangat tidak membantu, bukn memepermudah malah bikin pusing astaghfirullah banget..."",negatif"
Pengguna Google,Tolong servernya diperbaiki lagi,netral
"Pengguna Google,""Ga bisa login mobile, padahal di web nya bisa."",negatif"
Pengguna Google,Ini aplikasi penipuan. Bukan aplikasi resmi. Jangan di install. Sudah banyak korbannya,negatif
Pengguna Google,ini apk resmi dari djp tapi ga ada menu lapor spt. payah..,netral
Pengguna Google,Kenapa dah. Cuman mau ngecek profil aja tiba2 suka out sendiri,netral
Pengguna Google,Ini aplikasi pemerintah ? Apa aplikasi yg di buat anak SMP error mulu 95% isinya negatif gak di tindak lanjut. Giliran gk bayar pajak di uber uber. Hello bisa respon masyarakat kah ??? Apa sibuk tidur ?,negatif
"Pengguna Google,""mau lu apa verifikasi evin gagal terus,kalo bikin aplikasi cuma buat ikut2an lainnya,tapi fungsinya ga ada,mending ga usah lah,ngabisin angaran aja ðŸ˜…ðŸ¤˜"",negatif"
Pengguna Google,Klo gak bisa dipakai atau belum siap jgn di share dlu ni aplikasi,netral
"Pengguna Google,""sesi berakhir terus, harus login ulang padahal belum 1 menit"",negatif"
Pengguna Google,tolong diupdate jenis setoran pajaknya kode 920 dll msh blm adaðŸ™ðŸ™,negatif
"Pengguna Google,""SAYA BENAR BENAR KECEWA. MENGAPA SELALU SAJA MENGALAMI LOADING DAN TIDAK ADA KABAR BAIKNYA? SUDAH 1 TAHUN SAYA INGIN MENDAFTAR NAMUN TTP SAJA TIDAK ADA KABAR BAIK APAPUN. LOADING, GAGAL VALIDASI, MINIMAL ADAKAN INFO JELAS MENGAPA BISA GAGAL, MENGAPA BISA LOADING DITAHAP 7. DAN SAAT DIREFRES APABILA TIDAK SENGAJA REFRESH, TOLONG LANJUTKAN ISI DATA DATANYA. BUKANNYA MALAH MENGULANG DARI AWAL"",netral"
"Pengguna Google,""DANA UTK PERAWATAN WEB KEMANA???! Pajak di tagih, dari telpon, wa terusÂ²an kyk dep kolektor kebakaran jenggot.. Giliran mau masuk web kok error melulu.. Agak Laen Ku Tengok OrangÂ² Pajak ni!"",negatif"
"Pengguna Google,""Saya baru coba saja aplikasi ini, bagaimana cara untuk minta nomor efin yang dilupa"",netral"
Pengguna Google,Kecewa sih kenapa kalau di buat online tapi harus ke kpp kabupaten juga. Hmm,negatif
"Pengguna Google,""Susah benar ini registrasi EFIN di DJP ,yang mudah cuma cek NPWP"",netral"
Pengguna Google,enggh bisa login dari aplikasi M- Pajak Tetepi bisa login dari browser .... Adeh gawat aplikasi ini,netral
Pengguna Google,Update bukan baik malah jelek bugs dimna2,negatif
"Pengguna Google,""Aplikasi lemot,,jgn didownload menyusahkan"",negatif"
"Pengguna Google,""Gak bisa diakses!!! ,Gak bisa login !!!"",negatif"
Pengguna Google,Baru aja dibuka udah force close.. Sm j2 prime betulin android 6,netral
Pengguna Google,Lupa password ga bisa menyusahkan saja,negatif
"Pengguna Google,""Kesini pengen daftar NPWP online, web ereg.pajak.go.id error. Web pemerintah duitnya banyak org IT kosong semua, kadang lebih percaya nyerahin data Ama google di banding pemerintah sendiri. Karena hampir semua web pemerintah rasanya becanda semua isinya, ngak ada yg bener"",negatif"
Pengguna Google,Semoga kedepan bisa pengisian dan pelaporan spt 1770 dan ppn dalam satu aplikasi ini saja,netral
Pengguna Google,Gak lapor di denda tapi lapor via aplikasi gabisa login via web eror gimana seh,negatif
"Pengguna Google,""Buang2 kuota mendownload,tak berfungsi"",negatif"
Pengguna Google,kenapa susah banget live chat padahal mau ganti nomer hp,netral
Pengguna Google,aku udh bisa dapat no efin mempermudah sekali mendapatkan no efin nya tanpa kita harus ke kantor pajak dulu . dan tinggal laporin dari online,positif
Pengguna Google,efin nya kalau bisa proses online aja biar gak usah ke kantor pajak !,netral
Pengguna Google,Tingkatka aplikasinya dan permudakan pendaptaranyany.,positif
Pengguna Google,TDK bisa meminta epin selalu gagal klw TDK ada guna nya knpa harus ada aplikasi seharus nya klw ada aplikasi mempermudah masyarakat untuk menggunakan nya,netral
"Pengguna Google,""aplikasinya bagus banget untuk ladang korupsi, mantap kali, lanjutkan menyengsarakan masyarakat ðŸ‘ðŸ»"",negatif"
Pengguna Google,Tidak lengkap dan ribet. Gak jelas ni aplikasi,negatif
"Pengguna Google,""Aplikasi ampas, udah masukin semua bener masih aja salah"",negatif"
"Pengguna Google,""Mau bayar pajak tapi ntar jadi Harley Davidson atau Rubicon,jadi pikir pikir,mending bantu ke yang membutuhkan saja"",netral"
Pengguna Google,Jelek banget parahh... Apalagi kaga bisa lapor spt... Huh,negatif
Pengguna Google,Banyak masalah saat pendaftaran,negatif
Pengguna Google,Reset Password link reset ga dikirim kirim ..niat gak sih bikin layanan??,negatif
Pengguna Google,Mantap..semoga konsisten dan lebih baik lagi.,positif
Pengguna Google,Payah disuruh lapor spt tahunan tapi servernya lemot. Haduh,negatif
"Pengguna Google,""Gak bisa dipake, yg versi web juga sama aja"",negatif"
"Pengguna Google,""sangat jelek, ga bisa login"",negatif"
Pengguna Google,Di upgrade malah error... Gimana sih,negatif
Pengguna Google,Fitur lupa EFin gagal verifikasi.. gimana sih aplikasi ini..?,netral
Pengguna Google,Sangat membantu saya dalam laporan tahunan,positif
"Pengguna Google,""Aplikasi tidak bagus, selalu terjadi eror"",negatif"
Pengguna Google,Live chat Tidak ada respon sama sekali,negatif
"Pengguna Google,""Yakali pak, id udah bener, pasword udh bener. Masih aja gk bisa masuk karena salah pasword."",netral"
"Pengguna Google,""Mau buat efin online trus dimintain masukan NPWP 15 angka sedangkan NPWP saya ada 16 angka, kurang satu angka gak bisa dimasukin. Kocak"",netral"
"Pengguna Google,""Aplikasi ampass!!! Live chat lemot, kode verif lemot, Disamperin ke kantor sok pake web tapi isinya nol!!"",negatif"
"Pengguna Google,""Memang dibikin ribet. Agar kita lapor harus ke kantor , setelah itu dari kantor dipersulit. Dan akhirnya lewat orang dalam yg ujungnya pun nggak GERATIS."",negatif"
Pengguna Google,Mempermudah pembayaran pajak,positif
"Pengguna Google,""Lewat apk Dipersulit, padahal mau membantu negara dengan bayar pajak"",negatif"
Pengguna Google,Bodo amat lah online tetep harus ke kantor pajak dapetin efin..,netral
"Pengguna Google,""BingungðŸ˜”, kenapa aplikasinya sulit di download yaa"",negatif"
Pengguna Google,Ketika login d teken masuk malah diam aja ðŸ¤”,netral
"Pengguna Google,""Aplkasi b2 minta otp gak muncul, bantuan nye sengaja di erorin"",negatif"
Pengguna Google,Semua yg dari pemerintahan tidak ada yg berguna bagi rakyat hanya memberatkan dan menyusahkan saja.. aplikasi sampah IT yg tidak becus. Tidak mau menerima masukan rakyat negara hancur dan rusak bila di pimpin orang asal asalan,netral
Pengguna Google,Sangat membantu wajib pajak. KerenðŸ‘ðŸ‘,positif
"Pengguna Google,""Mau lapor pajak aplikasi eror mulu, gak lapor pajak denda, pemerintah bisa nya bikin susah aja"",negatif"
"Pengguna Google,""Di browser bisa login,kenapa di aplikasi tidak bisa ya?"",negatif"
Pengguna Google,sangat membantu dan mudah digunakan ðŸ™,positif
"Pengguna Google,""Tolong diperbarui dong, saya ga bisa login. Thx"",netral"
Pengguna Google,sangat buruk fitur kurang lengkap,negatif
Pengguna Google,Tidak bisa login dengan NIK,netral
"Pengguna Google,""Aplikasi payah, gak guna, gak bisa dipakai"",negatif"
Pengguna Google,kok gak bisa login pake NIKpadahal sudah di validasi?,netral
Pengguna Google,Ribet banget sangat membingungkan aplikasi ini... sorry no recommended...,negatif
Pengguna Google,Tingkatkan lagi perpirma aplikasinya,netral
"Pengguna Google,""Susah ,ruwet,ribet,angel...bikin pusing tambah pusing ðŸ˜‡ðŸ˜‡ðŸ˜‡"",negatif"
"Pengguna Google,""Susah log in , pdhal email sandi udah tercatat & benar .."",negatif"
"Pengguna Google,""Sudah diketik kode OTP, malah tidak bisa verifikasi ðŸ§‘â€ðŸŽ„ðŸ§‘â€ðŸŽ„ selamat natal aplikasi yg penting dianggap kerja oleh pihak kementerian."",netral"
Pengguna Google,Aplikasix sangt jelek tra berfungsi ....,negatif
"Pengguna Google,""Saya coba minta kode effin, tapi nomor NPWP koh cuma 15 digit, padahal nomor NPWP sekarang 16 digit. jadi tetep gak bisa minta kode effin. Tolong dong diperbaiki"",negatif"
"Pengguna Google,""jangan mempersulit untuk apa ada digital online kalau harus ke kantor pajak,tinggal merubah no npwp ke no nik ktp aja susah banget.data sudah lengkap"",negatif"
Pengguna Google,Lama kode verifikasi pas saat login sampai sekarang saya tidak bisa login karena kode verifikasi,negatif
"Pengguna Google,""Aplikasi apaan gajelas gabisa konfirmasi kode EFIN lamaaaaa ga masuk2, sengaja kah? Biar pada kena denda"",negatif"
Pengguna Google,Kalau bisa di tambah fitur download kartu npwp nya,netral
Pengguna Google,Tidak bisa daftar akun,negatif
Pengguna Google,Ini duit anggaran pajak yang begitu banyak dari rakyat ga sanggup buat bayar IT yang ahli dalam bikin web dan aplikasi?,netral
"Pengguna Google,""Verifikasi Efin selalu gagal,bodo amat sma lapor pajak,bad banget"",negatif"
Pengguna Google,Baru juga mau pakai.. Udah error aja aplikasinya payah,negatif
"Pengguna Google,""udah ngemis ke masyarakat, masih aja di ribetin, pajak pajak capek tinggal di Indonesia."",negatif"
Pengguna Google,Tidak bisa buat login,negatif
"Pengguna Google,""Ini pemerintah serius nggak sih bikin aplikasi, kita mau taat bayar pajak aja dipersulit."",negatif"
"Pengguna Google,""ini aplikasi cuman nyampah diplaystore.nggak ada gunanya,nggak ada fungsinya"",negatif"
Pengguna Google,Saya login pakai NIK kenapa hanya ada 15 digit. Sedangkan untuk NIK 16 digit,netral
"Pengguna Google,""lupe EFIN, buka email buat liat OTP pas balik lg ke aplikasi mulai lg dari awal."",netral"
Pengguna Google,bagus aplikasi nya tp Masih ada yg kurang,netral
Pengguna Google,Lupa kata sandi buat login m pajak kok dipersulit ya saya mau lapor keuangan dibikin ribet nanti kalo gk lapor pakai denda segala 100 rb tolong jangan dipersulit,negatif
"Pengguna Google,""Aplikasi bohongan masa baru masuk restart terus, mau masuk aja susah apa lagi isinya"",negatif"
"Pengguna Google,""terlalu sampah mas apknya . Ayolah , kelas negara loh ."",negatif"
"Pengguna Google,""Percuma bikin aplikasi, kalo apa apa harus ke kantor djp"",negatif"
Pengguna Google,Susah amat di hubugi dari pagi sampai 4/5jam masi sibuk terus chat juga sibuk terus,negatif
"Pengguna Google,""Susah login, verifikasi gagal terus hadehhh"",negatif"
"Pengguna Google,""Sekelas aplikas pemerintahan loh , cacat banget baru bukanudah eror , maunya nerima uang doang tapi gada kualitas sama sekali"",negatif"
Pengguna Google,ini untuk pengajuan efin dengan kode nomer 16 agka gabisa sedangkan di aplikasi hanya 15 angka,netral
"Pengguna Google,""Asal kita paham cara pake aplikasinya pasti terasa mudah, sipp"",positif"
"Pengguna Google,""Daftarnya Lama Banget Ya?, Masa Sekelas Pemerintah Daftar Aja Lemot? Cuma Muter"""" Gjls. Padahal Juga Sudah Bener isi Identitas nya"",negatif"
Pengguna Google,Pada WEB. DI LANGKAH KE 2. CAPCHA UDH BENER MASIH AJA KE RELOAD DAN NGULANG BEGITU TERUS. Sedangkan daftar menggunakan PC.,negatif
"Pengguna Google,""Aplikasi cacad, jangan di download"",negatif"
Pengguna Google,Menyesal saya install. Nggak bisa buat lapor SPT. Uninstall endingnya.,negatif
"Pengguna Google,""Lohlohloh, katasandi salah terus padahal udh lupa sandi juga, tolong diperbaiki min"",netral"
"Pengguna Google,""Sebaik-baiknya aplikasi ini, harusnya pemerintah lah yang mendatangi masyarakat untuk melakukan pemungutan pajak pajak adalah """"BBM"""" negara ini, sementara jika seseorang ingin membeli BBM kan harusnya orang itu yang menghampiri POM bukan sebaliknya"",netral"
"Pengguna Google,""parah, verifynya sampe 4x gagal terus dan sampai skrg malas lanjut."",negatif"
"Pengguna Google,""Aplikasi SAMPAH KALAU GAK SIAP DIGITAL LEBIH BAIK KONVENSIONAL,BUKANNYA MEMPERMUDAH MALAH BIKIN SENGSARA. LEMOT,ERROR TERUS,COBA LAGI ERROR LAGI,PADAHAL DATA SUDAH FIX BETUL. F""""C"""""",negatif"
Pengguna Google,Jelek buruk gak jelas dah daftar bener masih aj di gagal suruh ulang,negatif
Pengguna Google,Kartu NPWP di aplikasi M Pajak tidak bisa diakses,negatif
Pengguna Google,Ngk mobile ng webnya ngk offline kantornya sama sama susah,negatif
"Pengguna Google,""Aplikasi pemerintah yang sangat jelek, tidak bisa memasukan NIK 16 angka, pemerintah bodoh"",netral"
Pengguna Google,gimana sih pemerintah itu tidak bisa di andalkan bayar pajak aja ribet,negatif
Pengguna Google,gak guna. mau bayar pajak aja susah bnget. giliran telat cepet banget respon nya. mending gak usah bnyar lah...,negatif
Pengguna Google,Aplikasi gak berguna mending langsung pakai web.aplikasi sampah,negatif
"Pengguna Google,""server murah ya bang pejabat ? akun udah bner pasword udah bener kagak bisa login, anggaran doang gede, kocak."",netral"
Pengguna Google,apl ga jelas verifikasi SMS/email ga bisa di klik tolong yg jelas lah bikin apl kocak,negatif
"Pengguna Google,""banyak eror , daftar NPWP online nomer verifikasi nya tidak terkirim gimana ini pelayanan nya"",negatif"
"Pengguna Google,""Cuma mau minta nomor efin , pas isi data salahan mulu padahal udah sesuai ðŸ˜´"",netral"
Pengguna Google,cuma mau ngasih tau ini aplikasi nya bukan aplikasi resmi hati-hati karna bisa retas hp kalian,netral
Pengguna Google,Aplikasi pemerintah kok banyak error nya..,negatif
Pengguna Google,Sangat susah banget bikin tambah pusing...ðŸ˜‡ðŸ˜‡ðŸ˜‡,negatif
"Pengguna Google,""Telpon sibuk, live chat diarahkan kesini, dari sini g bisa verifikasi"",negatif"
"Pengguna Google,""kaga bisa cek nomor npwp pakai KTP di online, cuman bisa cek nama terdaftar"",negatif"
"Pengguna Google,""Aplikasi pemerintah selalu gak bener, pejabatnya gak bener kerjanya."",netral"
"Pengguna Google,""Download karena lupa efin, tapi akhirnya harus email juga"",netral"
Pengguna Google,Di saat masyarakat membutuhkan ada aja yg manfaatkan. Saran saya jgn download aplikasi ini.. Pulsa sudah kepotong tapi tidak ada kejelasan.,netral
"Pengguna Google,""Orang mau bayar pajak yg notabene penghasilan negara aja dipersulit, KASIH SOLUSI DONG BUAT ORG YG PROVIDERNYA 3, AXIS DAN SMARTFREN !!! JANGAN DISURUH GANTI NOMER LAIN, ITU NOMER UDH BERTAHUN2 DIPAKE MASA SURUH GANTI. LANGSUNG KE KANTOR PELAYANAN NYA PUN GK ADA SOLUSI. GAK USH DI BAYAR SEKALIAN KLO KAYAK GINI PELAYANAN NYA !!!"",negatif"
Pengguna Google,Susah masuk Tambahin scan QR biar enak tinggal foto,negatif
Pengguna Google,Login dengan NIK KTP kolom tidak cukup untuk mengisi nomor NIK KTP,netral
"Pengguna Google,""Ribet, lama, nyusahin, dicoba berkali kali minta kode efin kgak bisa2"",negatif"
Pengguna Google,Di-update malah force closed terus.,negatif
Pengguna Google,Aplikasi berguna sudah sesuai semua tetap gagal,negatif
Pengguna Google,Ga bsa bikin ebil...trus kapan bsa bayar..krna denda mi,negatif
Pengguna Google,Tiap tahun rakyat bayar pajak. Aplikasi masih kek gini????,netral
"Pengguna Google,""Kns veripikasi nyari no efin gagal terus sih ,jelek banget aplikasinya"",negatif"
Pengguna Google,Saya tidak masuk ke aplikasi .. password salah terus.ada solusi,netral
"Pengguna Google,""Aplikasi GK jelas, sudah berulang kali isi data gagal trus"",negatif"
Pengguna Google,Kenapa force close terus waktu ambil foto diri,negatif
Pengguna Google,Ga bisa discrol... Hadeh... Aplikasi gurem. Buat pajak lo ini...,netral
Pengguna Google,Masuk pale nik masa kurang 1 digit.... Gimana mau bener. Pasti salah terus lah,negatif
"Pengguna Google,""SAYA HERAN DENGAN APLIKASI PEMERINTAH INI? SUDAH DINAIKKAN PAJAK, TAPI KUALITAS APLIKASI KAYAK APLIKASI SCAM. KALAU MAU REKRUT ORANG IT, YANG BENAR LAH, BUKAN ASAL BISA JAWAB PSIKOTES DOANG. APLIKASI INI CUMA BUAT FORMALITAS SAJA ATAU MAU MEMPERMUDAH LAYANAN? TOLONG DIRUBAH LAH CARA KERJANYA"",netral"
"Pengguna Google,""Belum juga setahun NPWP udah ga aktif, gmna si"",negatif"
Pengguna Google,Susah masukkan kode captcha Abis pulsa gua karna refresh hp minta kirim kode validasi,negatif
Pengguna Google,Hahaha aplikasi kepala ...... sudah jelas terdaftar giliran login nggak bisa,negatif
"Pengguna Google,""Aplikasi nya kaya di kelola anak smk , cape2 ngisi lupa efin, lgsg error wkwkk gak niat bikin applikasi"",negatif"
Pengguna Google,Lemot banget ngirim kode OTP nya ajg,negatif
"Pengguna Google,""Susah banget daftar npwp doang, axis kgk bisa di buat otp lg, trus mslh otp kgk masukÂ² sumpah suaah bner mo bikin npwp doang"",negatif"
Pengguna Google,Ini kenapa ga bsa login app nya,negatif
"Pengguna Google,""APLIKASI APA SIH SEBENERNYA INI HADEUHHHHHH, sebesar itu nama djp, tapi bikin apk kok begini ðŸ¥²"",netral"
"Pengguna Google,""Jelek aplikasinya error terus, perlu perbaikkan"",negatif"
"Pengguna Google,""Mau login disuruh isi EFIN. Lupa EFIN disuruh ngisi data diri tapi gagal terus, tertulis gagal mendapat no HP padahal gak ada sama sekali isian no HP. Ribet"",negatif"
Pengguna Google,Aplikasi ga bermanfaat sama sekali ga ada otak,negatif
Pengguna Google,Di klik daftar nggk bisa..,negatif
"Pengguna Google,""Saya ini cuma buruh, yang secara tidak langsung di paksa bikin NPWP. Jika prosesnya mudah sih mungkin g masalah."",netral"
"Pengguna Google,""Cepat, telat dan akurat"",netral"
"Pengguna Google,""tolong sistemnya di benahi buat daftar sudah sampai nomer 10 gk bisa di pencet, niat gk sih buat aplikasi?"",netral"
"Pengguna Google,""kalo orang disuruh bayar pajak, coba tolong aplikasi nya mendukung, disuruh lapor pajak tapi aplikasi ga mendukung"",netral"
"Pengguna Google,""Gak bisa lapor, di klik aplikasinya diem aja"",netral"
"Pengguna Google,""apakah nama djp disalah gunakan bt penipuan,krn sy di tlp pakai logo ini,ngaku vertivikasi data umkm, fan di arahkan dwld ini,dan sruh okÂ² di macam2 ,semoga pd hati2,dimintai data internal hp"",netral"
Pengguna Google,Salah satu aplikasi tidak berguna dari pemerintah live chat berakhir dengan sendirinya tlpon ke nomer 1500200 juga sama saja,netral
Pengguna Google,sangat buruk ga berguna mending buang aja dari playstore,negatif
Pengguna Google,Aplikasinya Gak mau terbuka di hp saya kok begitu???,negatif
Pengguna Google,Baru 3 jam di download udh minta update... wkwkwkkk,negatif
Pengguna Google,masih bagus dan mudah digunakan aplikasi DJP yg lama,netral
Pengguna Google,Sial... Menunya sedikit. Tidak sama punya teman,netral
Pengguna Google,Saya gagal mendapatkan kode verifikasi lupa efin karena kode tidak dikirim ke email maupun sms.,netral
"Pengguna Google,""Sy mw laporan tahunan di thn 2021 yg blm tp gk bisa nerima verifikasi buat masuk pdhl msh ada pulsa, apakah ada batas jam nya?"",netral"
Pengguna Google,Aplikasi kurang bermutu. Mau lapor pajak aja susah.,negatif
Pengguna Google,Gw bayar pajak kalo aplikasi nya aj kaya gini GOKIL sih..!!,netral
Pengguna Google,Baik website dan aplikasi semua masih jauh dari harapan,netral
Pengguna Google,Sangat keren mudah buat segala nya,positif
Pengguna Google,sampah banget lambat mau download bukti potongan lama sampah brooo bayar pajak mahal mahal buat apk sama website kek sampah,negatif
"Pengguna Google,""Aplikasi gajelas, sangat tidak membantu pengguna"",negatif"
Pengguna Google,susah masuk dan daftarnya.,negatif
Pengguna Google,gak masuk masuk otp reset paswordnya,negatif
"Pengguna Google,""Gimana klo lupa efin trus nomer nya udah gak aktif lagi, sumpah hiduo dinindonesia sulit banget tiap tahun gak bisa lapor pajak jadinya di kenain denda muku tiap tahunya padahal disini lagi nganggur"",netral"
Pengguna Google,Aplikasi informatif dan mudah dipahami,positif
Pengguna Google,DATA SAYA BOCOR!!!!!!! sekelas direktorat jendral pajak. Data tidak aman. Mengatas namakan DJP. Tolong di perbaiki!!!! Penipuan Meresahkan.,negatif
"Pengguna Google,""Codingan eror parah , udah sesuai nik masih aja di bilang salah ,"",negatif"
Pengguna Google,Tampa ribet dan proses cepat,positif
Pengguna Google,Busek wae seko play store. Apk Ra mutu.. log in wae susah. Muat ulang wae. Meh ganti NPWP di gawe susah!!!!!!,negatif
"Pengguna Google,""Live pajak ga bisa, 1500200 ga bisa. Apa coba yang bisa membantu?"",netral"
"Pengguna Google,""Mau lapor spt aja susah masa tinggal kirim verifikasi code aja gak masuk"""" ada apa dengan dirjen pajak ini?"",negatif"
Pengguna Google,Aplikasi yg bagus sangat membantu.. Semoga sukses selalu bintang 5,positif
"Pengguna Google,""Mantap, berfungsi dengan baik"",positif"
Pengguna Google,Aplikasi pemerintah dengan dana pembuatan yg pakai dana besar tp kualitasnya kok gini amat ðŸ˜®â€ðŸ’¨,negatif
Pengguna Google,Anehhh mau lapor pajak lewat website pun di persulit dan selalu terjadi kesalawan teruss klo memang GK niat bikin website sama aplikasinya mending GK usah di buat ribett bgtt mau lapor aja sulitt pantes aja PD males mau lapor pajak org ribett nya minta ampun,negatif
"Pengguna Google,""yaa biasalah si paling nyari selisih, ngebuat aplikasi... ya isinya orang muak semua"",negatif"
Pengguna Google,Aplikasi tolol kalau gak bisa di pakek ngapain buat,negatif
Pengguna Google,aplikasi ini membantu jadi kita tidak perlu ngantri berjam jam dikantor pajak,positif
Pengguna Google,Ribet ah mau daftar saja mesti ini itu tidak dibuat simpel,negatif
Pengguna Google,Aplikasi bosok jlek gak guna mau masuk salah pasword & salh NPWP bodoh bngt yg bikin ini web hrus di abtude yg lbh bgus,negatif
"Pengguna Google,""Aplikasi gak guna, gakbisa login"",negatif"
Pengguna Google,Kenapa saya gagal saat kirim kode padahal saya benar memasukkan kodenya,negatif
"Pengguna Google,""Web lo benerin dlu lah, Surub bayar pajak tapi ngurusin web aja gk bener..."",negatif"
"Pengguna Google,""Katanya ngisi no NPWP atau Nik, ketika isi NIK tidak bisa karena hanya bisa 15 digit"",netral"
"Pengguna Google,""Aplikasi gak brguna, mau login aja susah."",negatif"
"Pengguna Google,""Apa apa di persulit datang ke kantornya langsung tidak di layani, daftar lewan online gajelas, emang kalo urusan sama pemerintah apa apanya susah bikin muakkk"",negatif"
Pengguna Google,Cara validasi nya kayak taik lama banget dan ngk bisa bisa tolol,negatif
Pengguna Google,Gila wajib lapor pajak dan bayar pajak aplikasi sekelas pemerintah kok jelek forclose2 gak bisa dibuka buang2 duit bikin aplikasi abal2,negatif
Pengguna Google,aplikasi gak jelas. gak usah di download. gak berguna ðŸ‘Ž,negatif
"Pengguna Google,""Baru download aplikasi eror mulu gimana mau lapor spt,,tolong di perbaiki."",negatif"
Pengguna Google,Saya mencoba mendaftar NPWP tapi request otp tidak ada dikirim,negatif
Pengguna Google,Ga bisa dipakek buat kirim kode verifikasi ga bisa apa apa,negatif
"Pengguna Google,""dihubungi, dibalas akan direspon pada jam kerja.. sudah dihubungi jam kerja.. jawaban juga sama.. saya udah bingung malah jadi gila"",negatif"
Pengguna Google,Aplikasi pemerintah.. menyulitkan masyarakat...wa nyuruh laporan online.. giliran akses aplikasi susahnya minta ampun...hadehhhh,negatif
Pengguna Google,Seharusnya loginnya udh bisa pakek NIK..kok belum bisaaa..pieee tooo,negatif
Pengguna Google,Harus ke kantornya dulu terus gunanya online apa hadeh,negatif
Pengguna Google,Beres daftar mau log in kembali malah akun ke blokir aneh,negatif
"Pengguna Google,""Slow respon, ga guna selalu gagal kalau mau login, gw bayar lu pakai uang bukan pake daun sat"",negatif"
Pengguna Google,Yuk REPORT Apk nya ke playstore sebagai Apk mencurigakan biar di hapus Aplikasi SAMPAH,negatif
Pengguna Google,Tidak bisa untuk lapor SPT...sy gak tahu nih aplikasi gunanya buat apa??,negatif
Pengguna Google,Aplikasi cacat blm mendukung disuruh lapor pajak tapi mempersulit dan ribet buat kami yg jauh dari kota,negatif
"Pengguna Google,""Aplikasi dancok, aplikasi ae sibuk , Aplikasi pemerintah kok koyo siput"",negatif"
Pengguna Google,Mau login aja susah Jelas jelas udh di aktivasi di email,negatif
"Pengguna Google,""KORUPSI LAGI SI PAJAK INI TOLOLLLL, APLIKASI GAK GUNA, WEB JUGA GAK GUNA, SETIAP MAU TULIS EMAIL PAKE """"@"""" LANGSUNG KE RESET TULISANNYA TOLOLLLL WONG PAJAK WONG KORUPSI TOLOLLLL"",negatif"
"Pengguna Google,""Cara lihat Spt th 2021+2022 untuk diprint gimana caranya di amplikasi apa ,apa bisa minta kantor pajak untuk ngirim ke email saya"",netral"
Pengguna Google,Sering restart gak bis masuk ke akun yang sudah ada,negatif
"Pengguna Google,""koq smakin jelek saja rating aplikasi Perpajakan ini, ada apa yaaa... knapa kntr pajak tdk review aplikasi DJP ini."",negatif"
Pengguna Google,Aplikasi ga jelas verfikasi Gagal mulu sdh sesuai data untuk me ajukan Lupa EFINðŸ˜´,negatif
Pengguna Google,Baru pertama kali nemu apk yang daftarnya harus datang ke kantornya ðŸ¤£ðŸ¤£ðŸ¤£ðŸ¤£,netral
"Pengguna Google,""Gada gunanya, link mereka gabisa diakses wkwkwk"",negatif"
"Pengguna Google,""Lupa Kata Sandi, Email Aja Gak dikirim.. parah.. ahahahah... Gaji Gede.. buat APK Gak Becuss"",negatif"
"Pengguna Google,""Gak bisa ngisi no NPWP pas login, digit kurang 1"",negatif"
"Pengguna Google,""daftar untuk log susah banget, apa harus ke kantor cabang terdekat"",negatif"
"Pengguna Google,""Hati hati dgn aplikasi atas mana pajak, takutnya penipuan"",negatif"
Pengguna Google,Alhamdulillah j berguna banget tapi booong apk apaan ini gua yakin pembuatnya pasti pinter ehh tapi boong,negatif
"Pengguna Google,""Mau ganti npwp16aja susah setengah mati, webnya diisi salah mulu pdhl dah bener"",negatif"
"Pengguna Google,""Ribet, mau bayar pajak aja ribet, apalagi minta duit. pengajuan efin gagal."",negatif"
Pengguna Google,Apk tidak berguna Tidak bisa di akses,negatif
Pengguna Google,Aplikasi bajing#an!! Tidak berfungsi apa apa!!!!,negatif
"Pengguna Google,""Gua udah punya NPWP dari gojek, mau punya NPWP online udah gua download ini apk mau coba daptar eh malah diminta isi efin!!! Apa sih efin itu??? Dari mana gua dapatnya??? Dan bagaimana cara dapat nya????"",netral"
Pengguna Google,Bikin ribet.. Mau login aja susah banget,negatif
Pengguna Google,Susah buat daftar gagal trs,negatif
Pengguna Google,Akan lebih bagus lagi apabila bisa untuk lapor SPT tahunan,netral
Pengguna Google,serius negara pakai aplikasi yg eror kya gini? tetap saja harus datang ke kantor pajak. apa gunanya,negatif
Pengguna Google,Sangat membantu wajib pajak,positif
"Pengguna Google,""ðŸ˜…ðŸ˜… ini suruh masukin nik, sejak kapan nik cuman 15 digit, gimana mau login kalau nik yg bisa di masukan cuman 15"",netral"
Pengguna Google,Buat apa ada aplikasi kalau ruwet dan ga bisa lapor,negatif
"Pengguna Google,""Susah amat bayar pajak ajgggg, mau bayar padahal kan kentoddd"",negatif"
Pengguna Google,kode verifikasi dari email sudah bener tetap gak bisa.,negatif
"Pengguna Google,""Ga punya akun efin pas lupa efin, malah gagal verifikasi"",negatif"
Pengguna Google,orang pajak digaji buat apa? segalanya mesti wajib pajak yg ngerjain. bikin repot saja.,negatif
Pengguna Google,Mau taat tapi ribet. Bank aja urusan duit gede gak pake efin. Sudah Bayar pajak harus lapor harus ngurus efin. Ribet amat anjir,negatif
Pengguna Google,mau masuk aplikasi susah banget padahal sudah punya akun,negatif
Pengguna Google,Ini aplikasi sudah brp kali saya coba verifikasi/emai tidak tidak bisa aplikasi payah,negatif
Pengguna Google,keseringan error..,negatif
Pengguna Google,aplikasi dan website busuk. apa apa harus ke kantor pajak. ga guna install aplikasi ini,negatif
Pengguna Google,Lapor spt di mna letaknya.aplikasinya malah membingungkan,negatif
"Pengguna Google,""Kok gak bisa minta kode billing ny ,selalu eror"",negatif"
Pengguna Google,sungguh sangat membagongkan nik npwp sama password udah benar tapi salah terus di riset password di masukan lagih salah terus kalau engga di suruh di tempat kerja males pemerintahhan sekarang sungguh membebani rakyat,negatif
Pengguna Google,apa susah gini mau buka juga mau ganti sandi di ribet ribet gilirian ada uang nomer 1 hadeh,negatif
Pengguna Google,tidak bermutu...,negatif
Pengguna Google,Tidak bisa minta kode effin padahal data udh sesuai,negatif
Pengguna Google,menguras pulsa pendaftaran gagal terus muter muter,negatif
"Pengguna Google,""aplikasi rusak,banyak kali ke kendalanya."",negatif"
Pengguna Google,Mempermudah pembayaran pajak,positif
"Pengguna Google,""Aplikasi nggak jelas blass, cuma berisi berita2 yang nggak bermanfaat..."",negatif"
Pengguna Google,Ribet x Mau lapor pajak Ja.... Padahal pegawai pajak nya kaya2 .... Tolong di permudah lah org utk lapor pajak.,netral
"Pengguna Google,""Aplikasi karya anak bangsa, server kentang proyÃ©k selangitðŸ¤£"",netral"
Pengguna Google,Sistem selalu error tiap pengajuan lupa EFIN,negatif
Pengguna Google,Aplikasi ini sangat buruk Minta kode efin verifikasi gagal terus Mana tlf di no pengaduan sibuk trus Pejabat nya banyak yg berkasus,negatif
"Pengguna Google,""Dibuka susah, gimana nau bantu kita bayar pajak ini apk ðŸ˜¤"",negatif"
Pengguna Google,gk jelas server busk,negatif
Pengguna Google,Parahhh gabisa login d web bisa ðŸ˜­,negatif
Pengguna Google,Otp lama giliran udah ada ttp salah ko ada ya org bikin aplikasi ga guna ke gni,negatif
Pengguna Google,Pajak udah bayar.. Suruh lapor.. Lapor nya ribed bgt... Prosesing terus.. Server sibuk apa gimana sih,negatif
"Pengguna Google,""aplikasi ga guna bikin ribet lah hapus jgn download ni apk,"",negatif"
"Pengguna Google,""Terimakasih DJP, Aplikasi ini sangat membantu Wajib Pajak"",positif"
Pengguna Google,Aplikasi ga jelas. Sekalian orang mau lapor pajak masuk nya susah... Gaguna,negatif
Pengguna Google,Aplikasi nya bobrokk g niat amat buat apk..,negatif
"Pengguna Google,""kaga jelas aplikasi kaga jelas , ribet bngt bikin npwp doangan ."",negatif"
Pengguna Google,Pelayanan CS via WA udah gak ada respon.,negatif
Pengguna Google,Knp harus ttp k kntor klo ada aplikasi online.. tidak efisen,negatif
Pengguna Google,Pantesan gagal terus ternyata emang dari awal udah tidak bersedia untuk melayani,negatif
Pengguna Google,gimana sih developer kok bisa bisa nya freetext untuk kecamatan kelurahan dan kab kota sehingga menyebabkan verifikasi gagal wkwkw,negatif
Pengguna Google,Sudah hampir 3 Minggu kartu NPWP belum sampai rumah. Katanya mo dikirim,netral
"Pengguna Google,""Sengaja bikin ulasan buat maki2 aja ,daftar cuma muter2 aja trus g ada kejelasan aplikasi g guna ..pegawai pemerintah tolol makan gaji buta kerja g becus"",negatif"
Pengguna Google,Susah ya punya NPWP. Apa karena pekerja lepas dan tidak kena pajak jadi ditolak terus hehe,negatif
Pengguna Google,Membantu dlm pelaporan pajak online,positif
"Pengguna Google,""Apk asal ada... Nggk guna, login nggk bisa."",negatif"
Pengguna Google,Aplikasi ga berpungsi sama sekali ga berguna,negatif
Pengguna Google,Error 404 terus saat isi pencatatan umkm,negatif
Pengguna Google,Aplikasinya belom kompatibel buat tablet kah ðŸ˜ ,netral
Pengguna Google,aplikasi buruk gagal login trus padahal kata sandi sama kode verifikasi email udh sama,negatif
"Pengguna Google,""dari segi pelayanan buruk, untuk pembuatannya sangat tidak mudah."",negatif"
"Pengguna Google,""Aplikasi gajelas,, jangan download percuma"",negatif"
Pengguna Google,Knp gk bisa sih IT pemerintahan kok gini hasil software nya,netral
Pengguna Google,terlalu rakus kirim sms aja diambil biaya terlalu mahal,netral
Pengguna Google,aplikasi terkontoI,negatif
Pengguna Google,Alangkah baiknya lapor SPT bisa diaplikasi ini juga,netral
"Pengguna Google,""Elek tenan. cuma menghabiskan pulsa,gak masuk-masuk"",negatif"
"Pengguna Google,""aplikasi bermasalah, lebih baik hapus saja aplikasinya"",negatif"
Pengguna Google,Gk berharap byk soal nya lupa efin ngajuin berkali-kali gk masuk Efin nya ke email,netral
Pengguna Google,Sangat membantu sayang loadingnya lama,negatif
Pengguna Google,ngk jls blok lokasi udh bener masih aja ngk bisa benerin no,negatif
Pengguna Google,sangat mendukung,positif
"Pengguna Google,""Anggaran doang digedein, aplikasi sama web samaÂ² butut dan suka eror! ðŸ‘ŽðŸ» Semoga para koruptor anggaran miskin harta sampe keturunanÂ²nya, dan mati mengenaskan! Aamiin ðŸ¤²ðŸ»"",negatif"
"Pengguna Google,""Apk dari pemerintah kembali ya ke pemerintah dibikin biar mudah warganya lapor malah nyusahin amat masuk apk, gokil luh"",negatif"
"Pengguna Google,""Ribet,ujung2nya harus ke kantor pajak jg.....unistal"",negatif"
Pengguna Google,sampah bukannya efektif malah tambah lama,negatif
Pengguna Google,kenapa orang pajak atau yang kerja di pajak makan gaji buta mau bikin NPWP aja Susah karena aplikasi nya sangat busuk,negatif
Pengguna Google,kirim otp berkali kali ga pernah ada yg masuk,negatif
Pengguna Google,tolong lah buat login aja susah bet anying,negatif
Pengguna Google,Aplikasi tidak jelas sandi nya benar tapi tidak bisa masuk aplikasi tidak berguna,negatif
Pengguna Google,Aplikasi mudah untuk di aplikasikan.,positif
Pengguna Google,gak bisa daftar pajak online dan dapat nomor NPWP secara online,negatif
Pengguna Google,Biaya untuk sistem nya dikorupsi. Aplikasi babi,netral
"Pengguna Google,""kalo belum siap aplikasiinya jangan apa"""" online sekarangg yahhh mau laporan pajak aja susah banget secara onlinee klo belum ready ngapain wajib lapor lewat aplikasi"",negatif"
Pengguna Google,Sekelas pajak lohh... Masa apk nya gak jelas ginii busett...gk normal,negatif
Pengguna Google,Lah cara lapor spt nya gmna kog gk ada menu nya ..,netral
Pengguna Google,Sdh Di download malah ga bisa masuk,negatif
Pengguna Google,Sekelas lembaga riba eh pajak masa ga bs buat aplikasi bagus.. heran.. anggarannya lari kemana..??,netral
Pengguna Google,fitur lupa password mana. mau login lupa password,netral
"Pengguna Google,""katanya wajib lapor pajak, kalo GX lapor kena denda 100 RB pas mau lapor d persulit oleh pin dan kata sandi yg beganda konspirasi macam apa ini"",negatif"
Pengguna Google,hah sampah ga aplikasinya ga websitenya rusak semua.,negatif
Pengguna Google,sekarang kok bikin NPWP susah bnr. orang belum pernah bikin keterangan NIK di duplikasi. giliran nik udah oke yg masalah KK tidak valid. karepe piye mboh..,negatif
Pengguna Google,VERIVIKASI KODE NYA LAMA & SETELAH MUNCUL KETERANGAN SALAH,negatif
Pengguna Google,tak bisa diakses utuk daftar baru buang buang waktu sj,negatif
Pengguna Google,Cepat dan tepat penggunaan applikasi djp online,positif
Pengguna Google,Bug di pelihara aplikasi tolol otp udah benar masi salah trs,negatif
"Pengguna Google,""tidak berguna aplikasi nya untuk npwp yg baru, yg pake no nik ktp, aplikasi sampahðŸ‘Ž"",negatif"
Pengguna Google,Haduh cuma buat nyari duit keknya,netral
Pengguna Google,Mantap sekali dan sangat membantu,positif
"Pengguna Google,""Pas Nunggu Kode OTP nya emng GK lama,TPI GK tauu knp pas mau klik daptarr salahh Mulu,Mau daptar juga Mlah nglag. mohon lebih diperbaiki lgi"",negatif"
Pengguna Google,kode otp pas minta efin ngga masuk dah berkali kali di coba,negatif
Pengguna Google,Sumpah kesel bgt mau masuk pasword y salah Trus padahal udh bener,negatif
"Pengguna Google,""APLIKASI BOBROK , LEMOT , BIROKRASI RIBET , SERBA SULIT"",negatif"
"Pengguna Google,""Ga seperti tahun kemarin,skrng kalo lupa sandi lupa email akun djp online susah mau lapor spt,gmna ceritanya ini,makin kesini makin jelek mau d web mai d aplikasi"",negatif"
Pengguna Google,Untuk login belum bisa pake NIK ya pak Admin,netral
Pengguna Google,mau laporan SPT tahunan ga da menu laporannya...,netral
"Pengguna Google,""Minta efin muter muter doang, yang bener apa bikin aplikasi, masa kalah sama aplikasi bikinan swasta"",negatif"
Pengguna Google,kenapa ngak bisa di isi kolom jenis pajaknya..??,netral
Pengguna Google,Foto waktu verifikasi karena lupa EFIN kok gelap terus. Sudah dicoba berulang kali. Piye iki bro,netral
"Pengguna Google,""Aplikasi tolol, niat hati mau laporan pajak mau minta EFIN aja dipersulit!"",negatif"
Pengguna Google,Jendela profil tidak bisa dibuka! ðŸ¤”,negatif
"Pengguna Google,""aplikasi busuk banget, lemott kayak yang bikin"",negatif"
Pengguna Google,Niat hati mau bantu bayar pajak malah aps kek lite. Lain kali duit pajak jgn d korupsi biar benarin ni apps,negatif
"Pengguna Google,""Buat Aplikasi-nya Sogokan Dosen Ya, Kok Saat Input Data-nya gak jelas"",negatif"
Pengguna Google,Aplikasi gak guna tu yang kerja IQ nya nol.aplikasi gak mutu sering eror mulu,negatif
"Pengguna Google,""sudahnya daftar NPWP, di mudahkan website buat daftarnya kenapa BUAJANG INAM"",netral"
Pengguna Google,masuk ke menu pas klik profil malah force close Mulu....huft,negatif
Pengguna Google,aplikasi bobrok.suka ada update kaga sih? apa anggaran doang,negatif
"Pengguna Google,""Aplikasi gk guna buat apa buat aplikasi, kalo lapornya lewat web,"",negatif"
"Pengguna Google,""deplover ga jelas, ada gak ada aplikasi sama aja ribet, besok besok jadi deplover pripayer aja"",negatif"
"Pengguna Google,""daftar online, masa hapus npwp harus datang ke tempatnya mana jauh , tolong adakan hapus npwp via online juga"",netral"
Pengguna Google,Aplikasi sampah ga guna buang buang waktu saja,negatif
Pengguna Google,kata nya harus bayar pajak tapi untuk bikin npwp d aplikasi d persulit sistem apakah ini,negatif
Pengguna Google,Lah baru aja selesai bikin. Masa mau login susah amat data tidak ditemukan. Aplikasi dajjal. Ngabisin duit rakyat loh,negatif
"Pengguna Google,""ngaduin keluhan email ga ada solusi,tau2 pas lg sesi chat ngilang tu aja smua chat"",negatif"
"Pengguna Google,""aplikasi gak guna, tidak membantu sama sekali"",negatif"
Pengguna Google,Mintak kirim nomor efin ke email gak masuk masuk,netral
"Pengguna Google,""Kode verif dikirimnya via kantor pos apa gmana? udh sebulan nih ngak masuk-masuk email, kurirnya nyasar? kirim kode verif lewat nomor hp atau email ngk ada yang nyampe"",negatif"
Pengguna Google,Kenapa pw sama no npwp sudah bener tapi tetep tidak bisa login sok omeken rek make hese,negatif
Pengguna Google,vertif no sudah nga masuk masuk T,negatif
Pengguna Google,sangat sangat membantu masyarakat untuk lebih baik,positif
Pengguna Google,Dari aplikasi ini kita tahu bahwa membayar pajak itu tidak semudah mengkorupsi uang rakyat,netral
Pengguna Google,Apk tolol mau daftar aja susah dasar to*olllll,negatif
Pengguna Google,aplikasi ga guna! jelek bgt kualitasnya,negatif
"Pengguna Google,""Apk susah buka Nya , auto uninstall"",negatif"
Pengguna Google,keluar mulu masuk login gagal terus,negatif
"Pengguna Google,""Di Gambar NPWP,nama saya tertutup barcod,kenapa bisa begitu ya......"",negatif"
Pengguna Google,npwp 16digit tapi di kolom djb cuma bisa 15digit dan pas di cek gagal karna npwp tidak sesuai.ini gimana app nya?,netral
Pengguna Google,Validasi sangat super susah ribet menyusahkan apk taekkk,negatif
"Pengguna Google,""mau log in aja susah,nunggu kode verifikasi nggak dikirim2,ayolah ini apk formal negara masa kaya apk abal2"",negatif"
Pengguna Google,Error melulu.. Gak membatu sama sekali,negatif
Pengguna Google,Busuk percuma buat aplikasi tidak bisa menyelesaikan masalah,negatif
Pengguna Google,yakin ini UI nya elek banget. ini benerap PNS di dinas perpajakan kinerjanya seperti ini?,negatif
Pengguna Google,Ribet tgl kirim otp aja paje syarat ga bs krtu axis xl tri aneh,negatif
"Pengguna Google,""Gak guna, gak bisa dipake sama sekali"",negatif"
"Pengguna Google,""Pengalaman CS nya jelek banget sihh. Komplain tanya mengenai Efin belum selesai malah langsung di putus, leave chat admin nya."",negatif"
Pengguna Google,update terbaru nya gak bisa di hp saya ðŸ˜‚,netral
"Pengguna Google,""aplikasi sudah bagus, tapi minta efin yang susah"",netral"
"Pengguna Google,""aplikasi ngaco, mohon diperbaiki jangan hanya minta uangnya saja"",negatif"
"Pengguna Google,""Minta kode Verifikasi buat loginnya minta ampun, loginya pagi kode verifikasinya masuk email malah magrib ðŸ˜µ."",negatif"
Pengguna Google,Aplikasinya lelet tidak bisa digunakan,negatif
"Pengguna Google,""ganiat bikin aplikasi, selalu error"",negatif"
"Pengguna Google,""Semoga kedepannya aplikasi ini lebih ditingkatkan lagi,sekelas aplikasi negara tapi masih begitu buruk ."",negatif"
Pengguna Google,Kita yang bekerja..kita juga yang suruh lapor pajak..ribet amat,negatif
"Pengguna Google,""BENERIN DULU APLIKASINYA LAH, RAKYAT UDAH SURUH BAYAR PAJAK, APLIKASI BUSUK MACAM TAIK JUGA GA DIBENERIN. TIAP MAU BUKA CAMERA ADA AJA ERRORNYA. JANGAN CUMAN SENENG NARIKIN PAJAK RAKYAT AJA KLEAN!!!"",negatif"
Pengguna Google,sampah nggak bisa digunakan daftar,negatif
Pengguna Google,Aplikasi negara emang bobrok udh gak heran lagi,negatif
"Pengguna Google,""Aplikasi parah ni,.coba verifikasi EFIN aja gak bisa Nyesel saya download nya anying"",negatif"
Pengguna Google,Apkasi bodong kebanyakan dikorupsi nih aplkasi nya,negatif
Pengguna Google,Sangattttt mengecewakan Dan gak guna juga sih aplikasi ny,negatif
Pengguna Google,Ini aplikasi rusak ya?? Langsung uninstall..,negatif
"Pengguna Google,""Gak jelas, sudah diisi gakbisa pencet apapun"",negatif"
"Pengguna Google,""kita yg byar pajak pakai uang kita sndri mau lapor pajak aj susah e minta ampun,lucu konoha"",negatif"
"Pengguna Google,""G jelass,APP AP INIII,APP BUAT RAKYAT SUSAH.TAMBAH SUSAH.,,,via link/browser masuk,email n passwordnya,VIA APP NEHHH MANA KESALAHAN TERUS.,,,APP G JELAS.APP G GUNA. #MAAF UNINSTALL.G GUNA RIBET N BUAT BIKIN PENUH MEMORY HAPE"",negatif"
Pengguna Google,SEKOLAH DULU YANG PINTER. BIAR BISA BIKIN APLIKASI BAGUS. TOLOL,negatif
Pengguna Google,Klik lupa pasword ga bisa. Gmana nih yg buat aplikasinya?,netral
Pengguna Google,Persulit aja semua ancur ancur dah makin males gua ngurusinnya,negatif
"Pengguna Google,""mau coba lapor online, efin uda dapet tapi pas mau log in user dan pw salah,, padahal dr email.. apa ini hari minggu?"",negatif"
"Pengguna Google,""aplikasi apaan ini verifikasi foto aja susah bgt astagfirullah, benerin woy !"",negatif"
Pengguna Google,Verifikasi kode gabisa terus. Gini amat aplikasi milik pemerintah.,netral
"Pengguna Google,""udah mau login, kasih nik, kasih nope gbs aja terus, aplikasi payah"",negatif"
"Pengguna Google,""Nomer NPWP nya masig 15 digit, padahal di npwp skarang udah 16 digit. Jadi ga bisa bikin efin"",netral"
"Pengguna Google,""sangat parah,aplikasi tak bermutu,pelayanan tidak memuaskan,mempersulit masyarakat"",negatif"
Pengguna Google,susah masuk ke apk nya padaal udah beneer,negatif
Pengguna Google,Dari awal sy gunakan aplikasi ini ga bisa untuk lakukan lap or spt,negatif
"Pengguna Google,""Daftar efin harus ke kantor, buat apa sistem online!"",netral"
"Pengguna Google,""Kode Verifikasi gagal terkirim, mohon petunjuk dan arahannya.."",negatif"
Pengguna Google,nyusahi aje loe thong..,negatif
Pengguna Google,Aplikasi tiada guna selain habisin duit pajak.,negatif
Pengguna Google,jelek semuanya,negatif
Pengguna Google,aplikasi jelek bikin susah pajak sudah di bayar susah login bikin susah rakyat saja,negatif
"Pengguna Google,""Wahai tong bajil, nikmat apa lagi yang kau dustakan. Kenapa setiap aplikasi yang berhubungan dengan pemerintah selalu tidak berguna?"",negatif"
Pengguna Google,Aplikasi ga jelas minta efin ajh susah bnget .. pdhal data bner foto selfi jga bner smbil bawa ktp npwp .. perbaiki lah,negatif
"Pengguna Google,""Anggaran gede aplikasi busuk, Kata2 mutiara """"sinyal harus Kuat ya"""","",negatif"
Pengguna Google,Bagus Mantap,positif
"Pengguna Google,""Tolong apknya di benahi dong, masa eror terus"",negatif"
Pengguna Google,Jelek susah login.lemot..balas ke email lama,negatif
Pengguna Google,gimana sih gak jelas niat buat bayar apk di peribet orang mau cari kerja buat aktifin cortex login aja susah gimana ini wehhh,negatif
"Pengguna Google,""Lupa efiin,dmnt memasukan data dngan lengkap,stlah ngisi dengan lengkap sesuai KTP Tp verifikasi data gagal melulu"",negatif"
Pengguna Google,Otp ga masuk-masuk ke email,negatif
"Pengguna Google,""kalau kasih kode Verifikasi jangan lama-lama, jadinya kedaluwarsa. Jangan makan gaji buta APBN aja"",negatif"
Pengguna Google,apk penuh bug apapun dari pemerintahan pasti apk jelek,negatif
Pengguna Google,kalo bikin aplikasi gak usah bikin orang mau Ampe gila gara gara ngelag nya.,negatif
Pengguna Google,Data gagal tersimpan eror padahal sudah tinggal terakhir aktivasi,negatif
Pengguna Google,aplikasi kaya ðŸµ mau dapet kode verifikasi buat login DJP malah error' sial banget dah sistem perpajakan di wakanda,negatif
Pengguna Google,kepstuhan regulasi,netral
"Pengguna Google,""Terima kasih, akhirnya pengajuan lupa EFIN saya terselesaikan tidak sampai 5 menit"",positif"
"Pengguna Google,""aplikasi gak jls,bru saja mau daftar,nunggu vrifikasi,tiba2 gmail diblokir.aneh"",negatif"
Pengguna Google,Ndak masok blass,negatif
"Pengguna Google,""aplikasi ga jelas, udah kirim kode otp lewat SMS atau email gamasuk2!!! gajelas!"",negatif"
"Pengguna Google,""Untuk M-Pajak belum support npwp 16 digit ya? Saya mau buat efin harus isi npwp 15 digitðŸ˜”,kalo sudah beres saya kasih bintang 5 dah. Tolong dibenerin ya mas mbak"",negatif"
Pengguna Google,Ajukan lupa efien selalu gagal,negatif
Pengguna Google,Kayak aplikasi buatan Hacker yang di desain buat ngambil data diri kalian. Ndak berguna.,negatif
Pengguna Google,kyak gk berguna aplikasi ya benar3 aneh,negatif
Pengguna Google,Web dan aplikasi sampah... gak ku bayar pajak mampus kau.. capek ribet. Lagin dalah trus,negatif
"Pengguna Google,""Ini verifikasi ga kena"""" udah 1 bupan full, niat di benerin ga? jelek banget layanan nya"",negatif"
Pengguna Google,Buat daftar NPWP aja susah minta ampun,negatif
"Pengguna Google,""Aplikasi berat, entah android / web"",negatif"
Pengguna Google,Login bermasalah terus,negatif
Pengguna Google,Aplikasi sampah buang anggaran doang.. workflow nya gajelas banget,negatif
"Pengguna Google,""anggaran besar buat bikin tapi hasilnya kek, mau buat NPWP aja susah bgt gelapp"",negatif"
Pengguna Google,Susah kali sih buat NPWP gua habis 15k pulsa kebuat akun aja belum,negatif
"Pengguna Google,""bintang full karena petugas djp semua sangat ramah & sedikit pun tidak di pungut biaya, terimakasih petugas djp ðŸ™ðŸ™ðŸ™"",positif"
"Pengguna Google,""tidak bisa login, tidak ada kode yang dikirim ke gmail"",negatif"
Pengguna Google,Masuknya aja ribet gmn mau bayar pajak,negatif
"Pengguna Google,""lawak banget, bolak balik verifikasi alamat gagal mulu..heran"",negatif"
Pengguna Google,ga bisa login apk sampah cuma mau pajak nya doang ngurusin apk aja ga becus,negatif
"Pengguna Google,""website susah diakses , aplikasi bapuk ,, gak guna kalian ..."",negatif"
"Pengguna Google,""Uangnya banyak, tapi aplikasinya jelek"",negatif"
Pengguna Google,aplikasi busuk.. aplikasi paling buruk.. yg orangnya kayaÂ².. tidak berguna sama sekali.,negatif
"Pengguna Google,""Masyarakat dituntut laporan pajak. Datang ke kantor pajak sulit, dikasih APLIKASI ONLINE amatir... ga bs diakses. GA JELAS"",negatif"
"Pengguna Google,""memang cocok kalian diberi bintang nol, bahkan bintang 1 pun kebagusan. kinerja tidak lebih baik dari anak ingusan. malu. bikin dan urus segala keperluan aja sulit."",negatif"
"Pengguna Google,""Aplikasi sampah,masak kalah jauh sama aplikasi luar negro,ayo saingi shopee dan lazada bosss ðŸ¦¦"",negatif"
Pengguna Google,aplikasi sampah. tidak bisa login.,negatif
"Pengguna Google,""Astaga, aplikasinya gak bener, mau marah tapi konoha"",negatif"
"Pengguna Google,""Kenapa gk bisa di download aplikasi nya tolong lah, Saya lgi butuh aplikasi ini"",negatif"
"Pengguna Google,""Sangat terbantu sekali,,terimakasih"",positif"
Pengguna Google,Mayan fitur LUPA EFIN Udah bisa digunakan,positif
"Pengguna Google,""Gaji dah d potong pajak, tp msh hrs ngirim bukti kn konyol"",netral"
Pengguna Google,Dana pemerintah dipake apa sih. Mau ajukan lupa efin aja sulit nya minta ampun,negatif
"Pengguna Google,""jelek banget, tiap mau login gagal terus. gimana mau lapor coba. payah"",negatif"
Pengguna Google,Saya sudah pakai 2 akun tapi tidak bisa daftar,negatif
"Pengguna Google,""bangke pisan,tombol yg harus d klik ga konek2.jngn d lncurkan klo blm memudah kan penggua"",negatif"
Pengguna Google,Gak bisa di pakek padahal saya lupa efin dan gagal terus.,negatif
Pengguna Google,Tidak berfungsi dengan baik,negatif
Pengguna Google,gak enak buat lapor baik pakai versi web,netral
Pengguna Google,Apk gak guna mau ngisi username aja gabisa gimna ini.,negatif
Pengguna Google,ga jelas . rusak,negatif
Pengguna Google,ngga jelas ngga bisa daftar,negatif
"Pengguna Google,""mau bayar pajak pun seribet ini, hahaha.."",negatif"
"Pengguna Google,""Eee Indonesia eeee Indonesia nangis Soekarno didalam kubur, eeeee Indonesia ngk miris cok, eeeee Indonesia ngk bisa diungkapkan dengan kata-kata, eeeeee Indonesia"",netral"
Pengguna Google,tidak ada menu daftar di aplikasi,negatif
Pengguna Google,Busuk nya masih minta ampun..parah ni aplikasi iya live chat GK bisa ngasih solusi..w minta efin bilang nya kirim email tp GK ada juga..di tlpon yg ada abisin pulsa terhung kagak..nyusahin rakyat doang..busuk,negatif
Pengguna Google,User pw udah bener. Masih aja tidak bisa masuk,negatif
"Pengguna Google,""Ribet tetep aja ujung2nya harus kecabang buat minta efin hanya untuk sekedar login saja,ngakunya terintergrasi dengan nik tapi tetap sampah"",negatif"
"Pengguna Google,""Susah untuk login aplikasi, tolong di benahi.. terimakasih"",netral"
"Pengguna Google,""situs DJP adalah situs terbusuk Saya baru daftar sudah simpan kata sandi BAIK-BAIK, DISALIN SESUAI malah ga bisa masuk benar2 busuk ga jelas ini situs buruk ðŸ‘ŽðŸ‘ŽðŸ‘ŽðŸ‘ŽðŸ‘ŽðŸ‘ŽðŸ‘ŽðŸ‘ŽðŸ‘Ž"",negatif"
"Pengguna Google,""PERCUMA SUSAH""""PAKAI APLIKASI INI UJUNG""""NYA DIALIHKAN KE GOOGLE CHROME JUGAðŸ‘Ž"",negatif"
Pengguna Google,Mantap cuman belum lengkap,netral
Pengguna Google,Bintang 1 yg mungkin banyak di play store,netral
Pengguna Google,Smakin nda jelasðŸ˜¡ðŸ˜¡ðŸ˜¡,negatif
"Pengguna Google,""web ampas,nyuruh wajib bayar pajak tapi web eror mwnya apasi"",negatif"
Pengguna Google,Gimana mau ambil foto kalau keluar sendiri,negatif
"Pengguna Google,""Gak pengen update lagi bos? Sekelas developer pemerintah, model beginian aplikasinya? Mau lihat profil aja gak bisa. Blm lgi yg lain."",negatif"
Pengguna Google,Cabca tidak cocok terus. Kacau aplikasi djp ðŸ˜‡,negatif
"Pengguna Google,""Sandi lupa aja dipersulit tolong perbaiki lagiiiiii, pake efin efin ga muncul di Gmail terus cari dimana -_"",negatif"
Pengguna Google,Saya mrngunakan aplikasi lupa efin tapi setelah upload foto malah gagal2 terus,negatif
Pengguna Google,Bisa minta updaten terbaru untuk samsungA33 ndak?,negatif
Pengguna Google,saya mau bayar pajak aja daftar nya ribet minta ampun...payah coretex nih...,negatif
"Pengguna Google,""pajak ngambilin uang rakyat.... rakyat yg bayar pajak malah rakyat juga yg hrus lapor pajak... konsepnya gimana ini.. pajak THR potongnya gila""""n gede bangt"",netral"
"Pengguna Google,""Pajak udh dibayar, hasil nya bikin aplikasi cacat begini"",negatif"
Pengguna Google,Aplikasi ga ada yg jelas fiturnya,negatif
"Pengguna Google,""kagak bisa loggin.. nik/npwp... kotak nomornya kurang satu, aya aya wae"",negatif"
Pengguna Google,Kenapa aplikasi susah sekali mau login,negatif
"Pengguna Google,""gak guna mau laporan aja susah,klau org nyuruh laporan pajak tingkatkan dlu sistemnya"",negatif"
"Pengguna Google,""hati2 saya baru saja ditipu menggunakan aplikasi ini , uang saya di m.banking ditarik semua .. penipuan"",negatif"
Pengguna Google,Saya coba dlu bintang ðŸŒŸðŸŒŸðŸŒŸðŸŒŸ yh min klau bagus selanjutnya saya akan tambahkan lagi bintang,netral
Pengguna Google,Beri bintang lima karena aplikasi nya sangat membantu,positif
Pengguna Google,top. semoga kedepan utk wp usahawan bisa muncul notif tiap bulan utk diingatkan bayar pph,netral
"Pengguna Google,""Saya lupa EFIN, mau dapatkan EFIN kembali, selalu verifikasi gagal"",negatif"
Pengguna Google,kok ngk bisa di update ya,negatif
Pengguna Google,Sulit bgt dpt efin. Padahal udah niat mau laporan malah di persulit,negatif
"Pengguna Google,""aplikasi nya MATI, rugi bayar pajak ke elu, padahal anggaran besar"",negatif"
Pengguna Google,Aplikasi ini apakah khusus untuk menjawab verifikasi gagal ??????? Puluhan kali coba gx berguna,negatif
"Pengguna Google,""apk aneh,minta kode efin udh kelar jawabnya nomer handphone td valid ngisi form ajh gk ad no phone ko aneh sih"",negatif"
Pengguna Google,Ga ada guna ini aplikasi. Selayaknya aplikasi pemerintah pada umumnya. Gw kaga bisa login mon,negatif
Pengguna Google,Aplikasi dibuat untuk menyusahkan... lola bedddd anjir.. baikin dong aplikasinya .hermannnnnnn,negatif
Pengguna Google,Masi blajar sih lapor pke aplikasi... Semoga bisa ya tahun iniðŸ¥°,netral
Pengguna Google,Di update malah lemot bikin geleng2 kepala,negatif
Pengguna Google,Aplikasi dari pemerintah gk ada yg bener selalu eror,negatif
Pengguna Google,Buat online tp efinnya disuruh dtang langsung sama aja nggk online duh jaman dah online tp pelayanan kek jaman dulu,netral
"Pengguna Google,""Layanan pemerintah kok gini amat ya,pajak woy!!!"",negatif"
"Pengguna Google,""Aplikasi sampah, minta masukkan code verifikasi tp code verifikasi tdk pernah diterima."",negatif"
Pengguna Google,Pake developer mana nih... Luar biasa,positif
"Pengguna Google,""UDAH WEB GAJELAS, DI APK INI MALAH ANEH.. UANG MAU DI SETOR KE NEGARA AJA DIBUAT SUSAH, LEMBAGA KOCAK"",negatif"
Pengguna Google,Kenapa g bisa nambah catatan utk umkm,netral
"Pengguna Google,""INI DANA BUAT SERVER YANG BAIKNYA SUDAH DIKORUPSI DULUAN INI, SERVER LELET BUANG2 WAKTU AJA DISINI, LAPOR PAK PRABOWO"",negatif"
"Pengguna Google,""full bug , APK gajelas ."",negatif"
Pengguna Google,Aplikasi sampah yang bikin aplikasi gak kompeten,negatif
Pengguna Google,Tidak bisa untuk lapor pajk online,negatif
Pengguna Google,Aplikasi tidak brmanpaat susah d akses,negatif
Pengguna Google,Apk g jelas... Udh beberapa kali ngajuin epin.. Sms ny g muncul2 halah bikin kesel,negatif
"Pengguna Google,""Kirim kode otp y Lola, JD keburu kadaluarsa, tolong diperbaiki susah login"",negatif"
Pengguna Google,Emang ada aplikasi atau Web pemerintah yg lancar.???,netral
Pengguna Google,Aplikasi yg sulit Login aja susah ðŸ‘»,negatif
"Pengguna Google,""saya mau bikin NPWP kenapa terhalang sama pihak ketiga terus ya, selalu di masalahkan validasi pekerjaan maksudnya apa si Indonesia"",netral"
Pengguna Google,Saya mau registrasi kenapa tidak bisaðŸ˜”,negatif
Pengguna Google,Apk bisa di pakai sama sekali mohon bantuannya,negatif
"Pengguna Google,""Buruk tak bisa mendaftar disini g ada kolom pendaftaran , Pekook"",negatif"
Pengguna Google,gak jelas efin apaan mau masuk susah bener semua salah kayak gak niat buat aplikasi,negatif
"Pengguna Google,""Error terus... pelayanan macam apa ini, gak jelas"",negatif"
Pengguna Google,g bisa di update tolong infonya,negatif
"Pengguna Google,""kalo gak siap jangan bikin apk, buang2 anggaran"",negatif"
"Pengguna Google,""Susah banget daftar na,,,"",negatif"
"Pengguna Google,""Maunya apa sih lu.? Instansi sekelas pemerintah negara tapi abal , maknya jangan banyak"""" Korupsi ribet banget ngurus gini doang"",negatif"
Pengguna Google,lemot banget ahhk bikin emosi aja!!! dari dulu gak pernah dibenerin kocak!!!,negatif
Pengguna Google,Aplikasi payah otp aja ngga di kirim kirim,negatif
"Pengguna Google,""Daftar Gabisa Disini, Ga Guna Banget, Daftar Di Web HP Malah Makin Ancur Dan Bikin Pusing"",negatif"
Pengguna Google,aplikasi ga jelas eror muluuuuu ga bisa login samsek dih,negatif
"Pengguna Google,""apknya jelek bangett, nunggu kode verifikasi bagaikan menunggu hari kiamat."",negatif"
"Pengguna Google,""Sampahh buanget , ini cara cek nomer pajak skarang aja susahnya kaya cari dukun santet. gilaaaaa gilaaaaaa gimana ini website negri aja parah banget"",negatif"
"Pengguna Google,""GAK BISA RESET PASSWORD, anehhhh, gak usah bayar aja lah"",negatif"
"Pengguna Google,""Bukan nya mempermudah masyarakat malah nyusahin aja,apk sama org pemerintahan nya sama aja sama sama cacat akal.Data udh lengkap mau validasi malah error sendiri apk cacat"",negatif"
Pengguna Google,Minta Efin mw taat pajak aja susahnya ga ada obat !,negatif
"Pengguna Google,""Sudah mempunyai akun dan pengisiannya juga sama, akan tetapi masih salah terus. Mohon bantuannya"",netral"
Pengguna Google,aplikasi sampah gak bisa di gunain sama sekaliðŸ‘ŽðŸ‘ŽðŸ‘ŽðŸ‘ŽðŸ‘Ž,negatif
Pengguna Google,Saya mau minta efin saya lagi tp pas saya masukin npwp salah. Padahal itu no npwp udah bener. Gimana ini???,netral
"Pengguna Google,""Mau daftar aja ngga bisa,susaaaaahhhh"",negatif"
"Pengguna Google,""Username dan password salah wkwkk, eror."",negatif"
Pengguna Google,aplikasi masih cacad udah di release. ðŸ¥²,negatif
Pengguna Google,Sungguh memuakkan. Sekedar untuk mengecek NO Npwp ataupun membuat Npwp sangat susah. Aku benci,negatif
Pengguna Google,Mau bayar pajak untuk negara kok susah kali,negatif
Pengguna Google,Susah bgt...eror trus...salah paasword eror...akhirny lupa password pun masukin data betul...tetap eror trus harus gimana???,negatif
Pengguna Google,G bisa daftar kocak bnget aplikasi jelas g niat bikin aplikasi nya kocak kocak,negatif
"Pengguna Google,""Installing update teruss ,, bintang 1 tydack ramah!!!"",negatif"
"Pengguna Google,""udh isi pulsa, sebelum tiap mau ngomong sma CS disuruh tekan angka 0 tiba"""" bot ngucapin makasih dan dimatiin, gila segitunya kah ngambil duit RAKYAT, giliran TELAT di denda, konyol,."",negatif"
Pengguna Google,Mau lupa efin keluar Mulu pas dana udah lengkap keluar,negatif
Pengguna Google,apk ini masih belum bisa digunakan,negatif
Pengguna Google,Kira kira lah bikin aplikasi tadi vaild..buka lagi engk valid...,netral
Pengguna Google,Namanya biaya pemerintah yakan sudah wajar banyak kendala hahahaha Capek saya yg niatnya mau bikin npwp sebagai warga wajib pajak,negatif
Pengguna Google,Jangan di download..aplikasi ini hanya portal k web npwp online,negatif
"Pengguna Google,""Verifikasi gagal terus tapi ga tau apanya yang gagal dikira dukun kali bisa nebak apa yang gagal, apapun yg diurus pemerintah selalu buruk"",negatif"
Pengguna Google,Ga web nya ga apk nya ga guna,negatif
Pengguna Google,kode verifikasi nya lama bener buset dah ah,negatif
Pengguna Google,oi sialan bikin NPWP dipersulit kode Verifikasi ga muncul giliran muncul ga bisa verifikasi puki,negatif
Pengguna Google,Aplikasi bobrok !!! Bikin emosi tingkat dewa !!!,negatif
Pengguna Google,Mungkin aplikasinya lg lelaaaaahhhh.....jd ga bisa digunakan,negatif
"Pengguna Google,""Susah dapat kode verifikasinya, lama sekali"",negatif"
"Pengguna Google,""Sangat buruk, sulit ,"",negatif"
Pengguna Google,Kode otp gak dikirim2 udah coba berkali2,negatif
"Pengguna Google,""Apk pemerintahan kok gini amat ya, eror mulu"",negatif"
Pengguna Google,Pajak wajib lapor agar tak kena denda? Sistem dipersukit agar kena denda? #rakyatkecilbertanya,negatif
Pengguna Google,Nggak bisa masuk walau udah ngisi no npwp sama sandi sudah benarðŸ˜´ðŸ˜´ðŸ˜´,negatif
Pengguna Google,Kenapa kok tidak bisa masuk di akun ya,negatif
Pengguna Google,semoga manfaat,positif
Pengguna Google,aplikasi ga jelas,negatif
Pengguna Google,gak jelas ini,negatif
Pengguna Google,tidak bisa dipercaya,negatif
"Pengguna Google,""DI SURUH LAPOR PAJAK, TAPI BUAT LOGIN AJ SUSAHNYA MINTA AMPUN"",negatif"
Pengguna Google,Error terus kenapa ya,negatif
Pengguna Google,Kenapa aplikasinya tidak bisa terbuka,negatif
"Pengguna Google,""Hidup makin susah ajah bikin npwp ga pernah berhasil, susah jdi rakyat indonesia"",negatif"
Pengguna Google,mencari lokasi kpp terdekat datanya banyak salah.,netral
Pengguna Google,ada yg tlp saya pakai nma djp dan instal apk.a di gogle ap itu bnern orang pajak,netral
"Pengguna Google,""mau buat NPWP susah bet ampunnn, lelet lemot error hadeh"",negatif"
"Pengguna Google,""Aplikasi sangat lamban, tidak berkualitas"",negatif"
"Pengguna Google,""Aplikasi jelek, verifikasi gagal terus"",negatif"
"Pengguna Google,""NGGA NIAT BUAT APK LU YE, MENTOK DI DATA GEOMETRIS KOCAK"",negatif"
Pengguna Google,Ga bisa di pake aplikasinya.. Mau lapor aja di bikin RIBET,negatif
"Pengguna Google,""aplikasi tidak jelas, coba diperbaiki lah"",negatif"
Pengguna Google,lah ini aplikasi ga bisa di dowload knp ya..masa perpajakan aplikasi gini si,negatif
"Pengguna Google,""Aplikasi Negara Dibiayai APBN kok sering Eror/ Bug Malu maluin ðŸ˜‚ Sesuai kualitas PejabatnyaðŸ˜‚ Contoh tu Aplikasi PLN mobile Bagus and User Friendly, lah Ini Urusan Pendapatan Negara secara Global Makro All sectors malah Eror anðŸ˜’"",negatif"
"Pengguna Google,""Kalau belum siap mending jangan di publis ini, mending buka lewat browser."",negatif"
"Pengguna Google,""kayak ny penipuan, bbrpa kali di telpon org mengatas namakan org oajak dari pusat untuk konfirmasi pemulihan data akhir tahun"",negatif"
"Pengguna Google,""Klo aplikasi belum siap, jangan di rilislah ! mau apanya yang berguna."",negatif"
"Pengguna Google,""Menu Efin nya ga muncul min, perbaikin dong"",netral"
"Pengguna Google,""aplikasi gak guna,. ga bisa daftar akun baru."",negatif"
Pengguna Google,susah bgt di pake ni apk nyaðŸ˜­,negatif
Pengguna Google,Tidak ada menu buat lapor spt,netral
"Pengguna Google,""Kebanyakan verifikasi, masuk nya mah ngga ngntod"",negatif"
"Pengguna Google,""fitur-fitur ga guna, nyusahin aja"",negatif"
Pengguna Google,apk eror terus gk bisa login,negatif
Pengguna Google,aneh kita yang bayar pajak kita yang laporan. dan mau laporan pun sulit dapat datanya.,negatif
Pengguna Google,mau lapor spt malah ribet .... ga guna,negatif
"Pengguna Google,""tidak berguna, mahal doang jelek apkny"",negatif"
"Pengguna Google,""kocak daftar aja susah bat, server butut"",negatif"
Pengguna Google,Jgn bikin kita buang buang pulsa lah email aktivasi nya ngk masukÂ² ni,negatif
"Pengguna Google,""payah bikin pusing, susah masuk"",negatif"
Pengguna Google,b aja ini apk ga bisa banyak hal. terpaksa harus ke kantor pajak,negatif
Pengguna Google,bnyak x aturan mau login aja,netral
Pengguna Google,3 nomor aku pake buat verifikasi gak masuk2 pesannya.,netral
Pengguna Google,daftar tidak bisa by online,negatif
Pengguna Google,aplikasi pemerintah ngga ada yang beres,negatif
Pengguna Google,Sengaja gw kasi bintang lima supaya dilihat orang... Gini nih contoh kinerja yang dananya habis dikorupsikan,negatif
Pengguna Google,Semoga berfungsi dengan baik,netral
Pengguna Google,wajib pajak harus dibayar,netral
Pengguna Google,aplikasinya pemerintah super super buruk banyak koruptor nya,negatif
Pengguna Google,Developer nya siapa sih masa g bisa login pk nik KTP (maks 15 angka),netral
Pengguna Google,Ko susah sekali sekarang...efin lupa giliran scan wajah gak bisa,negatif
Pengguna Google,Tolong perbaiki! TIDAK BISA LOGIN!,negatif
"Pengguna Google,""lelah banget mau tanya fiska doang, ghosting mulu! Bad!"",netral"
"Pengguna Google,""serba susah, serba ribet semua di persulit"",negatif"
Pengguna Google,kecewa di jaman sekarang mau minta nomer EFIN harus ke kantor tidak bisa lewat online,negatif
"Pengguna Google,""WOY YANG BENER AJA, UDAHMAH VERIFIKASI PAKE PULSA, MANA DATA GEOMETRISNYA KAGA MUNCUL, APK PEMERINTAH KEK AMPAS SEMUA ANJIR SHIBAALLLLLL BENERIN DULU SEMUA INI BIKIN STRESS AJA BUKAN MEMPERMUDAHðŸ˜’"",negatif"
"Pengguna Google,""Aplikasi busuk, Sudah di ganti kata sandi masih saja salah"",negatif"
Pengguna Google,Ternyata banyak yg sependapat dengan saya,netral
Pengguna Google,mau daftar NPWP online. otp ngga di kasih tapi pulsa kepotong kebijakan ngga jelas korup tolol giliran otp udah di kasih gak bisa di verif maksud nya apa tolol,negatif
"Pengguna Google,""Eroor, coba di perbaiki biar enak dalampenggunaan nya"",negatif"
Pengguna Google,Cuma habisin anggaran apk tidak maksimal,netral
"Pengguna Google,""error data nik gk ditemukan, gimana ceritanya ini"",negatif"
Pengguna Google,aplikasi.. siliiiiit !!? sangat membagongkan gak berguna sma s kali.,negatif
Pengguna Google,aplikasi tak bermutu sudah di kasih kode otp kok ngak bisa di vadilasi makan pulsa terus,negatif
"Pengguna Google,""Terimakasih, Kalau ada lagi menu EFIN nya, aku tambah lagi bintangnya"",netral"
Pengguna Google,Susah login Email verifikasi tdk masuk2,negatif
Pengguna Google,Indonesia negara banyak drama plus ribet,negatif
Pengguna Google,Mau bikin NPWP bagian otp nya gagal terus kesal pdhl udh isi pulsa..,negatif
Pengguna Google,saya baru membuka aplikasi ini semoga mempermudah saya utk pengurusan pajak dll trima kasih,netral
"Pengguna Google,""aplikasi ini tidak ada manfaatnya. dihapus saja dari play store, sama sekali TIDAK membantu masyarakat"",negatif"
"Pengguna Google,""Pengajuan lupa efin error terus, ini gmn sih punya pemerintah biaya aplikasi guedeee tp erorr"",negatif"
Pengguna Google,Apk pemerintah tp low performa...rakyat mau pajak aja dipersulit...ujung-ujungnya dikorupsi ðŸ˜¤,negatif
Pengguna Google,Sdh di install tp apk keluar terus. Hp memyarankan menutup apl,negatif
"Pengguna Google,""Kocak kirim otp aja ampe sejam ,,apk gak jelas perbaiki lah,apk Negara kan"",negatif"
"Pengguna Google,""Aplikasi ngontol,,,situs nya eror lemot mending situs bokep tolol"",negatif"
"Pengguna Google,""Bikin NPWP online skrg ribet. Harus foto langsung dll, verifikasi lama jg. Ribet bngt"",negatif"
"Pengguna Google,""Mau bayar pajak aja susah, coretax ribettttt."",negatif"
"Pengguna Google,""apk jembut ya gini, mau buat aja dipersulit"",negatif"
Pengguna Google,Mau masuk apk nya aja susah banget mental mental pie iki nyusah ke,negatif
"Pengguna Google,""aplikasi gak mutu, banyak dikorupsi."",negatif"
"Pengguna Google,""Semua situs pemerintah tidak layak digunakan rakyat, parah parah"",negatif"
Pengguna Google,Velidasi data susah bnr ampun dh dr mlm sampe pagi cuma ngisi data aja ga bisa bisa,negatif
Pengguna Google,Aplikasi ini bikin jengkel orang aja NPWP / NIK dan Pw udah bener ... eh ... katanya salah Jadinya kan bikin kesel orang,negatif
Pengguna Google,Sangay bermangfaat sekali sangat membantu,positif
Pengguna Google,Nggak bisa dibuka daftar..hadehhh,negatif
"Pengguna Google,""Aplikasi ga guna, lemotnya minta ampun"",negatif"
Pengguna Google,Untuk daftar npwp aja syulit,negatif
Pengguna Google,Ingin bayar pajak aja dipersulit..kalau gabayar pajak dikejarÂ²..sebenarnya lu niat gak si?,negatif
Pengguna Google,Aplikasi Error saat dibuka pertama,negatif
"Pengguna Google,""Aplikasi gajelas, semua dibuat ribet dan susah."",negatif"
Pengguna Google,Sekiranya tim IT blm sanggup launching apps. Kaga usah di publish. Nyusahin,negatif
"Pengguna Google,""Aku daftar kmaren pakai gmail, sekarang disuruh pakai no. NPWP tapi knp g muat?.."",negatif"
Pengguna Google,Tidak mendapatkan solusi dari apk ini,negatif
Pengguna Google,Ribet banget dongok mending ga usah bayar pajak gw,negatif
"Pengguna Google,""Gak guna,lelet, sama sesekali aplikasi tidak embantu"",negatif"
"Pengguna Google,""Aplikasi ancur,, g bisa diakses.. Parah"",negatif"
"Pengguna Google,""Gajelas banget, suruh masukin nomer kk, giliran di masukin slot nomernya kurang 1,,"",negatif"
Pengguna Google,aplikasi gak guna gathel live chat ngomong sama robot ðŸ‘Žkirim kode otp nomor telepone sampai hanis pulsa gak dikirim kirimðŸ‘Žkan tolollll,negatif
"Pengguna Google,""Aplikasi ga jelas,di minta efin gagal terus"",negatif"
Pengguna Google,Belum juga login dah muter,negatif
Pengguna Google,Pengiriman kode verifikasi nye ke email lama bngt udh kaya nunggu hidayah,negatif
Pengguna Google,Kocak kocak aplikasi konyol daftar tapi susah validasi kocak,negatif
"Pengguna Google,""Apk eror terus gimana pemerintah ini sih, kok tidak konsisten"",negatif"
"Pengguna Google,""Ku kira mempermudah, ternyata........"",netral"
"Pengguna Google,""Aplikasi sampah,ngabisin duit rakyat aja ini ,makan tu duit rakyat ,gak mutu apk ini"",negatif"
Pengguna Google,anggaran besar tapi aplikasi sama webnya sampah,negatif
Pengguna Google,Cukup membantu dan bagus,positif
"Pengguna Google,""Semakin syulit, masuknya ribet pol.."",negatif"
Pengguna Google,Mengingat kan akan wajib pajak bagi setiap warga negara,netral
Pengguna Google,Ribet buat dapetin efin.mau bayar pajak aja di persulit.,negatif
"Pengguna Google,""Gk bisa login giliran bisa nunggu kode verifikasi nympai jenggotan gk datang2, Nyangkut dimana yaaaaa???"",netral"
"Pengguna Google,""bagus banget appl nya sampe"""" aq ga percaya bahwa applikasi ini ada terimakasih"",positif"
"Pengguna Google,""Situs punya negara ga bisa di akses kalian ngapain aja kerja nya, kalau ga bisa resign ya jangan jadi beban negara"",netral"
Pengguna Google,Busuk busuk Kok ada aplkasi kek gini?anggarannya kebanyakan di....,negatif
Pengguna Google,orang mau bayar pajak aja d persulit effien kenapa ga bisa online gmna mau maju ..bayar pajak aja d persulit,negatif
Pengguna Google,Sangat2 tidak memudahkan rakyat hanya mempersulit saja keterngan sistem kami eror. Apa indonesia sistemnya selalu eror???,negatif
Pengguna Google,Masa ga bisa daftar kocak,negatif
"Pengguna Google,""Tinggal satu langkah verifikasi lagi, segala gak ada tombol OK nya."",negatif"
Pengguna Google,website rusak tidak membantu sama sekali,negatif
"Pengguna Google,""APLIKASI TERJELEK YG PERNAH SAYA INSTAL !! KALAU ADA BINTANG 0, SAYA MEMILIH MEMBERI BINTANG 0 !! GA HERAN BINTANGNYA SEGINI !! UDAH NYURUH BAYAR PAJAK, TAPI NYUSAHIN!!"",negatif"
Pengguna Google,aplikasi yg mempersulit orang dimana uang kita di potong tapi kita yg harus melaporkan uang yg dipotong pegawai pajak nya pada ngapain,negatif
Pengguna Google,gK bisa membantu pelaporan ribet kalo mesti ke kantor pajak gak guna aplikasi ini,negatif
Pengguna Google,Kadang orng tidak paham memakai apk ini,netral
Pengguna Google,apinya error ga bisa di buka,negatif
Pengguna Google,lupa FFIN pas verifikasi lewat email kok bukan email saya yng terdaftar,netral
Pengguna Google,gk berfungsi apk kelas negeri ini,negatif
Pengguna Google,Sangat membantu urusan perpajakan,positif
Pengguna Google,Aplikasi CACAT yang sangat tidak membantu,negatif
"Pengguna Google,""Mau bayar pajak aja susah, heran :("",negatif"
"Pengguna Google,""astaga untuk pengajuan lupa EFIN aja lama kali, masa terus terusan eror, tadi udah 10% gagal lagi"",negatif"
"Pengguna Google,""pake crome bisa , pake aplikasi ini ga bisa , dasar aplikasi ga jelas"",negatif"
"Pengguna Google,""Mau d registrasi kok,efin nya belum verifikasi trus"",negatif"
Pengguna Google,Punya Negara kok kayak aplikasi amatiran.,netral
Pengguna Google,Pemerintah kalo bikin sesuatu itu gapernah serius. ini contoh salah satunya ðŸ˜‚ ðŸ˜,netral
"Pengguna Google,""aplikasi gak jelas , wes bayar pajak masih ruwet"",negatif"
Pengguna Google,Masak lembaga pemerintah gak bisa bikin aplikasi. Parah parah,negatif
"Pengguna Google,""ini produk negara niat gak sih??? aplikasinya aja amburadur gini, payah kali, padahal penting, dan sekelas negara bisanya bikin aplikasi djp kayak gini?"",negatif"
Pengguna Google,mau masuk aja ribet login gagal terus !!,negatif
"Pengguna Google,""aplikasi ga guna, buang- bunga anggaran"",negatif"
"Pengguna Google,""aplikasi bodooh aplikasi pemerintahan yg paling bodoh, error mulu trus gunanya ini aplikasi apa, khon"",negatif"
"Pengguna Google,""aplikasi pemerintahan gk ada yg beres, verifikasi gk bisa"",negatif"
"Pengguna Google,""mempersulit, coretax nda guna, nda bisa login"",negatif"
Pengguna Google,ribet aplikasi gak jelas gagal terus tidak ada solusinya,negatif
Pengguna Google,bermanfaat untuk pelaporan pajak secara digital,positif
"Pengguna Google,""aplikasi tolol, ga ada pilihan lupa kata sandi"",negatif"
Pengguna Google,apliaksi sampah gk bisa login,negatif
Pengguna Google,aplikasi ribet dan bermasalah,negatif
Pengguna Google,Sangat bermanfaat & berguna,positif
Pengguna Google,Memudahkan para wajib pajak,positif
Pengguna Google,pajak udah di bayar server malahan lemot parah dasa !,negatif
Pengguna Google,Orang di suruh bayar pajak rutin tapi pelayanan gajelas,negatif
Pengguna Google,engga ada menu untuk daftar,netral
Pengguna Google,Lama banget kirim kode verifikasinya ke email,negatif
Pengguna Google,Pemerintah selalu membuat aplikasi gak jelas.,netral
"Pengguna Google,""Sangat membantu, bagus"",positif"
Pengguna Google,buruk sekali sangat buruk aplikasi nya jgn mau instal,negatif
"Pengguna Google,""mau bikin NPWP aja di persulit , sumpah gak jelas banget"",negatif"
Pengguna Google,Mau daftar tapi tidak bisa,negatif
Pengguna Google,kenapa gak bisa install yaa,negatif
Pengguna Google,Mau daftar ko ga bisa mulu....,negatif
Pengguna Google,Selalu gagal. Yang begini ini gaji pada gede doang!!,negatif
Pengguna Google,tidak bsa login,negatif
"Pengguna Google,""BAYAR PAJAK DOANG, APKNYA GA BERJALAN DENGAN BAIK. PERTANYAAN SAMA CS KAGA BISA"",negatif"
Pengguna Google,Ini aplikasi apa ya? Login aja gak bisaðŸ¤£ðŸ¤£ðŸ¤£,negatif
"Pengguna Google,""aplikasi tdk bisa digunakan,error terus"",negatif"
Pengguna Google,Kurang bisa dimengerti,netral
Pengguna Google,selalu mudah dalam proses,positif
Pengguna Google,apk tolol kalo belum sangup bikin apk mending bikin seblak aja,negatif
"Pengguna Google,""Puluhan Verifikasi gagal terus, serius gak di ini aplikasi"",negatif"
Pengguna Google,sengaja di persulit. Agar oknum bebas menjadi calo dll,negatif
Pengguna Google,Aplikasi edan. Makan uang rakyat tapi bikin aplikasi nya ga becus,negatif
Pengguna Google,satu bintang dulu soalnya belum tau bagus apa tidak nya,netral
"Pengguna Google,""masak saya harus ganti hp, gara updatetn terbaru"",netral"
"Pengguna Google,""1,3T buat aplikasi kaya gini?galayak sih"",negatif"
Pengguna Google,aplikasi sampah.suruh lapor pajak aja susah minta ampun mau login. payah,negatif
Pengguna Google,lebih gak dibalikin klo kurang ditagih LOL,negatif
Pengguna Google,ngabisin pulsa aja aplikasi ga genah,negatif
Pengguna Google,Verifikasi gagal terus padahal data sudah sesuai KTP/NIK,negatif
Pengguna Google,Gagal terus dalam pembuatan E billing,negatif
"Pengguna Google,""Kembalikan kotak centang lupa email,"",netral"
Pengguna Google,Aplikasi bermasalah tidak bisa digunakan,negatif
Pengguna Google,males amat tiap buka aplikasi harus log in ulang mulu,negatif
Pengguna Google,MAAF BUSUK BANGET PAK APLIKASINYA. TOLONG DIPERBAIKI. TKS,netral
Pengguna Google,APLIKASI CACAT.... BUKAN MEMPERMUDAH MALAH MEMPERSULIT....GK ADA GUNANYA DI DOWNLOAD.... EROR TERUS,negatif
"Pengguna Google,""Kirim opt cepetan dikit pak, gak ngotak sampai 3 jam"",netral"
Pengguna Google,Aplikasi ga bisa di buka Pemerintah yang tolol.,negatif
"Pengguna Google,""udah ngisi data sesuai, swafoto udah, eror mulu kocak"",negatif"
Pengguna Google,Aplikasi ga berguna verifikasi gagal trus.ga jelas,negatif
Pengguna Google,Mau lapor pajak ajah susah nya,negatif
"Pengguna Google,""Apk sampah,gak bantu banget,,,apk sekelas pemerintah kalah sama apk Hugo, Indo indo"",negatif"
Pengguna Google,Kalau malam kenapa susah bgt masuk aplikasi ini.... apakah dia sedang tidur...,netral
Pengguna Google,Mau daftar aja di bikin susah,negatif
"Pengguna Google,""mau di situs mau di aplikasi nggk guna babi habisin pulsa buat verifikasi nggk jadi"""" mpwp"",negatif"
"Pengguna Google,""Apk gk guna,lupa efin aja ribiet nih apak"",negatif"
Pengguna Google,Captcha nya nyebelin bgt asli orang udh bener ngulang mulu,negatif
Pengguna Google,Sangat membantu dan gak ribet,positif
Pengguna Google,tidak membantu malah mempersulit,negatif
Pengguna Google,Aplikasi terjelek masa otp email nggak masuk,negatif
Pengguna Google,Aplikasi sama web sama aja susah gak,negatif
Pengguna Google,coba buka aplikasi games Pow .. rating lebih tinggi 4.4 / zuma .. uwow ..,netral
Pengguna Google,daftarnya ribet Verifikasi tolol gk aja bikin afk kalau gak guna bngst,negatif
"Pengguna Google,""Apk nya ga guna,. Ga bisa di pake, minta efin aja gagal terus,."",negatif"
"Pengguna Google,""aplikasi pepnipuan nanti dia akan hack hp, jgm di instal"",negatif"
Pengguna Google,Di coba berkali2 untuk permohonan efin gagal terus,negatif
"Pengguna Google,""aplikasi ga bener, sekelas pemerintahan bikin aplikasi seribet ini, alur gajelas"",negatif"
Pengguna Google,Ok jga untuk mengurangi penyimpangan pjak,netral
Pengguna Google,bagai mana ini aplikasi. menu daftarnya aja nggak ada.,netral
Pengguna Google,Saya ingin mendaptar mpwp kok sulit. Caranya,negatif
Pengguna Google,Sering keluar sendiri aplikasi nya jelek bngt,negatif
Pengguna Google,BUAT APLIKASI RINGAN AJA GABISA.. TOLOL!!!,negatif
"Pengguna Google,""Aplikasi eror, tidak bisa d buka"",negatif"
Pengguna Google,aplikasi gak guna eror terus,negatif
"Pengguna Google,""DEVELOPER GAK JELAS, PASTI MANUT AJA JADI BABU PIMPINAN, APLIKASI AJA GAK KE URUS."",negatif"
"Pengguna Google,""Pusing banget ingin bikin NPWP juga,"",negatif"
Pengguna Google,Apk apa ini lapor SPT tahunan selalu eror,negatif
Pengguna Google,Tdk bekerja maksimal.,negatif
Pengguna Google,Aplikasi tak berguna...hapus saja dari google sampah,negatif
Pengguna Google,nggak bisa login. udah beberapa kali di coba,negatif
Pengguna Google,Aplikasi gk guna mau daftar aja ribet amat,negatif
Pengguna Google,Indonesia gakakan maju.. serba di persulit,negatif
"Pengguna Google,""APLIKASI SAMPAH, LOGIN AJA SUSAH APALAGI MAU BAYAR"",negatif"
Pengguna Google,buruk sekali.. eror.. live chat pun gk bsa,negatif
Pengguna Google,Apaan gak ada dikirim kode verifikasi,negatif
"Pengguna Google,""Devloper guwoblok, kode verifikasinya di kirim kemana cox"",negatif"
Pengguna Google,Email verifikasi sangat lama masuknya,negatif
Pengguna Google,Gak guna ajg lapor spt ttp lewat web,negatif
"Pengguna Google,""aplikasi sampah !! Daftar online susah nya pake banget otp email kaga masuk otp no hp kaga masuk sistem jaman purba kaga di ganti abis pulsa gw ngeladenin aplikasi sampah website pemerintah burik parah tahun demi tahun gw coba coba terus kaga bisa Mulu, ayolah inovasi nya mana giliran aplikasi bokep mah cepet mau daftar GE padahal mau bayar pajak yaelah"",negatif"
Pengguna Google,Input Nama wilayah nya dibikin susah buat nyari,negatif
Pengguna Google,Sampah gk ada fungsi sama sekali....,negatif
"Pengguna Google,""Gk ngaruh, gk berguna, pelayanan gk ada jaminan... Bobrok.."",negatif"
Pengguna Google,Lebih mudah bayar pajak.mantap,positif
"Pengguna Google,""namanya aja aplikasi pendafataran online,live chat terputus terus apaan ini"",negatif"
Pengguna Google,Bukannya benerin web malah bikin aplikasi,netral
Pengguna Google,Aplikasi tidak bisa di buka eror,negatif
Pengguna Google,Viralin Biar Pemerintah Bener Berbenah Jangan Cuma Omong Doang. Aplikasi ERROR.!!,negatif
Pengguna Google,Aplikasi ga guna mau daftar aja susah,negatif
Pengguna Google,gak bisa masuk akun. notif akun tidak ditemukan. pas cek NPWP valid loh,negatif
Pengguna Google,Lebih memudahkan kami untuk membayar pajak,positif
Pengguna Google,Aku daftar NPWP pribadi buat kerja kok susah ya? Sebentar kantor offline yg menangani masalah ini dimana sih?,negatif
Pengguna Google,Mau Daftar Bikin NPWP Pas Mlm Nga Bisa Ini Gimana hadeee Cape Dhe,negatif
Pengguna Google,pelayanan jeles sekali ga bisa kasih solusi,netral
Pengguna Google,Verifikasi email aja gak msuk2 ke email,netral
"Pengguna Google,""hati"""" setelah disuruh pake aplikasi ini langsung wa saya di sadap dan diganti wa saya dengan wa bisnis perpajakan , ga cocok"",negatif"
Pengguna Google,Aplikasi nya sudah bagus dan bermanfaat,positif
"Pengguna Google,""Aplikasi lemot, mau minta kode susahnya minta ampun"",negatif"
"Pengguna Google,""kurang datail, kurang membantu"",netral"
Pengguna Google,mau LOGIN AJA susah banget GAJELAS. mau WEB mau APK GAJELAS,negatif
Pengguna Google,dinas pajak bodokkkkk.....mau ngisi negara asal malah ga ada Indonesia,negatif
"Pengguna Google,""pendaftaran susah, link gk bisa di akses"",negatif"
Pengguna Google,C*k minta kode verifikasi tapi tombolnya tidak berubah asu.,negatif
"Pengguna Google,""Kelasnya Penjala uang rakyat, bikin apk untuk rakyat saja seperti main main....Gunakan uang rakyat untuk memperbaiki apk ini supaya memudahkan rakyat membayar keringat kalian. Kelasnya Kemenkeu apk bobrok."",negatif"
"Pengguna Google,""Aplikasi tolol, bukannya mempermudah"",negatif"
"Pengguna Google,""pajak buat negara kita mau lapor aja dipersulit saat mau verifikasi, ya Allah gini amat ya Indonesia"",negatif"
Pengguna Google,bnyk yg ga bs di klik pilihan nya. lemot,negatif
Pengguna Google,M-pajak sangat bgus aplikasinya TDK rumit,positif
Pengguna Google,Pelayanan live chat pajak an IVAN sangat amat burukkkkkkk .....,negatif
Pengguna Google,Apaan sih salah mulu password udah diganti sama aja,netral
"Pengguna Google,""Kocak langkah 2 pendaftaran tidak bisa, developer pemerintah gini yaa"",netral"
Pengguna Google,kayak gini bayar pajak rutin pelayanannya ga becuss gak becus bangdt kerja,negatif
Pengguna Google,Bagus dan sangat membantu,positif
Pengguna Google,pakai aplikasi susah..ga bsa bikin ebil...ribet,negatif
Pengguna Google,Kok ga ada fitur efin nya yaa,netral
"Pengguna Google,""Aplikasi ribet,nggk mutu,mempersulit"",negatif"
"Pengguna Google,""Jelek x pecat aja yang buat. Ganti aja slogannya . """"Pajak kita untuk kami"""""",negatif"
"Pengguna Google,""JELEK BANGEEEEEEET YA ALLAAAAAAH ðŸ˜­ðŸ˜­ GA BANTU SAMA SEKALI, MANA LIVE CHAT NYA ERROR MULU, ASTAGFIRULLAAAAAAAAH"",negatif"
Pengguna Google,Baru msuk suru updet..mala muter2 terus gmn sih ini...payahhhhhhh,negatif
Pengguna Google,Padahal aplikasinya diawasi negara kenapa kualitasnya seperti ini?,netral
"Pengguna Google,""gak bisa masuk ini teh, error terus min."",negatif"
Pengguna Google,Laporan spt tahunan gak bisa payah bgt apk ini jgn unduh j ya gak guna,negatif
Pengguna Google,Daftar online permintaan no EFIN lama banget.,negatif
Pengguna Google,tidak bisa dibuka,negatif
Pengguna Google,Semoga bisa mendaftar dan bisa mempelajarinya.,netral
"Pengguna Google,""Verifikasi gagal, dimana gagalnya ga dijelasin, ga jelas"",negatif"
Pengguna Google,Nunggu balesan email aja susah nya minta ampun,negatif
"Pengguna Google,""Payah lu,masa mau daftar kaga bisa"",negatif"
Pengguna Google,lagian heran pakek NPWP yg 15 digit sedangkan daftar NPWP pakek no nik yg 16 digit maksudnya bagaimana gak jelas,negatif
Pengguna Google,Gak iso login,negatif
Pengguna Google,trus gmn klo lupa password dan nomor HP nya ganti yg lm udah ilang,negatif
Pengguna Google,Developer nya gak kerja apa gmn sih bikin aplikasi kok gini,netral
Pengguna Google,verifikasi sms ga bisa apa ga punya pulsa???,netral
Pengguna Google,Ga bisa diakses sama sekali,negatif
Pengguna Google,pelayanan pajak prima dan praktis,positif
Pengguna Google,Masalah pajak ya djp online,netral
Pengguna Google,Bagus dan sangat membantu,positif
Pengguna Google,Proses permohonan efin tidak sampai 20 menitðŸ‘,positif
Pengguna Google,aplikasinya gak bisa di buka cui..,negatif
Pengguna Google,negara yg butuh ... kok suru rakyat yg ke kantor pajak ! efin di sms ke nope saja . gak ada waktu mau nyangkul baru dpt makan kami pak .ðŸ¤,negatif
Pengguna Google,Tdk berfungsi dgn baik.,negatif
Pengguna Google,Langsung uninstall lagi aplikasi gak berguna,negatif
Pengguna Google,Aplikasi korup banyak bug,negatif
Pengguna Google,Ribet banget mau ngurus pajak,negatif
Pengguna Google,Sekelas Indonesia bikin apk kayak gini aja ribetnya kaya lagi program nuklir. Anj,negatif
"Pengguna Google,""Ribet jirrr, kmana2 masuk harus pake EFIN tpi EFIN itu apa gk dijelasin n cara dapetnya pun gk dijelasin... Apk pemerintah ancuuuuuuuurrrrr"",negatif"
Pengguna Google,gk web gk aplikasi semua bermasalah dikit-dikit eror emang tua mana ngerti teknologi,negatif
Pengguna Google,Aplikasi punya pemerintah? Jangan harap masyarakat mudah menggunakanya,netral
Pengguna Google,kalo dialihkan ke coretax mending hapus aja dari play store ðŸ‘ŽðŸ‘ŽðŸ‘Ž,negatif
Pengguna Google,Bukan mempermudah rakyat ni aplikasi hapus aja ga guna,negatif
"Pengguna Google,""Ini gimna cara bikin NPWP online, web bermasalah terus"",negatif"
Pengguna Google,jelak sekali baru di buka keluar sendri,negatif
"Pengguna Google,""Lambat banget pelayannya, nunggu verifikasi saja harus berjam-jam"",negatif"
Pengguna Google,Lupa efin tapi saat verifikasi foto gagal terus.,negatif
Pengguna Google,keren dan bagus,positif
Pengguna Google,verifikasi lama masuk ya .bbyk yg perlu di perbaiki,negatif
"Pengguna Google,""Pada dasarnya rakyat emang jadi sapi perah, mau taat aturan aja dipersulit"",negatif"
"Pengguna Google,""Mau dattar akun (login) aja ribet, harus ada ini itu. ðŸ‘ŽðŸ‘ŽðŸ‘Ž"",negatif"
"Pengguna Google,""Loading buat masuk lamah bener kesel nunggu nya gk bisa"""""",negatif"
Pengguna Google,sangat sulit pelayanan di kantor pajak.,negatif
Pengguna Google,Lebih mudah & praktis,positif
Pengguna Google,Aplikasi rudet online online....server lemot....,negatif
"Pengguna Google,""kok bisaa ada aplikasi begini, ga guna asli"",negatif"
Pengguna Google,Mau masuk saja sudah di persulit apl apaan ini,negatif
"Pengguna Google,""Ini kah yg d namakan negara maju, sungguh birokrasi bobrok apakah mmg sengaja d settimg supaya budayakan nembak"",netral"
"Pengguna Google,""Live Chat dengan petugas gak nyambung2, buang2 waktu menunggu tidak ada kejelasan"",negatif"
"Pengguna Google,""aplikasi burik, ga kirim2 kode efin gua , lemot lagi"",negatif"
"Pengguna Google,""Tampilan elit, ngurus apa-apa syulit"",negatif"
"Pengguna Google,""Mau minta kode efin gak bisa Mulu , mau aplikasi atau web samaÂ² eror"",negatif"
Pengguna Google,verifikasi gak masukÂ² gimana ini kayak bukan aplikasi milik pemerintah aja,netral
Pengguna Google,Saya mau login tidak bisa Eror,negatif
Pengguna Google,Bukan aplikasi resmi dari pemerintah ya kawan-kawan,netral
Pengguna Google,Aplikasi tolol gagal mulu dongo. Pemerintah korup mulu idopt,negatif
Pengguna Google,sangat membantu dan tidak ribet,positif
Pengguna Google,Aplikasi ini dimanfaatkan untuk penipuan saya sempat terjebak,negatif
"Pengguna Google,""dimana mana aplikasi pemerintah kagak pernah bener, programmernya suruh belajar lagi wkwkwkwkw"",netral"
Pengguna Google,Kode OTP ga muncul muncul,netral
"Pengguna Google,""buka aplikasi aja susah,mental mulu.. ini aplikasi pemerintah woooy anggaran selangit."",netral"
Pengguna Google,Otp verif gabisa di klik,negatif
Pengguna Google,YAELAH APK GINI AJA GA BENER BENER. CARI VENDOR YANG BAGUS APA BIAR BIKIN APK BAGUS,netral
Pengguna Google,Ini g bisa buat lapor pajak y??,netral
Pengguna Google,Sangat baik dan diperlukan,positif
Pengguna Google,Mau laporan SPT saja susahnya minta ampun,negatif
Pengguna Google,Disiplin membayar pajak cermin budaya bangsa yang hebat,netral
Pengguna Google,Situs butut gak jelas kerjaan pada molor daftar npwp gagal mulu,negatif
Pengguna Google,Sangat bagus dan membantu,positif
Pengguna Google,Sumpah ini aplikasi kayaknya belum siap saya pusing 100x dari kayak punya utang di rentenir hufff tolong di permudah,netral
"Pengguna Google,""Aplikasi rusak, sekelas aplikasi Negara seperti ini... wkwkwkkwk"",negatif"
Pengguna Google,ampun dah tunggu kode OTP aja sampai maut jg kaga sampe....,netral
"Pengguna Google,""Lawak asli ini aplikasi, buang2 duit doang"",netral"
"Pengguna Google,""Sumpah ni apl benerÂ² mempersulit bgt, gak sesuai harapan"",negatif"
Pengguna Google,Ini menu laporannya mana ya? Ga jelas banget aplikasinya,negatif
"Pengguna Google,""Kantor pajak jakarta timur darah pasar rebo mau bikin NPWP aja dipersulit berbelit belit maksudnya apa coba udh 4 hari bikin NPWP aja sampe hari ini blm selesai, harus pake sogokan kah? Biar ga dipersulit heran?"",negatif"
Pengguna Google,Mengecewakan sekali aplikasi dari pemerintah!!!! Apa begini hasil kerja dari orang-orang dibalik aplikasi M-pajak?,negatif
Pengguna Google,Masuk akun tidak bisa,negatif
Pengguna Google,Jauh dari kata layak,negatif
Pengguna Google,Pajak buat bayar aparat yang se enak nya kepada rakyat ðŸ¤‘,netral
Pengguna Google,apk gak jelas menunggu notif verifikasi bisa sampe berjam jam,negatif
"Pengguna Google,""""""Tombol"""" Buat kode billing ndak aktif terus... ðŸ¤¦ tolooong!!!!"",netral"
Pengguna Google,APLIKASI BAPUK!!!! NARIK DUIT PAJAK AJA CEPAT APLIKASI GA BERFUNGSI GA DI BENERIN!!!! BLOKKK,negatif
"Pengguna Google,""apalah nik sama pasword udh sesuai masih salah malah eror, sampah"",negatif"
Pengguna Google,Sebagai warga yang baik taat pajak,netral
Pengguna Google,Lupa efin Ndak bisa lewat sini Susah amat,negatif
Pengguna Google,apk lemot klok developer ga niat bikin sklian ga ush bikin ruggi gw donload,netral
Pengguna Google,gimana cara daftar baru di DJP online dengan nomor pajak yang sama dengan nomor KTP..??,netral
Pengguna Google,buruk lemot. bgus app yg dlu.,negatif
Pengguna Google,login aja gabisa padahal udah dikasih surat penerbitan akun wajib pajak dari KPP,negatif
Pengguna Google,Aplikasi tidak berguna tidk bisa di pakai masih saja di jual,negatif
"Pengguna Google,""Terimakasih,, sangat membantu.."",positif"
Pengguna Google,Cek nmor pajak aja di buat ribet sedemikian rupa,negatif
"Pengguna Google,""gagak jelas,minta lupa EFIN melalui M-PAJAK VERIFIKASI GAGAL TERUS,PAYAH"",negatif"
Pengguna Google,Sumpah mau lapor pajak aja ribet banget,negatif
"Pengguna Google,""aplikasi scam, jangan input data apapun"",negatif"
"Pengguna Google,""bintang 4 dulu,nanti klo udah bisa baru bintang 5"",netral"
Pengguna Google,kenapa login selalu eror padahl sandi +no npwp sesuai,netral
"Pengguna Google,""ini pembuatnya kagak sekolah apa gimana, sekedar cek saja ngk bisa"",netral"
Pengguna Google,ribet banget ni aplikasi . login aja gagal terus,negatif
Pengguna Google,mau cek kode EFIN harus masukin no NPWP.. tapi yang bisa di masukin cuma 15 digit sedangkan no NPWP saya 16 digit.. gimana caranya tu biar bisa masukin 16 digit angka,netral
Pengguna Google,emang aplikasinya tak berguna menyulitkan,negatif
Pengguna Google,bikin aplikasi tapi mempersulit penggunanya,negatif
Pengguna Google,ini pasti apkikasinya tender gede tp yg ngerjain org magang,netral
"Pengguna Google,""aplikasi apaan ni, payah.....apa2 yg urusan dengan pemerintah emang emprottt"",netral"
Pengguna Google,tolong kenapa lama banget aplikasinyaðŸ˜­,netral
Pengguna Google,ga guna. sulit digunakan,negatif
Pengguna Google,Aktivasi gagal terusðŸ˜¥ðŸ˜¥,negatif
Pengguna Google,Aplikasi apaan ini woy kode efin ga bisa di tekan,negatif
Pengguna Google,masih mending dftr M paspor ketimbang ini.ribet banget.,negatif
"Pengguna Google,""gk bisa login, pdhl sandinya udh sesuai"",negatif"
Pengguna Google,aplikasi jelek mau livechat aja gabisa,negatif
Pengguna Google,apk bungol salah terus tiap masukan nik dan pw,negatif
Pengguna Google,sangat membantu bangeet trimakasih,positif
"Pengguna Google,""APLIKASI GA GUNA, PAJAKIN RAKYAT CEPET MAU DAFTAR RIBET HARUS KETEMPAT BUAT APA INI APLIKASI"",negatif"
"Pengguna Google,""jelek, ga bisa login, gak jelas"",negatif"
"Pengguna Google,""kode sms nya ga pernah masuk, kacau"",negatif"
Pengguna Google,Kenapa belum bisa login pakai KTP,negatif
Pengguna Google,mau regestrasi apa aja susah. terima kasih sudah saya UNINSTAL. by by,negatif
Pengguna Google,Dengan aplikasi Mpajak dangat membantu kami,positif
"Pengguna Google,""buruk banget aplikasinya, abisin anggaran doang."",negatif"
Pengguna Google,Kaga ada kode Verifikasi via e-mail ampe detik ini,negatif
"Pengguna Google,""kok susah banget, saya orang awam jadi males kayak ginian"",negatif"
Pengguna Google,bututttt percuma ada apk ini gk guna jugaa,negatif
Pengguna Google,map nya tidak akurat,netral
Pengguna Google,Jangan install aplikasi scam,negatif
Pengguna Google,busugggggg malah bisa login di web doang,netral
Pengguna Google,Aplikasi buruk susah percuma diinstal,negatif
Pengguna Google,aplikasi aneh paling teraneh,negatif
Pengguna Google,sudah cape smpe kekantor ny pun sama aja. kalo giliran uang cepat,netral
Pengguna Google,dari jawaban petugasnya tidak jelas dan tegas,netral
Pengguna Google,hari-hari nyuruh bayar pajak. Giliran rakyatnya mau bayar pajak aja malah dipersulit. Lawak lu,negatif
Pengguna Google,rating nya ini aplikasi bintang 1 semuaðŸ¤£ðŸ¤£ðŸ¤£ðŸ¤£,netral
Pengguna Google,mau masuk akun aja susahnya minta ampun,negatif
Pengguna Google,Nyampah doang gak bisa di buka,negatif
"Pengguna Google,""salah satu cara negara nyusahin rakyatnya. sudah disuruh bayar, disuruh wajib lapor pula. kalau alasan cara ini untuk menghindari pungli dan korupsi, berarti masalah seharusnya bukan dibebankan ke rakyat, menyulitkan rakyat & rakyat yg harus tanggung jawab tapi diperbaiki dan disempurnakan sistem yang ada sehingga memudahkan rakyat & gak ada risiko yang tidak diinginkan. kalau disuruh install app tapi apa2 musti ke KPP juga, kenapa gak sekalian pake cara lama aja?"",negatif"
Pengguna Google,banyak yang kesulitan masuk aplikasi ini.,negatif
Pengguna Google,ga jelas banget sistem otp nya,negatif
Pengguna Google,sangat membantu aplikasi dapat ini,positif
Pengguna Google,Gak jelas aplikasi nya gak bisa di pakai sama sekali,negatif
Pengguna Google,Sangat bagus dan membantu,positif
Pengguna Google,MENDING HAPUS AJA MIN DARI PLAYSTORE.,negatif
Pengguna Google,tidak bisa login,negatif
Pengguna Google,mending buat beli nasi goreng buget aplikasinya,netral
Pengguna Google,baru mau masuk udah error,negatif
"Pengguna Google,""disuruh entri npmor pwp 16 digit. tapi kolom yang tersedia cuma 15 digit, bagaimana solusinya bos"",netral"
Pengguna Google,waktu terbuang gara - gara aplikasi sampah,negatif
"Pengguna Google,""aplikasi tak berguna, hapus saja"",negatif"
Pengguna Google,aplikasi banyak bug nya,negatif
"Pengguna Google,""payah apk ini, beh susah susah"",negatif"
Pengguna Google,Tidak bisa digunakan,negatif
"Pengguna Google,""ni aplikasi gblog apa gmna baru install jg katanya """"ada update terbaru"""" .ndasmu a !!!"",netral"
"Pengguna Google,""ribet heyy , dana miliyaran applikasi buruk rupa"",negatif"
Pengguna Google,gak guna buangbuang duit negara aja,negatif
Pengguna Google,Aplikasi sudah bisa dibuka,netral
Pengguna Google,aplikasi tak beres. bintang 1.. makan kau la itu.,negatif
Pengguna Google,aplikasi yang tidak membantu,negatif
"Pengguna Google,""aplikasi tl*l, gw login di website bisa login disni pw salah terus ga jelas knt*l"",negatif"
Pengguna Google,apk pemerintah emng selalu kacau!,negatif
"Pengguna Google,""aplikasi busuk, kebanyakan korup"",negatif"
Pengguna Google,belum layak jdi aplikasi kalian ini dek,negatif
Pengguna Google,susah amat masuknya,negatif
Pengguna Google,masarakat dipersulit mendaftar jing,negatif
Pengguna Google,jelek banget error terus.,negatif
Pengguna Google,Asli busuk banget smpe pulsa hbis gk bisa verti otp,negatif
Pengguna Google,Sampah gbisa di gunakan buang waktu saja,negatif
Pengguna Google,Aplikasi error gk bisa buat akun apasih,negatif
Pengguna Google,Hanya user yg gaptek yg makiÂ² aplikasi ini.,netral
"Pengguna Google,""Ngk kekantor ngk di aplikasi sama"""" dibikin susah"",negatif"
"Pengguna Google,""apk gajelas, uang pajak kemana aje bikin ribet lu"",negatif"
"Pengguna Google,""mau daftar NPWP kok gbs sih,malah lgsg di suruh masukin NPWP sedangkan masih mau daftar"",netral"
Pengguna Google,ini cara lapor tahunan gimana ya tampilan aplikasi baru kok malah membagongkan,netral
"Pengguna Google,""APK GHOBLOK, NUNGGU SMS VERIFY AMPE BERJEMBOT KAGA MUNCUL2"",negatif"
Pengguna Google,aplikasi kebanyakan korupsi,netral
Pengguna Google,pantes GK masuk2 kode otp nya stelah baca komen GK tau nya emang bermasalah suasu...,netral
Pengguna Google,APLIKASI SAMPAH KAGA BISA DI KLIK DIEM DI LOGIN,negatif
"Pengguna Google,""susah loginnyaaa padahal udah bener, sama sama nyusahin rakyat kocak"",negatif"
Pengguna Google,Aplikasi terbodoh yg ada di indonesia,negatif
Pengguna Google,Menu perlu di benahi seperti adanya pelaporan SPT tahunan.,netral
Pengguna Google,Ngaco ini mah baru buka kluar sendiri aneh,negatif
Pengguna Google,aplikasi ini sangat membantu,positif
"Pengguna Google,""Min, data alamat kok nggak bisa diganti, padahal sudah pindah alamat ðŸ˜‚ðŸ˜‚ðŸ˜‚"",netral"
Pengguna Google,Alhamdulillah terima kasih kp2kp Majenang pengurusan NPWP lancar pelayanan ðŸ‘ðŸ‘ðŸ‘ðŸ‘â­,positif
Pengguna Google,susah banget GK kaya taun kemaren menu lapor aja GK ada e feeling jg dk ada mo lapor JD susah,negatif
Pengguna Google,sangat tidak berguna,negatif
Pengguna Google,makin kesini makin aneh ini aplikasi,negatif
"Pengguna Google,""Hati-hati guys, aplikasi ini bukan official dari pajak.."",negatif"
Pengguna Google,SERVER BAGUSIN. BUSUK BANGET APLIKASI PEMERINTAH,negatif
Pengguna Google,kagak bisa.. Ngaco nih,negatif
"Pengguna Google,""Sangat membantu aplikasi djp,,,,,,,,,,,,,,,, ðŸ‘ðŸ‘ðŸ¤"",positif"
Pengguna Google,Sudah id pw nya bnerr gak bisa masukk,negatif
"Pengguna Google,""Buruk dalam laporan SPT Web Cortex gak bisa nambah akun rekening bank , Kalau mau ke KPP ogah ketemu pegawai katrok galak pulak"",negatif"
Pengguna Google,Biar seneng dan lancar,netral
Pengguna Google,sering susah aksesnya,negatif
"Pengguna Google,""gak guna, serba ribet"",negatif"
Pengguna Google,ga ngerti orang pajak tololnya kebangetan dan mempersulit hidup orang Indonesia,negatif
Pengguna Google,Aplikasi tolol kode otp salah terus,negatif
"Pengguna Google,""Satu kata, cacat"",negatif"
Pengguna Google,Belum dipake dah minta update aplikasi tolol pemerintah dongo semua tua bangka tolol,negatif
Pengguna Google,Aplikasi nggak berkwalitas,negatif
Pengguna Google,gak bisa login,negatif
"Pengguna Google,""Ga bisa login pakai NIK, field ID cuman 15 karakter, sementara nik ada 16 -_-."",negatif"
"Pengguna Google,""Kode verifikasi lupa efin kok tidak masuk"""" ya?"",netral"
"Pengguna Google,""Duit update system ,dipake buat beli rubicon apa?"",netral"
Pengguna Google,APLIKASI SAMA WEBSITE SAMA AJA SAMPAHNYA MAU BIKIN AKUN CORETAX GAK BISA BISA KODE VERIFIKASI NOMOR GAL DIKIRIM KIRIM UDAH DIULANG 2 HARIAN APLIKASI SAMA WEBSITE SAMA SAMA SAMPAH GAK ADA KODE DIKIRIM BENERIN DONG TOLONG,negatif
Pengguna Google,APP RUSAK. GA MUDAH DI PAHAMI DAN SUSAH DI GUNAKAN. SAYA YANG TERBILANG MUDA AJA PUSING. APALAGI ORANG ORANG LANJUT USIA YANG MENGGUNAKAN APP INI. SEMUA APP NEGARA ANEH ANEH. GAPAHAM LAGI SAMA +62,negatif
Pengguna Google,Aplikasi Tolollll. Masukin Chapta Udh bener katanya salahhh.,negatif
Pengguna Google,Aplikasi gak guna mau login aja susah,negatif
"Pengguna Google,""Gak jelas, gak bisa loading"",negatif"
Pengguna Google,Aplikasi banyak bug,negatif
"Pengguna Google,""Saya sudah download dan sudah dihapus lagi, gblk"",negatif"
Pengguna Google,Kode Verifikasi tidak muncul,netral
Pengguna Google,bagus bs diakses dmn aja,positif
Pengguna Google,lah ini gimana NPWP searang udah 16 digit terus gimana mau dapatin EFIN,netral
"Pengguna Google,""KITA YANG MAU BAYAR PAJAK MALAH DI PERSULIT DGN SISTEM YG ADA, HERAN ðŸ§ðŸ§ðŸ§ðŸ˜‚ðŸ˜‚ðŸ˜‚ðŸ˜‚"",negatif"
Pengguna Google,Kartu atas saya koc belum ada juga ya pak/bu Kenapa?,netral
"Pengguna Google,""Parah ini, sekelas aplikasi Pemerintah pusat error terus"",negatif"
Pengguna Google,aplikasi tolol kebanyakan korupsi,negatif
Pengguna Google,aplikasi ga guna isinya korup,negatif
Pengguna Google,ini aplikasi apa anj masa mau aktivasi pun di persulit,negatif
Pengguna Google,kocak ribet amat bikin NPWP jugaa nunggu email kaga muncul muncul,negatif
"Pengguna Google,""minta pajak gerecep, giliran niat lapor, akses apk dh hampir gila.masa kalah sm swasta"",negatif"
Pengguna Google,Saya sudah berapa kali coba tetaapp salah teruss,netral
Pengguna Google,Aplikasi *** verifikasi aja kaga keluar-keluar,netral
Pengguna Google,pegawai pajak mukanya asem.. mereka lupa darimana asal duitnya mereka bisa gajian .. ya dari rakyat yg bayar pajak tp perlakuanya naudzubillah,netral
"Pengguna Google,""korupsi trus anggaran tuh, buat apk aja gak becuss"",negatif"
Pengguna Google,Apk super busuk sma skali tdk berguna,negatif
"Pengguna Google,""Kode token nya kelamaan di kirem ke email nya, ðŸ˜"",netral"
"Pengguna Google,""Nomor NPWP saya 16 angka, tapi dikolom pembuatan EFIN terdiri dari 15 angka. Kurang 1 angka. Solusinya dong"",netral"
Pengguna Google,Segala macem aplikasi pemerintah pasti kek gini..,netral
Pengguna Google,aplikasi cacat. kebanyakan korupsi sih lu aplikasi aja cacatnya minta ampun,negatif
"Pengguna Google,""apk apa ini cok, login aja gabisa"",negatif"
Pengguna Google,AmitÂ² dah. Bikin web aja gk bisa. Eror mulu bikin emosi jiwa ðŸ¤¨,negatif
Pengguna Google,Minimal mobile appnya dikembangin dulu sebelum ngerepotin rakyat,negatif
Pengguna Google,lemot banget. gajelas. verifikasi lama banget nunggunya,negatif
Pengguna Google,parah verif efin gagal mulu salah mulu padahal udah sesuai ktp percuma,negatif
Pengguna Google,gabisa dibuka aplikasinya mental terus ðŸ˜‚,negatif
Pengguna Google,yg bikin nya kaya gimana sih ngerti bikin apk kh,netral
Pengguna Google,Percumah kita mau taat pajak aja susah birokrasi ribet aplikasi lemot buat pengurusan gimana negara mau makmur,netral
Pengguna Google,Kode Verifikasi lambat masuknya sampe expired,negatif
Pengguna Google,Buat kode billing g bisa kenapa dg aplikasi ini,netral
Pengguna Google,SEMUA MENU SUDAH KADALUWARSA..PERCUMA ADA MENU GA BERGUNA ..APLIKASI SPAM,negatif
Pengguna Google,sebagai warga negara yang baik kita harus lapor pajak tahunan ...ðŸ˜Š,netral
Pengguna Google,masuk ke akun sendiri saja susah. verifikasi efin selalu gagal.,negatif
Pengguna Google,Saya sangat puas menggunakan aplikasi Pajak ini. Thank you,positif
"Pengguna Google,""gk guna, coretax eror trus ke kntor pajak katanya hrus onlen buat npwp."",negatif"
Pengguna Google,sangat tidak bermutu ni appk,negatif
"Pengguna Google,""Aplikasi sampah, buat login aja susah"",negatif"
Pengguna Google,aplikasi GAK GUNA... sudah 2 hari di coba selalu eror.. buang2 anggaran negara.. mending di hapus aja ni aplikasi bodoh,negatif
"Pengguna Google,""Aplikasi jelek, ga bisa masuk"",negatif"
Pengguna Google,bener bener.. cuma buat log in susahnyaaaaaaaaaa,negatif
Pengguna Google,ini aplikasi dengan biaya pengembangan 1 triliun?,netral
Pengguna Google,payah udah 3 hari minta otp gaada masuk terus ke pesan,negatif
Pengguna Google,Apk Nggak Berguna Ngabisin Uang Negara Nggak Ada Fungsi,negatif
Pengguna Google,Pegawai pajak ini kerja apa ngga ya sistem nya kok eror terus,negatif
"Pengguna Google,""mau login minta kode verif, tapi kodenya gak masuk masuk kocak"",netral"
Pengguna Google,Mau mintak verifikasi efin aja sulit nya oiiii,negatif
Pengguna Google,Bisa ga di aplikasi penting kaya gini tuh di urusin?,netral
Pengguna Google,Mau riset kata sandi aja susah. Aplikasi negara indonesia kan ini ya?,negatif
"Pengguna Google,""Bukan produk buatan negara KALAU ISINYA SELALU RIBET & BERMASALAH, GANGGUAN SERVER, TIMBUL BANYAK MASALAH... AYO TINGKATKAN SDM YANG AHLI KORUPSI.."",negatif"
Pengguna Google,gara gara kelemotan aplikasi gua jadi gagal interview,negatif
"Pengguna Google,""mau taat pajak aja susah,apk gembel"",netral"
"Pengguna Google,""Gk jelas, login kg bisaÂ², udah tau mau buat NPWP"",negatif"
Pengguna Google,Lambat sekali sistem nya,negatif
Pengguna Google,Server lemot sama lemotnya inovasi pemerintah...,negatif
Pengguna Google,Aplikasi negara kok gini amat susahnya,negatif
Pengguna Google,minta efin ajah ribet banget..kode verifikasi kaga dapet dapet sms nya,negatif
"Pengguna Google,""membuat NPWP susah, udah pajak, susah, pajak gblk"",negatif"
"Pengguna Google,""Login nya lama bgt, buang buang waktu. Tolong dibenahi."",negatif"
"Pengguna Google,""Udh diklik tetap aja ga masuk"""" Server eror terus masa?"",negatif"
Pengguna Google,Memudahkan dalam pelaporan SPT tahunan,positif
Pengguna Google,Aplikasi nya sering eror jadi kesel,negatif
Pengguna Google,mau daftar aja di persulit benerin dulu tu server,negatif
Pengguna Google,Verivikasi email gak di kirim2,netral
Pengguna Google,Susah masuk... Napa sih buat aplikasi GK berguna???,negatif
"Pengguna Google,""Payahh, verifikasi otp aj ga bisa di pencet"",negatif"
"Pengguna Google,""Ya gini kalo dana buat aplikasi di korup, memalukan"",netral"
Pengguna Google,Ini aplikasi paling busuk yang pernah ku install.,negatif
Pengguna Google,Ud di isi dan foto ternyata gagal..,negatif
"Pengguna Google,""apk ga guna,di web nya bisa dibuka giliran di apk katanya username sama password nya salah .kan apk bego"",negatif"
Pengguna Google,Website pendaftaran sangat buruk,negatif
Pengguna Google,Pajak masuk negara kuat,netral
"Pengguna Google,""apaan sih, kolom pekerjaan minta di isi Mulu, gua udah gunta ganti masih aja minta di isi rusak rusak"",negatif"
"Pengguna Google,""Ribetnya buat NPWP, nggak usah bayar pajak, toh penghasilanku di bawah batas PTKP"",negatif"
"Pengguna Google,""Aplikasi sampah, gagal terus"",negatif"
"Pengguna Google,""aplikasi sampah, website nya pun juga sampah"",negatif"
"Pengguna Google,""Aplikasi sampah buang"""" anggaran ajaa ga guna!"",negatif"
"Pengguna Google,""Aplikasi useles, niat melayani tidak anda2 ini!!!!"",negatif"
"Pengguna Google,""Verifikasi code masuk nya lama,"",negatif"
Pengguna Google,verivikasi email aja banyak banget dramanya,netral
Pengguna Google,Gak bisa login ini gimana NPWP,negatif
Pengguna Google,Gabisa login eror mulu!!,negatif
Pengguna Google,Lebih cepat dan mudah,positif
Pengguna Google,Sangat membantu kemudahannya,positif
"Pengguna Google,""Gak bisa login,erorr"",negatif"
Pengguna Google,Apasi... Gk bisa login effin udh bener juga,negatif
Pengguna Google,Erorr ngerestar mulu ini tolong ditingkatkan lagi,negatif
"Pengguna Google,""aplikasi buatan negara, gaada yang bener sistemnya WKWKWKWK"",netral"
Pengguna Google,Ko ga bisa dibuka aplikasinya,negatif
Pengguna Google,kenapa di download saja ngk bisa?,netral
Pengguna Google,Aplikasi tidak bisa di buka,netral
Pengguna Google,Web sampah! Percuma bayar pajak!,negatif
Pengguna Google,Baru aja downloan masa 5menit disuruh update aplikasi apaan ini,netral
Pengguna Google,ah link pendaftaran gak bisa di akses,netral
Pengguna Google,Payah aplikasi nya gagal terus mau minta kode efin aja,negatif
Pengguna Google,Aplikasi TDK biasa buka dn tidak berguna,negatif
Pengguna Google,Tidak membantu sama sekali. Gitu aja udah.,negatif
"Pengguna Google,""Kirim kode verifikasi mau berapa lama ini, buang2 waktu"",negatif"
Pengguna Google,cuma biar bisa dapat efin aja sangat dipersulit. ðŸ‘Ž,negatif
Pengguna Google,Aplikasi kok lemot banget,negatif
Pengguna Google,Masa mau masukin tanggal lahir malah gak ada angka 12 nya sih,netral
Pengguna Google,aplikasi aneh. GX ada menu aktifasi,negatif
"Pengguna Google,""1 untuk login susah, selalu salah"",negatif"
Pengguna Google,Kenapa aplikasi/web pemerintah selalu bikin emosi ya?,negatif
Pengguna Google,tidak bisa input npwp,negatif
"Pengguna Google,""aplikasi keluar terus, gak jelas..!!!"",negatif"
"Pengguna Google,""Daftar npwp online pdf gk diberi kartu gk dikasih, sudah nelpon 1500200 masih ruwet"",negatif"
Pengguna Google,Parah banget ini aplikasi.. Memalukan,negatif
Pengguna Google,dipaksa baye pajak dinegara yg kocak minim digital.. anyinh,negatif
Pengguna Google,Aplikasi TOLOL ! Mau masuk aja susah,negatif
Pengguna Google,Seharusnya kalau gagal itu dikasih keterangan penyebab gagalnya.,negatif
"Pengguna Google,""mau gua bayar gak ini pajakk , daftar doamg sulitt cuuuihh"",negatif"
"Pengguna Google,""Nyesel gw download ga liat ulasannya dulu, alhasil beneran dong apk buruk"",negatif"
Pengguna Google,saya tidak bisah cetak kartu NPWP di kantor npwp gimana caranya supayah saya bisah cetak kartu npwp,negatif
Pengguna Google,Aplikasi paling bobrok seumur hidup yg pernah saya temui,negatif
Pengguna Google,situs tidak dapat dijangkau ðŸ¤£ðŸ¤£ðŸ¤£,netral
Pengguna Google,Tidak bisa maduk untuk verifikasi,negatif
"Pengguna Google,""Aplikasi tolol ,it nya suruh belajar lagi"",negatif"
Pengguna Google,Mempunyai NPWP ribet ini lah itu.apa lgi ngurus efin ah.mending gak ush punya NPWP.. bikin susah,negatif
Pengguna Google,Gangguan terus app gk guna,negatif
Pengguna Google,Udah habisin dana banyak ini hasil nya? Wkakakakak lawak,netral
"Pengguna Google,""Lambat, pelayanan buruk, udah gausa sok sok online:)"",negatif"
Pengguna Google,aplikasi ga sesuai anggran pembuatan,netral
"Pengguna Google,""Login GK bisa.. GK di web atau di apk, sama saja.."",negatif"
"Pengguna Google,""aplikasi tertolol, pemerintahan macam apa ga becus bikin aplikasi"",negatif"
"Pengguna Google,""ini aplikasi nda guna, mau daftar aja susah"",negatif"
"Pengguna Google,""Bikin APPS KEK ANAK ANAK PKL , ORANG SURUH ONLINE TAPI KAGAK SIAP DENGAN SISTEM LOL"",negatif"
Pengguna Google,Percuma pake aplikasi kalo GK bisa daftar lewat aplikasi,negatif
Pengguna Google,Kode OTP ga muncul muncul terus,negatif
Pengguna Google,Perentiah 4njing habisian duit negara buat aplikasi kayak t4ik,negatif
Pengguna Google,benar benar menguras emosi sih.. parah.. ðŸ˜¡ðŸ˜¡,negatif
"Pengguna Google,""APK SAMPAH, NPWP NIK PASSWORD SUDAH SESUAI TETEP GAK BISA MASUK, DI WEB PUN JUGA BEGITU"",negatif"
Pengguna Google,Aplikasinya Bagus banget keren ðŸ‘ðŸ‘ðŸ‘,positif
"Pengguna Google,""Webnya eror, gak bisa ngisi kode wilayah"",negatif"
Pengguna Google,Baru buka langsung tutup aplikasi sendiri,negatif
Pengguna Google,Aplikasi tolol di buat ga guna baget,negatif
Pengguna Google,Gak bisa buat log in,negatif
Pengguna Google,Simple dan bermanfaat,positif
"Pengguna Google,""Siapa pembuat blog djp.? Ko di buat serumit mungkin, biar orang pada susah bikin npwp dan ngurus pajak ya? Mau buat npwp ko malah terus terusan ditanya no npwp berapa?"",negatif"
Pengguna Google,Masih belum bisa aplikasinya,negatif
"Pengguna Google,""Perbaiki sistemnya, sekelas apk nasional kayak trash banget, ga niat amat udah digaji warga"",negatif"
Pengguna Google,Kenapa ya setiap aplikasi tentang instansi pemerintah pasti bobrok gak bergunaa,negatif
"Pengguna Google,""Ini aplikasi kok muter"""" Terus mau login Gimana sih"",negatif"
"Pengguna Google,""Aplikasi rusak,nyusahin aja"",negatif"
Pengguna Google,Mau bikin nomor efin gagal terus :(,negatif
Pengguna Google,email aktivasi gak pernah dikirim,netral
Pengguna Google,Gini amat aplikasi bug sana sini,negatif
Pengguna Google,Aplikasi Tidak mempermudah.,negatif
Pengguna Google,Aplikasi mempersulit bayar pajak,negatif
Pengguna Google,Aplikasi nya eror mulu gmana ya,negatif
Pengguna Google,Verifikasi efin gagal terus,negatif
Pengguna Google,Apakah ini bisa di akses 24 jam.. ðŸ˜¬Aku pengen misoh,netral
Pengguna Google,Aplikasi sekelas milik negara kok kayak gini sih...ðŸ˜‚ðŸ˜‚ðŸ˜‚,netral
Pengguna Google,Buang buang duit aja bikin aplikasi ga guna,negatif
Pengguna Google,Kenapa ini aplikasi susah di donwloat aplikasi lemot bangke,negatif
Pengguna Google,Saya suka sekali aplikasi ini sangat membantu,positif
Pengguna Google,System konyol tidak ada satupun bintang 5 .,netral
"Pengguna Google,""Susah login,,, ngga kaya dulu"",negatif"
Pengguna Google,Sekarang kalau lupa efin bisa lewat aplikasi ini. Mantabbb,positif
"Pengguna Google,""Terimakasih.., semoga kedepan makin meningkat manfaatnya."",positif"
Pengguna Google,Sebenarnya pengen menghina habis-habisan untuk app ini...,netral
Pengguna Google,gk heran klo app yg dikelola pemerintah,netral
Pengguna Google,APLIKASI SANGAT BURUK DAN TIDAK MEMBANTU,negatif
Pengguna Google,Kenapa profil saya error,negatif
Pengguna Google,Ribet dan sering error,negatif
Pengguna Google,tidak bisa log in minta ini itu apalah tidak berguna buat rakyat,negatif
Pengguna Google,Aplikasi taaaaeeekkkkkkkk...... udah itu aja...,negatif
Pengguna Google,Sangat lengkap infonya,positif
Pengguna Google,Aplikasi yg paling dimengerti,positif
Pengguna Google,Sistemnya sangat buruk,negatif
Pengguna Google,Terima kasih mudah dipahami,positif
Pengguna Google,Aplikasinya kurang bgus mhon diperhatikan,netral
Pengguna Google,instal ya lama bgt ya.kenapa ya,netral
Pengguna Google,Saya sangat terbantu dg ada nya aplikasi iniðŸ‘ðŸ‘,positif
Pengguna Google,Sangat mempermudah mengakses PPH,positif
"Pengguna Google,""WOYYY, KLO UDH ADA APK NGAPAIN PAS LUPA KATA SANDI DIARAHKAN KE WEB? GA GUNA BGT DEHH TOLOLLL, UDH DIPERSULIT DI WEBNYA EROR MULUUU, GILIRAN DOWNLOAD APK MALAH KEK TAIK NGENTOTT, PDHL INI INSTANSI SEKELAS DIRJEN PAJAK BUKAN ECEK2, GAK MUTU BGT"",negatif"
Pengguna Google,Ini aplikasinya kenapa? kok tidak bisa buat akun,netral
Pengguna Google,Tidak dapat login,negatif
Pengguna Google,Susah sekali melakukan pendaftaran,negatif
Pengguna Google,Aplikasi tolol parah ga guna bakar aja servernya,negatif
Pengguna Google,Uang2 kita kenapa yang mengurus laporan kita juga,netral
"Pengguna Google,""Gk kongkrit bener tetep ajah harus ke kantor pusat minta si Upin Ipin nya,"",netral"
Pengguna Google,Terimakasih sangat membantu program pemerintah,positif
"Pengguna Google,""Gak bisa login ya Allah,,,,, knp"",negatif"
Pengguna Google,Minta bantuan masalah EFIN. Malah langsung kabur CS nya. Niat mau bayar pajak tapi GK dikasih EFIN. Lucu banget,netral
Pengguna Google,Sangat bagus dan memuaskan,positif
Pengguna Google,Mantap..lebih memudahkan masyarakat Indonesia dalam urusan pajak.,positif
"Pengguna Google,""Mantabb , kerenn . Terus tingkatkan!"",positif"
Pengguna Google,Aplikasi hari ini sedang bermasalah....,netral
Pengguna Google,Aplikasi bagus syaratÂ² yg dibuat ribettt,negatif
Pengguna Google,mau login aja susah banget,negatif
Pengguna Google,Mantap sangat membantu,positif
Pengguna Google,Aplikasi ga bisa digunakan,negatif
"Pengguna Google,""TIDAK BISA MASUK MAU DI APLIKASI ATAU PUN DI GOOGLE CROME SELALU GAGAL MULU!!,KATANYA DATA GAK ADA,PADAHAL KALU DICEK BISA MUNCUL!!"",negatif"
Pengguna Google,hapus aja ini aplikasi dari play store,netral
Pengguna Google,Mau aktivasi malah eror terus gmna ini ?,negatif
Pengguna Google,Knp aplikasi pemerintah selalu buruk? Jawab jawab!!,netral
Pengguna Google,Aplikasi ribet mau lapor SPT TAHUNAN MALAH SUSAH... Bangke,negatif
Pengguna Google,Kenapa ya stiap saya masuk ke akun ga bs2 apa lg eror..,negatif
Pengguna Google,Pembuat aplikasi nya kurang bagus,netral
Pengguna Google,Ribet!!!! jadi faham ma kerjanya pd bobrok semua!!!,negatif
Pengguna Google,Susah banget daftar npwp online loading mulu,negatif
Pengguna Google,Mang ga ada yg lebih sulit lagi!,negatif
Pengguna Google,Perbaiki situs kalian!!!! Ngurus web aja gak becus,negatif
Pengguna Google,Aplikasi apaan gk bisa di pake.,negatif
Pengguna Google,Tidak membantu sama sekali. Hapus aja,negatif
Pengguna Google,aplikasi parah gak guna.,negatif
"Pengguna Google,""Belum mengerti saya dg aplikasi ini, buat apa ya?"",netral"
"Pengguna Google,""Siapa yg bikin aplikasi ini, buruk banget"",netral"
"Pengguna Google,""Aplikasi kemplo, buang-buang duit negara"",netral"
Pengguna Google,Buat apa bikin aplikasi kalau gak guna sama sekali?!,negatif
Pengguna Google,Aplikasi terhenti stuck,negatif
Pengguna Google,Keseringan errornya,negatif
"Pengguna Google,""Aplikasi apa ini,buat tanya2 susah,ribet."",negatif"
Pengguna Google,Aplikasi g guna susah login!!,negatif
Pengguna Google,Pelayanan WP semakin transparan ðŸ‘,positif
Pengguna Google,Coba rekruitmen IT ya yg pinteran dikit.,netral
"Pengguna Google,""""""Sayangnya M-Pajak telah berhenti"""" melulu.."",netral"
Pengguna Google,Mau masukin nik tapi gabisa terus,negatif
Pengguna Google,Di web atau aplikasi samaÂ² lemot,negatif
Pengguna Google,Apk nya nyusahin. Mau login bilangnya npwp sm sandi salah. Gila.,negatif
Pengguna Google,Mudahkan jaringan ini,positif
Pengguna Google,Trus update biar lebih mantap,positif
"Pengguna Google,""Aplikasi gk jelas,bikin akun cuma muterÂ² aja"",negatif"
"Pengguna Google,""""""WAJIB LAPOR PAJAK"""" pas ngelapor malah dipersulit"",negatif"
Pengguna Google,Kenapa apps pemerintah gada yg beres ya,netral
Pengguna Google,Sangat Membantu aplikasi ini,positif
Pengguna Google,Kagak bisa login ya.,negatif
Pengguna Google,sampah tidak bisa di gunakan,negatif
"Pengguna Google,""D perbaikin dong aplikasi nya, jgn mau duit nya doang"",netral"
"Pengguna Google,""Pengajuan lupa efin gk bisa2,gagal terus ðŸ˜´"",negatif"
Pengguna Google,aplikasi ga bisa dipakai,negatif
Pengguna Google,bagus dan mantap,positif
"Pengguna Google,""Saya mau cek efin kg bisa# ya, gagal trs"",negatif"
Pengguna Google,Sampah memang gk bisa registrasi,negatif
Pengguna Google,Astagaa... Sekelas negara buat aplikasi kalah ama soppee,netral
Pengguna Google,Email akvifasi saya kenapa belum dikirim,negatif
Pengguna Google,Kok gak ada menu robicon?,netral
Pengguna Google,Apk paling buruk yang pernah aku temui,negatif
Pengguna Google,Mohon aplikasi di hapus dari play store.,negatif
Pengguna Google,Mau nya online ..jaringan nya lemooot ..payaaah,negatif
Pengguna Google,Ga bisa daftar online,negatif
Pengguna Google,Aplikasi negara kok begini... Tim ahlinya NGACO,negatif
Pengguna Google,sangat tidak membantu eror terus,negatif
"Pengguna Google,""Tlong lh sy udh bnyk hbiss plsa bkin ini,di blng no otp berhsil truss di blng no hp valid gamn sih"",netral"
Pengguna Google,bapak/ibu terhormat ini aplikasi gabisa login wei?,netral
Pengguna Google,Ribet poll masa mau minta efin aja susah gk lengkap buat apa klau dsni gk lengkap,negatif
Pengguna Google,Alhamdulillah sangat membantu.,positif
Pengguna Google,Apk gak bisa di buka,negatif
"Pengguna Google,""Ribett x kyk uppriittt, lupa sandi aja ribet x proses oemulihannya. Taik"",negatif"
Pengguna Google,Belum berfungsii,negatif
Pengguna Google,Aplikasi gak jelasss input NIK kok kuarang 1,negatif
"Pengguna Google,""Aplikasi sampah,gak guna"",negatif"
Pengguna Google,Cuma blank putih saja. Ngabisin kuota sia sia,negatif
Pengguna Google,Data dah bener semua masa salah ðŸ¤¦,negatif
Pengguna Google,Gak guna cok sruh nunggu 10 mnit krim kode nmor dah bner. Tpi gk ad sms msuk. Lawak,negatif
Pengguna Google,Ribet banget daftar nya bos,negatif
"Pengguna Google,""aplikasi sampah, sampah dan sampah,"",negatif"
Pengguna Google,Masukin nik cuma bisa 15 angka saja,negatif
"Pengguna Google,""Aplikasi pemerintah,,nasib nasib"",netral"
Pengguna Google,bikin aplikasi gabisa dipake buat apa dah?,netral
Pengguna Google,mau lapor pajak aja ko ribet amat,negatif
Pengguna Google,Tidak bisa up date data pribadi ( alamat tinggal ),netral
Pengguna Google,Sangat tidak membantu,negatif
Pengguna Google,ini saya buat efin tapi kok sampe sekarang belum di kirim ya email nya,netral
Pengguna Google,Kode otp ga kekirimÂ² padahl udh nunggu lama,negatif
Pengguna Google,gagal terus apknya gk jelas,negatif
"Pengguna Google,""Membantu banget everybody, donk."",positif"
Pengguna Google,Aplikasi Ilegal dan tidak berguna,negatif
Pengguna Google,Sdh di isi sesuai permintaan tetap salah terus,negatif
Pengguna Google,Aplikasinya tidak dapat digunakan,negatif
Pengguna Google,Aplikasi taee.. pemerintah klw bikin apa2 gak pernah beres,netral
Pengguna Google,Gae akun e angel eram gak ndang dadiÂ² ngentekne pulsa tok cok!,negatif
Pengguna Google,Mau bayar pajak aja ribet ini......!,negatif
"Pengguna Google,""RIBET ANJENG, NYURUH WARGANYA WAJIB PAJAK, MAU NGURUS AJA DIPERSULIT."",negatif"
Pengguna Google,susah bet mau ngapaÂ²in ga bisa ribet,negatif
"Pengguna Google,""bayar pajak aja ribet dah, wakanda.... wakanda...."",negatif"
"Pengguna Google,""Gak berguna, data nik diambil, tp verif gagal"",negatif"
Pengguna Google,Aplikasi gk pernah jelas,negatif
Pengguna Google,Tidak bisa di akses,negatif
Pengguna Google,Apakah Pajak ini sama dengan Palak?,netral
Pengguna Google,Kwalitasnya seperti gk berguna samasekali,negatif
Pengguna Google,Internet cepet buat apa? Lapor pajak aja susahðŸ¤¦lemot,negatif
Pengguna Google,Efin knp tdk bisa online saja ribet banget,negatif
Pengguna Google,Saya Download Hanya Ingin Masuk Konten Tretan Muslim AjaðŸ˜hehe,netral
Pengguna Google,Susah banget untuk medapatkan kode efin naya,negatif
"Pengguna Google,""Kea da'a ngoni p aplikasi ini, so ulang2 isi data tpi gagal turus ðŸ‘Ž"",negatif"
Pengguna Google,Kualitas nya msh buruk,negatif
Pengguna Google,Aplikasi tolol kek yang buat,negatif
"Pengguna Google,""Aplikasi ga jelas, login aja susah"",negatif"
Pengguna Google,Byr pajak dong saya mw beli rubicon,netral
Pengguna Google,Indonesia lagi butuh orang pintar,netral
Pengguna Google,Udh ngisi data bener gagal bae,negatif
Pengguna Google,Apk nya blm layak pakai,negatif
Pengguna Google,Pas udah ngisi semua mala gagal,negatif
Pengguna Google,Bagus sangat BermÃ npaat,positif
Pengguna Google,Aplikasi gakbisa dibuka,negatif
Pengguna Google,Aplikasi terburuk di planet ini,negatif
"Pengguna Google,""Gimana nggak keren, urusan Perpajakan sekarang udah bisa Kita lakukan lewat M-Pajak. ðŸ˜ŽâœŠ"",positif"
Pengguna Google,Loe olang memang PANTAS.. Memang pantas untuk OE HANTAM ðŸ‘©â€ðŸ¦²ðŸ‘ŠðŸ‘ŠðŸ‘Š baru bikin akun sudah keblokir... phei phei phei,negatif
"Pengguna Google,""Chapca gamuncul2 di web, dfatar npwp hrs pake pungli mulu heran"",netral"
Pengguna Google,Gak sinkron saat narik nik pas lupa efin,netral
Pengguna Google,aplikasi busuk.kirim kode verifikasi lama banget.,negatif
Pengguna Google,Buat billing gak bisa,negatif
Pengguna Google,tidak bisa di gunakan,negatif
Pengguna Google,Bukan Makin Enak Tapi Makin Rumit.,negatif
"Pengguna Google,""Aplikasi g guna,, kyk kantornya"",negatif"
Pengguna Google,Gagal trus apk ga layak,negatif
"Pengguna Google,""Aplikasi nya parah mau login lemot bngt GK BS"""""",negatif"
Pengguna Google,Apk layanan publik yg sangat burik,negatif
Pengguna Google,1500200 pelayanannya kurang tidak memuaskan,positif
Pengguna Google,Masak mau login nggk bisa,negatif
Pengguna Google,baru download mau register gk bs aplikasi sampah,negatif
Pengguna Google,baru nyoba dibuka aplikasi Error,negatif
Pengguna Google,Capthca ereg ga bisa terus,negatif
Pengguna Google,mw bikin npwp aja susah bgt payahðŸ‘ŽðŸ‘Ž,negatif
Pengguna Google,Cukup rating yang bicara,netral
Pengguna Google,Parah ngga bisa dibuka...aplikasi pemerintah padahal ini....,netral
Pengguna Google,aplikasi anjingg mempersulit kebanyakan erorr monyett,negatif
Pengguna Google,Buang2 anggaran buat aplikasi ini,netral
Pengguna Google,Lupa efin tidak bisa verifikasi,netral
Pengguna Google,Aplikasi cacat restart terus,negatif
Pengguna Google,Aplikasi Sampah bukan membantu rakyat malah bikin musingken rakyat.ga jelas Kominfo,negatif
Pengguna Google,Kecewa pelayanannya,negatif
Pengguna Google,Sudah bagus hanya saya mau cek nmr NPWP saya,positif
Pengguna Google,Aplikasi gangguan terus,negatif
Pengguna Google,Aplikasi pemerintah gak ada yang bener,netral
Pengguna Google,Mohon lebih di tingkatkan unt pelayan,netral
Pengguna Google,Susah banget mau buat NPWP nya otp GK dapet2.. payahh,negatif
Pengguna Google,Eror dan tidak berguna !!!!!,negatif
Pengguna Google,Todak mendapatkan email verifikasi...,negatif
Pengguna Google,Gak membantu sama sekali,negatif
Pengguna Google,Memudahkan dalam lapor pajak,positif
Pengguna Google,Aplikasi sampah sampah,negatif
"Pengguna Google,""Petugas pajak kota serang kenapa jutek"""" ya. Loket 13 yg buka cm 3. Parah perusahaan negara begini"",netral"
"Pengguna Google,""MAKAN DUIT RAKYAT NYE DOANG , APLIKASI BOBROK , RAKYAT SURUH BAYAR PAJAK TAPI PERPAJAKAN NGERIBETIN RAKYAT KAN KOCAK. APLIKASI BUMN EMG GA ADA YG BENER , RATING DI PLAYSTORE DIBAWAH 3 SEMUA TOLOL"",negatif"
Pengguna Google,Parahhh lah mau login aja susah bner,negatif
Pengguna Google,aplikasi ini menipu..ini bukan aplikasi pajak tapi aplikasi scam.,negatif
"Pengguna Google,""ribet ,susah mau login juga"",negatif"
Pengguna Google,Tolong kalau kerja yang serius,netral
Pengguna Google,ribet dan tidak membantu,negatif
"Pengguna Google,""otp email lama ,, ampe kiamat gak di kirim2"",netral"
Pengguna Google,bagaimana cara untuk pelaporan bukti potongan pajak pph21 di aplikasi?,netral
"Pengguna Google,""Aplikasi yang bagus, ini bintang darikuðŸ˜¹"",positif"
Pengguna Google,Korup anggaran mulu ya gini,negatif
"Pengguna Google,""tidak berguna buang-buang waktu,"",negatif"
Pengguna Google,Gak bisa loginn,negatif
Pengguna Google,Susah......loding terus....,negatif
Pengguna Google,Menyusahkan masyarakat dalam membayar pajak dan mebuat praktek pungli baru,negatif
Pengguna Google,Ijin dibantu cara kerja aplikasinyaðŸ™ðŸ™,netral
Pengguna Google,Aplikasi miskin menu,netral
"Pengguna Google,""Sampah, verifikasi otp gabisa"",negatif"
"Pengguna Google,""NPWP 16 angka kok cuma bisa input 15, GA JELAS"",negatif"
"Pengguna Google,""PERBAIKI WEBNYA LAH.. MASA SEKELAS PEMERINTAH WEB NYA AMBURADUL PARAH.. SAMPE HABIS PULSA GW BERULANG ULANG GAGAL TERUS, DATA GA KESIMPEN HARUS MULAI DARI AWAL LAGI.. KOK """"PINTERNYA"""" MINTA AMPUN BGT ðŸ˜­ MAU FOTO KETERANGANNYA HARUS DIBAWAH 300KB, GILA KECIL AMAT.. PDHL UDAH FOTO PAKE FITUR KAMERA DI WEBNYA.. KOK BISA FITUR YG DIBIKIN SENDIRI MALAH GA KOMPATIBEL SAMA SISTEMNYA SENDIRI, KOCAK BET ðŸ˜­ BUBAR DEH BUBAR KALO GA BECUS"",negatif"
Pengguna Google,erorrrrr terusssssssss mua aplikasi mau we . eror,negatif
"Pengguna Google,""aplikasi jmbt, kebanyakan dikrp"",negatif"
Pengguna Google,Ulasan bintang 5 itu smuanya mungkin yang pegawai nya / Orang suruhan :v,netral
Pengguna Google,Goblk anjggg nntot aplikasi gak berguna Thai,negatif
"Pengguna Google,""benerin lagi dl aplikasinya eror""""eror mulu"",negatif"
"Pengguna Google,""susah banget mau buat NPWP kode otp tidak masuk,tanya CS gak di jawab alasan sibuk"",negatif"
Pengguna Google,Tidak masuk aplikasi M-Pajak,netral
"Pengguna Google,""Gk beres ni apl pemerintah, gk fungsi aap"""" Gk kebuka halaman nya gk jelas"",negatif"
Pengguna Google,Susah bener ngurus lupa efin !,negatif
Pengguna Google,error ga bisa login,negatif
Pengguna Google,Saya lapor nya langsung dan cepat,positif
Pengguna Google,aplikask kirim kode verivikasi aja lama hadeh,negatif
Pengguna Google,chat pengaduan susah banget ðŸ˜,negatif
Pengguna Google,Lapor pajak semakin mudah,positif
Pengguna Google,Mau masuk akun ajh susah. Benahi dulu apk ya dong.,negatif
Pengguna Google,Ga bisa di cetak bangke,netral
Pengguna Google,Tdk bisa kepake anjir ðŸ˜Œ,negatif
Pengguna Google,Buat daftar aja susah,negatif
Pengguna Google,Sangat tidak membantu,negatif
Pengguna Google,Aplikasi tidak berguna.,negatif
Pengguna Google,Gak bisa dipake,negatif
Pengguna Google,Jangan download aplikasi dongo,negatif
Pengguna Google,Keren banget Bermanfaat bagi bangsa,positif
Pengguna Google,Kok gak bisa di buka,netral
Pengguna Google,Ga bisa buat lapor pajak.,negatif
Pengguna Google,Sangat membantu sekali,positif
Pengguna Google,Apk nya ribet. Apk yg gak guna,negatif
"Pengguna Google,""Kena denda gara2 lelet, bales wa sueee"",negatif"
Pengguna Google,Tidak penting tetap masih banyak korupsi,negatif
Pengguna Google,kenapa verifikasi selalu gagal?,negatif
Pengguna Google,Perlu pengembangan untuk pemegang IT Setidaknya biarkan milenial saja yg mengurusi teknologi agar tidak bobrok sprti ini,netral
Pengguna Google,Aplikasi terhenti di samsung j2 prime,netral
Pengguna Google,Aplikasinya semakin BURUUUUKKKKK...,negatif
Pengguna Google,alangkah sia2nya uang negara untuk yg mengurus perpajakan ini,netral
Pengguna Google,saya berikan 4 ðŸ”¯ dulu karena baru awal saya pakai aplikasi ini,netral
Pengguna Google,Aplikasi tertolol yang pernah adaðŸ˜,negatif
"Pengguna Google,""Setelah donlod app ini ko dpt wa penipuan an djp online y,"",negatif"
Pengguna Google,pemerintah sllu bikin aplikasi yg bikin rakyat mumet.. aplikasi bnyk error,negatif
Pengguna Google,Aplikasi sampah !!! ga guna,negatif
Pengguna Google,tolong dong aplikasinya no NPWP nya yang 16 dijit,netral
Pengguna Google,App.y jelek masa lupa epin selalu salah identitas,negatif
Pengguna Google,Gak bisa di gunain,negatif
Pengguna Google,Bayar pajak aj bikin susah rakyat. Ribet,negatif
Pengguna Google,Semakin pusing mengurus pajaak,negatif
Pengguna Google,jangan di download nanti nyesel ..,negatif
Pengguna Google,Sangat membantu pengusaha,positif
Pengguna Google,logot sendiri mending versi lama,negatif
"Pengguna Google,""Aplikasi tidak jelas,"",negatif"
Pengguna Google,Mantap. Sangat berguna.,positif
"Pengguna Google,""APLIKASI GA JELAS, BUANG BUANG PULSA DOANG!! PADAHAL SAYA SUDAH NGETIK CAPTCHA DENGAN BENAR TAPI MASIH SALAH AJA."",negatif"
Pengguna Google,Betul kata orang sebelah gak guna,negatif
Pengguna Google,Mau daftar aja susah,negatif
Pengguna Google,Gajih besar kerja gini aduhh,netral
Pengguna Google,aplikasi pemerintah gada yg sat set,netral
Pengguna Google,Baru coba laporan pajak online,netral
Pengguna Google,mantap tidak ribet,positif
Pengguna Google,bikin npwp loading validasi nya lama,negatif
Pengguna Google,Parah banget gak bisa masuk,negatif
Pengguna Google,Apk tolol tidak membantu,negatif
Pengguna Google,Begitu sulit dapatkan mpin,negatif
Pengguna Google,kurang membantu di persulit,negatif
Pengguna Google,sangat membantu ðŸ™ lanjutkan....!!!,positif
Pengguna Google,mohon di perbaiki aplikasi nya,netral
Pengguna Google,Gak bisa login,negatif
Pengguna Google,Terimakasih aplikasi sangat membantu kami,positif
Pengguna Google,Mau daftar aja ribet kali....,negatif
Pengguna Google,Ini aplikasi gimana sih ..kode verifikasi lewat SMS GK sampai sampai,negatif
Pengguna Google,Aplikasi menyedihkan musingin orang awam,negatif
Pengguna Google,Ga guna. Buang buang anggaran saja. #indonesia,negatif
Pengguna Google,Ko tidak bisa dibuka yy,negatif
Pengguna Google,mau minta nomer efin harus masukin npwp dan npwp sama dengan nik di ktp tetapi pengisian npwp di alpikasi harus 15 angka sedangkan nik terdiri dari 16 angka ini gimana pabowo,netral
Pengguna Google,Kenapa capcha nya salah mulu,negatif
"Pengguna Google,""Mohon bantuannya,,aku mau daftar buat NPWP"",netral"
Pengguna Google,pertama kali saya masuk aplikasi maxim tidak ribetðŸ™ðŸ‘,netral
Pengguna Google,Aplikasi yg belum siap...!!!,negatif
"Pengguna Google,""aplikasi tak bisa di pakai, ribet X"",negatif"
"Pengguna Google,""ga guna, ribet, aplikasi ga jelas"",negatif"
Pengguna Google,Ini aplikasi disunat berapa banyak dana nya?payah banget aplikasi nya.,negatif
"Pengguna Google,""Mau mgurus pajak aja susah, padahal tinggal terima uang. Efin efin harus ke kantor nian. Dikira kami nganggur apa gimana. Sulitt"",negatif"
"Pengguna Google,""Percuma bayar pajak, eror malulu"",negatif"
"Pengguna Google,""Ribet jga yaa, pdhal mau laporan pajak"",netral"
Pengguna Google,Kita sebagai warga negara Wajib pajak,netral
"Pengguna Google,""Mana kasih solusi EFIN tapi ga bener, kocak negeri wakanda"",netral"
Pengguna Google,Aplikasi yang sangat membantu,positif
Pengguna Google,aplikasi tolol..GK bisa di gunakan..error mulu,negatif
Pengguna Google,Payah kali ngurus pajak online,negatif
"Pengguna Google,""Mudah"""" dpt membantu"",positif"
Pengguna Google,Susah gak bisa masukin nama suami,netral
"Pengguna Google,""SEMUA PRODUK APLIKASI DALAM NEGERI AMPASS. GITU NYURUH ANAK BANGSA BUAT APLIKASI MANDIRI? KALIAN YANG DI BIAYAIN NEGARA AJA KERJA GA BECUS 3 KALI DAFTAR VERIFIKASI GAGAL. DATA SUDAH SESUAI KTP, APK RUSAKKK"",negatif"
Pengguna Google,Nggk bisa kebuka.. payah...,negatif
Pengguna Google,APK gagal untuk Submit NIK tidak bisa. Dikarenakan Submit di batasi,negatif
Pengguna Google,Tidak bisa diakses,negatif
"Pengguna Google,""Busuk, kata sandi kok salah. Jelas jelas kata sandinya itu kok salah. Gak beres . Gimana bayarnya kalo gini"",negatif"
Pengguna Google,Aplikasi pemerintah ga niat,negatif
Pengguna Google,Knpa aplikasi djp sekarang sudah masuk,negatif
"Pengguna Google,""Mengecewakan, menyusahkan dan merugikan.. #ribet"",negatif"
Pengguna Google,aplikasi tidak bisa digunakan,negatif
Pengguna Google,Mau daftar ga bisaaaa kocakkk,negatif
Pengguna Google,PARAH BUKAN NYA DI PERBAIKI MALAH NAMBAH BURUK,negatif
Pengguna Google,Aplikasi yang sangat membantu,positif
Pengguna Google,Ga web ga apk sama sama bodoh,negatif
"Pengguna Google,""Bayar pajak ko ruwet, ka gak jelas, nyusahin orang"",negatif"
Pengguna Google,Bisa membantu apa ngga aplk,netral
Pengguna Google,PAJAK TERUSSS... JALAN RUSAK BIKIN AMBERO DAN JANTUNG PROTOL,netral
Pengguna Google,Aplikasi gak jelas. Nyesel download,negatif
Pengguna Google,kok kirim verifikasi kode telepon aja lama banget,negatif
Pengguna Google,Ada oknum pegawai yg tdk bertanggung jawab,netral
Pengguna Google,Ini csnya sibuk terus knp yah?,netral
Pengguna Google,Gak bisa lapor spt,netral
Pengguna Google,aplikasi gak guna...buang2 uang...,negatif
Pengguna Google,Susah bgt deh pokok nya,negatif
Pengguna Google,bug nya perbaiki,negatif
Pengguna Google,aplikasi sampah error mulu emng gini aplikasi pemerintah,negatif
Pengguna Google,login mau lapor pajak aja di persulit,negatif
Pengguna Google,Tidak bisa isi spt tahunan,negatif
"Pengguna Google,""Kebanyakn nipu rakyat,,.. apl gk guna, keliatan Apl hasil uang korupsi."",negatif"
"Pengguna Google,""Sampah req OTP aja susanya minta ampun, WAKANDA WAKANDA"",negatif"
"Pengguna Google,""Yang mau download mending gausah download, kamu tidak akan menemukan pelayanan disini."",netral"
"Pengguna Google,""Memang harus bintang satu,"",netral"
"Pengguna Google,""Update 2 januari tetap bermasalah di pengisian EFIN,mohon segera di tindak lanjuti dn jngan hnya diam saja. Segera layani masyarakat mu jika ada keluhan,jangan cuma dilihat saja keluhannya. KELUHAN SAMA,TANPA ADA PERBAIKAN."",negatif"
"Pengguna Google,""aplikasi koruptor, masuk aja eror masuk cortex eror gak jelas banget, nyusahin rakyat"",negatif"
Pengguna Google,ga ada menu lupa sandi,netral
Pengguna Google,Gk jelas banyak bug,negatif
Pengguna Google,Sya harus bisa daftar NPWP,netral
Pengguna Google,menu tidak muncul,negatif
Pengguna Google,Saya mau daftar mp wp,netral
Pengguna Google,Mau isi spt aja susahnya minta ampun.. ruwet ruwet,negatif
"Pengguna Google,""Busuk,,, masukin email jga kaga malah dikata gagal mencari email.. Kocak no efin"",negatif"
Pengguna Google,Kirim OTP via sms susah amat,netral
Pengguna Google,Ini tombol verifikasi kode ga akan d buka kah?,netral
Pengguna Google,ga bisa daftar...,negatif
Pengguna Google,banyak error nya,negatif
Pengguna Google,Tidak membantu sama sekali,negatif
"Pengguna Google,""Susah banget ,masuk nya..."",negatif"
Pengguna Google,Bisa gak klo liat tagihan saya,netral
Pengguna Google,Aplikasi tolol hapus aja gak guna,negatif
Pengguna Google,perbaiki websaitnya itu jii,netral
Pengguna Google,Serius nanya ini fungsinya buat apa. Mau lapor spt aja ribet.,negatif
Pengguna Google,Tingkatkan terus,netral
Pengguna Google,Mau login aja susah wkwk,negatif
Pengguna Google,Akibat banyak koruptor ...mau memberi uang aja sulit...nasib2 NKRI,negatif
Pengguna Google,App nya buruk sekali sama kayak si tersangka M,negatif
Pengguna Google,Mau daftar saja susah ðŸ¤¦,negatif
Pengguna Google,Korupsi mulu si sistemnya jdnya lemot,negatif
Pengguna Google,Biar lancar sy kasih bintang lima aj,netral
Pengguna Google,Mudah dan aman,positif
Pengguna Google,saya habis kena tipu dr aplikasi ini. hp sy diretas,negatif
Pengguna Google,Aplikasi proyek korupsi,negatif
Pengguna Google,Lama banget kirim OTP nya,negatif
Pengguna Google,mau lapor spt tahunan ngga ada pilihnanya kocak,netral
Pengguna Google,Gak bisa download,negatif
"Pengguna Google,""APLIKASI KONTL VERIF HP BERULANG KALI GAGAL, KODE UDAH BENER DIBILANG GAGAL, MANA OTP NYA MAKAN PULSA TERUS"",negatif"
Pengguna Google,APLIKASI SAMPAHHHH!! NOMOR HP DAN EMAIL LAMA HARUS VERIFIKASI DI KANTOR!! NGAPAIN BIKIN APLIKASI ONLINE WOII,negatif
Pengguna Google,mau Daftar susah minta Ampun Anggaran kau makan seperti ini Ga usa bayar pajak smua rakyat biar mampus kau,negatif
Pengguna Google,Tingkatkan terus,netral
"Pengguna Google,""GIMANA RAKYAT MAU BAYAR PAJAK URUSAN APLIKASI AJA BANYAK ERORNYA BUGNYA DIMANA MANA, HEIII PERBAIKI DULU APLIKASIMU JANGAN KORUPSI MELULU"",negatif"
"Pengguna Google,""Parah, aplikasi gak jelas!!!!!!"",negatif"
"Pengguna Google,""Login susah,, mau aktivkan npwp ribet"",negatif"
Pengguna Google,mau bayar pajak aja dipersulit... aplikasi sampah,negatif
Pengguna Google,Gabisa di gunakan aneh,negatif
Pengguna Google,Blm bisa login pkek NIK,netral
Pengguna Google,Eror nee aplikasi nyaa dari semalam di tanggal 02/11/2023 sampai hingga saat ini pagi jam 6.26 Hari d tanggal 03/11/2023 gimana kementrian keuangan pengelola Perpajakan??,negatif
Pengguna Google,Mau daftar NPWP lelet sekali,negatif
"Pengguna Google,""SANGAT SANGAT PAYAH,KITA YG KERJA,KITA YG PUNYA DUIT.CUMAN MINTA LUPA EFIN AJA SUSAHNYA MINTA AMPUN."",negatif"
Pengguna Google,Cara mendapatkan NPWP gimana mau daftar kok malah ditanyakan NPWP,netral
Pengguna Google,Apk apaan dahh lemot bgtttt,negatif
Pengguna Google,Apk parah ga bermutu,negatif
Pengguna Google,Sangat Membantu,positif
Pengguna Google,Belum pantas di publish,netral
"Pengguna Google,""Mantap,sangat membantu"",positif"
Pengguna Google,gak bisa login,negatif
Pengguna Google,Ciri2 aplikasi pemerintah itu! Biaya pembuatan MAHAL Kualitas Jelek.,netral
Pengguna Google,Nggak bisa isi SPT,netral
Pengguna Google,Gak bisa masuk....,negatif
Pengguna Google,Eror tidak bisa di buka,negatif
Pengguna Google,Mantap Bisa membantu,positif
Pengguna Google,Digunakan untuk modus penipuan,negatif
Pengguna Google,Yuk terus dikembangkan,netral
Pengguna Google,udh tuntutan pajak hafus byr gliran mau bayar ribet kacau2,negatif
Pengguna Google,Tidak jadi bikin NPWP,netral
Pengguna Google,nggak guna banget punya aplikasi,negatif
"Pengguna Google,""Mau lapor pajak aja susah di akses, mohon di benahi lagi dong kakak"""", bapak"""", ibuk"""" SekalianðŸ˜´ðŸ˜´"",negatif"
Pengguna Google,Menyusahkan. untuk login saja ribet,negatif
Pengguna Google,pemutakhiran NPWP secara mandiri TAPI Se-Rungkad ini aplikasinya,negatif
Pengguna Google,Membantu lapor pajak,positif
Pengguna Google,Aplikasi mbobrok Berserta instansinya Ribet,negatif
Pengguna Google,Ko saya ga bisa masuk ya,negatif
"Pengguna Google,""Biar bintang yg menilai,ðŸ¤¬"",netral"
Pengguna Google,Minta kode verifikasi lama sangat tolol,negatif
Pengguna Google,Aplikasi tdk mendukung,negatif
"Pengguna Google,""kocak gimana mau ngisi NPWP dengan benar kalo di batasi 15 digit , sedangkan no NPWP 16 digit, ðŸ‘ŽðŸ‘ŽðŸ‘ŽðŸ‘ŽðŸ˜¤"",negatif"
Pengguna Google,Gajelas banget aplikasinya eror mulu,negatif
"Pengguna Google,""tolol tolol cuma bikin NPWP susahnya minta ampun kocak kocak, pulsa gua habis gara2 elu kocak mana gak jadi2 lagi kocak, kalo gak niat gak usah bikin woyy"",negatif"
Pengguna Google,agak eror jaringannya,negatif
Pengguna Google,Loginya gagal bae,negatif
"Pengguna Google,""nunggu otp 2 abad , niat gk bikin aplikasi"",negatif"
Pengguna Google,Fasilitas Lupa Efin gagal terus,negatif
Pengguna Google,Sangat membantu sekali,positif
"Pengguna Google,""mau lapor pajak lupa efin, mohon petunjuk"",netral"
Pengguna Google,Gak bisa di buka,negatif
Pengguna Google,PAJAK VIA ONLINE SEMAKIN RIBET,negatif
Pengguna Google,gaje masukin efin masukin npwp semua aja ga sekalian akta wkwk,negatif
Pengguna Google,sangat bagus memudahkan,positif
Pengguna Google,Aplikasi sering error,negatif
Pengguna Google,Sangat bmembantu,positif
Pengguna Google,niat ngurus pajak dipersulit.,negatif
Pengguna Google,Semoga membantu nice.,positif
Pengguna Google,Ga guna. Ngga bisa login,negatif
Pengguna Google,banyak bug nya,negatif
Pengguna Google,Hati hati ini aplikasi berbahaya.,negatif
Pengguna Google,Cepat dan mudah,positif
"Pengguna Google,""LAMBAT KALI PROSESNYA, RIBET"",negatif"
Pengguna Google,Aplikasi sampah ga guna,negatif
Pengguna Google,Enail verifikasi ndk masuk,netral
Pengguna Google,Mudahan lancar,positif
"Pengguna Google,""Apk sampah, web sampah.. bubar"",negatif"
Pengguna Google,Sangat mempersulit,negatif
Pengguna Google,Lumayan membantu,positif
Pengguna Google,Verifikasi gagal terus,negatif
Pengguna Google,ribet amat lah masih harus ke kantor cabang ngapain musti adain online.. mau aktivasi NPWP ja susah. cobalah untuk dapatin Efin secara ONLINE. kalo harus datang ke kantor ngapain cape secara online,negatif
Pengguna Google,No coment cek bintang aja,netral
Pengguna Google,Saya kasih bintang 3 dlu,netral
Pengguna Google,apk tolol vrfksi gak bisaÂ²,negatif
Pengguna Google,aplikasi menunya mbulet,negatif
"Pengguna Google,""SO SIBUK LU, PELAYANAN AMPAS"",negatif"
Pengguna Google,Ribet utk daftar.,negatif
Pengguna Google,Validasi datanya gimana si?,netral
Pengguna Google,Kapan negeri ini maju aplikasi negara ja GK jelas,netral
Pengguna Google,kocak. kirim kode otp nya lama banget,negatif
Pengguna Google,Data sudah Benar.. tp tidak bs diproses.,netral
Pengguna Google,ribet dan menyusah kan pengguna,negatif
Pengguna Google,mau login aja susah. nyusahin orang mau ngisi SPT pajak,negatif
"Pengguna Google,""BUAT NPWP SEMAKIN SULIT VALIDASI FOTO NGA GAGAL TERUS,. NGAPAIN DI UBAH UBAH SEBELUMNYA SUDAH BAGUS,. JANGAN TOLOL"",negatif"
Pengguna Google,Di hapus saja aplikasi nya karena server busuk,negatif
Pengguna Google,sangat memuaskan aplikasinya,positif
"Pengguna Google,""taekkkk, gari verifikasi otp malah gak iso"",negatif"
"Pengguna Google,""Aplikasi taiiii,,,brengseekk"",negatif"
Pengguna Google,Sering gangguan,negatif
Pengguna Google,Verivikasi lemot parah,negatif
Pengguna Google,sangat sangat sangattt ribet,negatif
Pengguna Google,Ga membantu sama sekali,negatif
Pengguna Google,Aplikasi lemot web g jelas ..,negatif
Pengguna Google,Tak bisa dipakek,negatif
Pengguna Google,jangn persulit kalau daftar,negatif
Pengguna Google,apaan ini apk... bikin bening aja... lupa kata sandi nak efin lah apa lah... ngakak,negatif
Pengguna Google,tidak bisa masuk,negatif
"Pengguna Google,""tidak bisa dibuka,"",negatif"
Pengguna Google,Ga bereesss saya mau ubah sandi malah erorrr ga jelasss apk ini,negatif
Pengguna Google,PERPAJAKAN PENUH PROBLEM.,negatif
Pengguna Google,gk bisa login,negatif
"Pengguna Google,""Aplikasi Busuk, Sampah, Ribet."",negatif"
Pengguna Google,Aplikasi ndak ada gunanya,negatif
Pengguna Google,Malah ribet tampilanya,negatif
Pengguna Google,Habis di update makah eror apk apa ini.,negatif
Pengguna Google,Aplikasi gak guna banget,negatif
Pengguna Google,terus aja harus update ...,negatif
Pengguna Google,koq sekarang ga bisa untuk pembayaran..,netral
Pengguna Google,Aplikasi gak bergunaaaa,negatif
"Pengguna Google,""login bug eror, app pemerintah kebiasaan ini wkwkw"",negatif"
Pengguna Google,gk bisa login,negatif
Pengguna Google,Mau login pakai NIK kok digitnya cuma 15?,netral
Pengguna Google,Semoga segera diperbaiki,netral
"Pengguna Google,""APLIKASI SAMPAH GK BERGUNA SAMA SKLI,GK MEMBANTU,ðŸ‘Ž"",negatif"
Pengguna Google,Aplikasi ga guna banget...,negatif
Pengguna Google,Banyak kekurangan,netral
Pengguna Google,Login susah giliran uang cepat,negatif
Pengguna Google,Bukannya bantu malah nyusahin,negatif
Pengguna Google,Sangat membantu... ðŸ˜ŠðŸ˜ŠðŸ˜Š,positif
"Pengguna Google,""aplikasi sampah, negara bayar lu pake uang kami bikin aplikasi begini aja ga becus"",negatif"
Pengguna Google,Susah terhubungnya,negatif
Pengguna Google,ga jelas malah dipersulit,negatif
"Pengguna Google,""Aplikasi Sampah, Cuman mempersulit"",negatif"
Pengguna Google,Aolikasi sulit di akses.?abal2,negatif
Pengguna Google,Bagus untuk di gunakan,positif
Pengguna Google,Ga jelas. Susah d klik aneh,negatif
Pengguna Google,Lapor SPT gak bisa,negatif
Pengguna Google,Aplikasi ga jelas aneh horor,negatif
Pengguna Google,niat mau liat KSWP jadi susah. aplikasi ini terjelek yang dibuat pemerintah,negatif
Pengguna Google,aplikasi ini sangatlah busuk,negatif
"Pengguna Google,""Nih orang pegawai pajak. Orangnya laknat semua gajih sm tunjangan nya gede2. Tp apk nya bobrok. Sya mau bikin npwp bukan mau korupsi,ribet nya minta ampun."",negatif"
Pengguna Google,Engga web engga aplikasi gada yg beres,negatif
"Pengguna Google,""Proses cepat, thanks"",positif"
Pengguna Google,Tidak ada menu EFIN,netral
Pengguna Google,HP TIDAK KOMPATIBELÂ²...TERUS,netral
Pengguna Google,Gx bisa e-Filling yah,netral
Pengguna Google,LOADING LAMA PADAHAL INTERNET WIFI SAYA KENCANG! DI GOOGLE JUGA SAMA LEMOT SEKALI! SANGAT DIPERSULIT SAYA KEHILANGAN PEKERJAAN KARENA NPWP!,negatif
Pengguna Google,APK BUSUK MAU LOGIN AJA RIBET,negatif
Pengguna Google,Lemot sekarang login nya,negatif
Pengguna Google,Sangat mempersulit,negatif
Pengguna Google,Ga jelas susah login,negatif
"Pengguna Google,""Beri kenyamanan kepada kami, tks"",netral"
Pengguna Google,aplikasi paling gk berguna,negatif
"Pengguna Google,""BUKANYA ORANG ATAS PINTER"""" YA. BIKIN APLIKASI KEK GINI AJA AMBURADUL. MAU LOGIN AJA RIBETNYA MINTA AMPUN, UDAH RIBET KAGA BISA LOGIN, UDAH RIBET MASIH AJA KEBOBOLAN HACKER.. LAWAK LAWAK !!! . BUKANNYA MEMPERMUDAH. MALAH MEMPERSULIT SULIT. CAPEK CAPEK."",negatif"
Pengguna Google,Aplikasi pajak sampah.,negatif
Pengguna Google,sangat sangat menyebalkan,negatif
Pengguna Google,app ini lemooooot dan bermasalaaaaaah,negatif
Pengguna Google,aplikasinya sangat lambatðŸŒ,negatif
Pengguna Google,Akhirnya bisa dapat EFiN..,netral
Pengguna Google,aplikasi kek taiii masih aja dilolosin,negatif
Pengguna Google,Sangat bermanfaat,positif
Pengguna Google,Ampas banget sistemnya,negatif
Pengguna Google,INTINYA KITA DIPERSULIT UNTUK AKSESNYA DAN LAMA2 GABISA MANTAU TAU2 PAJAKNYA MEMBENGKAK ðŸ¤£,negatif
"Pengguna Google,""Saya ke bank BCA, dia minta NPWP saya ke bank Mandiri dia juga minta NPWP jadi saya tanya apa itu NPWP? Mereka jawab NPWP yg wajib membayar pajak Pk kalau bpk tidak memiliki NPWP bapak harus kekantor pajak. Oke saya ke kantor pajak sekali di kantor pajak pratama mereka malah bingung, bapak mau bajar pajak apa? Saya jawab saya juga tidak tau, sedangkan saya tidak punya rumah dan tanah pk, kendaraan saya juga tidak punya, jadi apa yg harus saya bayar pk yaa? Trimaksi"",negatif "
Pengguna Google,-0% bapak/ibu mohon maaf ini kan pasilitas rakyat kenapa di persulit yah banyak banget yg elor muali dari website sampai apk punnn gada yg bekerja denga baik,negatif
Pengguna Google,Kok aplikasinya kek gini si.,netral
Pengguna Google,gak bisa buat kode ebiling,netral
Pengguna Google,Mantap jiwa.sedikit kemajuan,netral
Pengguna Google,menu untuk laporan pajaknya mana ini??,netral
Pengguna Google,mau daftar tp di menu nya di mana?,netral
"Pengguna Google,""jembot ora nk google ora nek kene podo ae.lek sekirane, aplikasi ne ra kenek orasah ngae aplikasi ruwet ruwet ruwwweeetttttt duwettttt"",negatif"
Pengguna Google,tak bisa loginn tololl,negatif
Pengguna Google,Sangat bermanfaat,positif
Pengguna Google,gagal login terus,negatif
Pengguna Google,Ini apakah bisa diakomodir jika lupa efin?,netral
Pengguna Google,Aplikasi repot baik pake yg lama,negatif
Pengguna Google,Aplikasi nya keluar terus,negatif
"Pengguna Google,""Bagaiamana perasaanmu jika uang pajak yg kita bayarkan di korupsi & di hambur2kan oleh oknum pejabat & wakil rakyat yg kau pilih, & selalu terulang. Dan disaat yg sama banyak rakyatnya yg hidup dibawah garis kemiskinan. Sungguh tragis !!!"",negatif"
"Pengguna Google,""Ini aplikasi bagaimana, mental mental terus?"",negatif"
Pengguna Google,Mudah di pahami,positif
Pengguna Google,mau bayar pajak aja susahnya minta ampun.,negatif
"Pengguna Google,""Saya daftar npwp Krn perangkat desa kantor lurah yg nyuruh, Krna d iming2 bantuan pokir dari caleg Jadi saya susah dapat bantuan pkh, Gmna cara nya ini pak/ibu, mohon bantuannya?"",netral"
Pengguna Google,Tidak berfungsi,negatif
Pengguna Google,ribet dan ga mutu aplikasi plat merah,negatif
Pengguna Google,Aplikasi buat bayarin anak pejabat Harley dan Rubicon,netral
Pengguna Google,Responnya cepat !,positif
Pengguna Google,email tidak masuk masuk,netral
Pengguna Google,Menu pelaporan SPT tahunan di mana?????,netral
Pengguna Google,Sangat Membantu,positif
Pengguna Google,Membantu bagus,positif
"Pengguna Google,""mau bikin akun secara online macam mana?orang wajib pake NPWP sedangkan NPWP gak ada, sedangkan NPWP aja dapetnya di KPP. mau bikin akun aja ribet minta ampun"",negatif"
"Pengguna Google,""validasi NIK gagal, Kategori WP tidak sesuai. Data Kependudukan jenis kelamin Perempuan dan Status Kawin, namun Kategori Wajib Pajak Orang Pribadi. . Gak jelas"",negatif"
Pengguna Google,Aplikasi gak guna!,negatif
Pengguna Google,lupa pasword bagaimna caranya?,netral
Pengguna Google,mau jd orang bijak taat pajak pun di persulit. KANOHA.,negatif
"Pengguna Google,""maunya apa ini perpajakan, ribetttttnya dan harus lapor2 sendiri, ngapain coba lapor sendiri GK ada kerjaan sja... ðŸ¤¦ðŸ»ðŸ¤¦ðŸ»ðŸ¤¦ðŸ»"",negatif"
Pengguna Google,Lebih mudah aksesnya,positif
Pengguna Google,Sangat Membantu,positif
Pengguna Google,Baik sangat membantu,positif
Pengguna Google,aplikasi penuh bug,negatif
Pengguna Google,Sangat Membantu,positif
Pengguna Google,Duh maaf ini aplikasi benerÂ² gk jelas,negatif
Pengguna Google,Gak tau mau komen apa lagi. Komentar lainnya udah mewakili,netral
"Pengguna Google,""sa kesal sekali, buat NPWP jadi susah semenjak jadi cortax. verif 2 hari 2 malam. bodoh sekali"",negatif"
Pengguna Google,Sangat membantu ðŸ‘ƒðŸ‘ƒ,positif
"Pengguna Google,""APLIKASI RUSAK,MAU BUAT NPWP SERVER NYA DIREFRES MALAH BALIK KE AWAL HABISIN PULSA AJA, SERVER RUSAK!"",negatif"
Pengguna Google,Minta efin gagal terus apk payah,negatif
Pengguna Google,Saya selalu gagal untuk minta evin pajak,negatif
Pengguna Google,06 maret 2024 Mau bikin akun aja susahnya ampuuuunðŸ‘Ž,negatif
"Pengguna Google,""(SEMUA) Yg berhubungan dg pemerintah koq ga pernah beres dlm jangka wkt lama. Ga yakin Indo bs jd negara maju, mgkn smpe kiamat jg ga prnh bs."",negatif"
Pengguna Google,Verifikasi gagal terus,negatif
Pengguna Google,Sulit loginnya..,negatif
Pengguna Google,sangat mudah di akses,positif
Pengguna Google,Sangat Membantu,positif
Pengguna Google,warga mau bikin npwp aja susahnya minta ampun,negatif
Pengguna Google,Server kurang baik,netral
Pengguna Google,Aplikasi ga guna lol bgt,negatif
Pengguna Google,Sangat Membantu,positif
Pengguna Google,Sangat Membantu,positif
Pengguna Google,Sangat Membantu,positif
Pengguna Google,tidak bekerja dengan baik,negatif
Pengguna Google,Sangat membantu ðŸ‘ðŸ‘,positif
Pengguna Google,Sangat Membantu,positif
Pengguna Google,Sangat Membantu,positif
Pengguna Google,Gak bisa apa-apa,negatif
Pengguna Google,Sangat bermanfaat,positif
Pengguna Google,Gini amat dah aplikasinya,negatif
Pengguna Google,apk super mantap,positif
"Pengguna Google,""Lupa pasword suruh pake efin, efin itu apa aja sy ga ngerti.. baca syarat bikin efin udah mumet sendiri..hadehhhh mboh ra tak gagasss"",netral"
"Pengguna Google,""Terima kasih atas pelayanannya, semoga lebih baik kedepannya."",netral"
Pengguna Google,gak niat bikin apk ni para pejabat,negatif
Pengguna Google,Sangat Membantu,positif
Pengguna Google,Sangat Membantu,positif
Pengguna Google,Sangat Membantu,positif
Pengguna Google,Pelayanan terbaik,positif
Pengguna Google,Aplikasi tidak berguna,negatif
"Pengguna Google,""Mantab, ini yg resmi ya ?"",positif"
Pengguna Google,2 bintang dulu karna blm di coba,netral
Pengguna Google,LENAPA GA BISA DI BUKA MENDING HAPUS INI APK GA GUNA,negatif
Pengguna Google,Aplikasi gak berguna,negatif
Pengguna Google,memprihatinkan sekali sekelas website pemerintah selelet ini,negatif
Pengguna Google,Jelek x lah. Ga bantu,negatif
Pengguna Google,Server eror 500. Mohon hubungi administrator,netral
Pengguna Google,Bintang 0 bisa gak sih ðŸ˜,netral
Pengguna Google,sangat tidak membantu,negatif
Pengguna Google,Gak jadi bayar pajak,netral
Pengguna Google,ê§Ï»á´eê§‚ saya tidak menerima email kode verifikasi untuk login,netral
Pengguna Google,Sangat Membantu,positif
Pengguna Google,apk ga jelas ribet,negatif
Pengguna Google,ribet bgt mending g usah didownload,negatif
Pengguna Google,Apk GK sesuai expect Aplikasi jelek pelayanan jelek siapa pngmbng apk nya?pecat gaguna duit kmnain itu?yg tua klo gaptek usir aj gguna kecuali PGN JD office boy WKWKWK,negatif
Pengguna Google,Ribet bos. lupa pasword login disuruh isi EFIN. Lupa EFIN diarahkan ke twitter. Di twitter blm direspon. Tar kalo udah beres kasih 5.,netral
Pengguna Google,Aplikasi gak berguna,negatif
Pengguna Google,Cukup membantu,positif
Pengguna Google,Jgn masukin data ini penipuan,negatif
Pengguna Google,Aplikasi ga guna!!,negatif
Pengguna Google,Ternyata bisa juga,positif
Pengguna Google,Sangat membantu ðŸ™,positif
Pengguna Google,Sangat mendukung,positif
Pengguna Google,knpa apk djp setelah abdet mkin jelek,netral
Pengguna Google,Aplikasi gak guna!,negatif
Pengguna Google,Sistem sangat buruk,negatif
"Pengguna Google,""""""PATUH PAJAK"""" MAU LOGIN AJA SUSAH NYA SETENGAH MATI APLIKASI GK NIAT BUKANNYA MEMPERMUDAH TAPI SULIT"",negatif"
Pengguna Google,orang nganggur sudah tidak kerja jgn suruh lapor pajak. apanya yg mau lapor kan sudah dilaporkan oleh perusahaan. ngapain minta perorangan lgi.,negatif
Pengguna Google,Habis dipake korupsi,negatif
Pengguna Google,masukin Nik tidak mau lengkap,negatif
"Pengguna Google,""Daftar NPWP online susah banget ya sampek abis pulsa 25k erorr"""" Bae"",negatif"
"Pengguna Google,""Mau foto Selfi utk klaim efin aja sering keluar sendiri, wa admin cabang Kuningan Jaksel Mala cmn di baca , itu karyawan makan gaji buta njing"",negatif"
Pengguna Google,gk bisa daftar,negatif
"Pengguna Google,""buat NPWP saja susahnya minta ampun buat emosi, rugi pulsa gagal iya"",negatif"
Pengguna Google,Susah mau login juga kode verifikasi GK masuk masuk ke email,negatif
Pengguna Google,Aplikasi ngga ada gunanya,negatif
"Pengguna Google,""tambah garai emosi,payah"",negatif"
Pengguna Google,Sangat Membantu,positif
Pengguna Google,apa yang di harepin dari aplikasi buatan pemerintah,negatif
Pengguna Google,sangat bagus sekali,positif
Pengguna Google,Bayar pajak gampang gasssss,positif
Pengguna Google,Anggaran gede sistem cacad,netral
Pengguna Google,kaga bisa daftar,negatif
Pengguna Google,Ga bisa dibuka,negatif
"Pengguna Google,""KODE HANDPHONE BUAT VERIFIKASI NYA G MUNCUL"""" HERAN DARI JAM 11 SAMPE JAM 17 DI TUNGGUIN UDAH BRP KALI COBA G MUNCUL"""" #HERAN PADAHAL HARI JAM KERJA"",netral"
"Pengguna Google,""PUNYA SISTEM KOK RIBET MAU LAPOR SPT TAHUNAN SUSAHNYA MINTA AMPUN, TELFON CALL CENTER MALAH DIBILANG SEDANG SIBUK MELAYANI. KECEWA DENGAN SISTEM PAJAK YG KURANG BAIK SEPERTI INI"",netral"
Pengguna Google,mana kode verifikasi gak ada,netral
Pengguna Google,Lupa Efin kode verifikasi ga masuk masuk ke Gmail/SMS hadeh,netral
Pengguna Google,Mbaknya SABAR Banget.. TERIMA KASIH.,positif
Pengguna Google,Sangat Membantu,positif
"Pengguna Google,""Ribet banget, muterÂ² gak jelas petunjuknya Kerjasama sama google aja emailnya Lupa efin, dikirim ke email mailnesia Lupa email disuruh masukin efin Trus gimana cara mengetahui efinnya?"",negatif"
"Pengguna Google,""apk busuk, verifikasi lama"",negatif"
Pengguna Google,Sulit masuk ya eror,negatif
Pengguna Google,yang bener kalau bikin aplikasi,netral
Pengguna Google,saya kasih bintang 2 dulu soalnya baru coba,netral
Pengguna Google,semoga kedepannya lebih baik lagi,netral
Pengguna Google,Bagus n menarik,positif
Pengguna Google,Aplikasi bikin stress,negatif
Pengguna Google,Kacau banget daahhhh nggak niat,netral
Pengguna Google,Cara Ubah Data Gimana,netral
Pengguna Google,Mohon di benarin lgi aplikasinya,netral
Pengguna Google,tidak lama louding,negatif
Pengguna Google,Sangat Membantu,positif
Pengguna Google,Sangat bermanfaat,positif
Pengguna Google,Sangat Membantu,positif
Pengguna Google,Aplikasi tidak berguna,negatif
Pengguna Google,Ok. Sayang bikin pusing,negatif
Pengguna Google,aplikasi kont (sangat bagus),netral
Pengguna Google,knapa sih hari minggu gk kliatan..,netral
Pengguna Google,paling ribet ini buat npwp online,netral
Pengguna Google,sangat membantu sekali,positif
Pengguna Google,Susah masuk nya,negatif
"Pengguna Google,""APLIKASI BUSUK, GA NIAT BIKIN, LOGIN SUSAH, DAFTAR EFIN SUSAH, DIALIHKAN KE WEB SUSAH, SEMUA SUSAH. . . PAYAH. . NOLLLL BESAR GA GUNA"",negatif"
Pengguna Google,Kode Vertifikasi kok lama banget,negatif
Pengguna Google,Kode verifikasi ga ada,negatif
Pengguna Google,Ga guna bikin susah,negatif
Pengguna Google,Kode Verifikasi ga keluar,negatif
Pengguna Google,Sangat Membantu,positif
Pengguna Google,Sangat Membantu,positif
Pengguna Google,apk gak guna,negatif
Pengguna Google,BenerÂ² ga jelas sistemnya,negatif
"Pengguna Google,""Susah skli Dftar smpai k lngkah 2, rquest OTP ggal2 trus Pdhal krtu sim aktiv, jg ad plsa, pkai krtu tlkomsel jg, urus d kkp trdkat gk bisa bntu hrus ssuai wilyah KTP msak cman urus kita byar pjak msih d prsulit"",negatif"
Pengguna Google,Aplikasi error terus,negatif
Pengguna Google,Sangat Membantu,positif
"Pengguna Google,""Gagal verifikasi terus, payah"",negatif"
Pengguna Google,hari gini minta efin suruh datang langsung ke kpp nya..ketinggalan zaman bos..gmn mau maju perpajakan negri ini..sulit,negatif
Pengguna Google,Sngt gg profesional. Otp trobel terus,negatif
Pengguna Google,ribettt bet ngurus ny wkwk perbaiki sistem pak/bu jgn makan gaji doang,negatif
Pengguna Google,sangat bagus maksih yh,positif
Pengguna Google,Sangat Membantu,positif
Pengguna Google,Sangat Membantu,positif
Pengguna Google,HAPUS AJA APLIKASINYAA. PELAYANAN ONLINE SIHUK TERUS. GAK MEMBANTUU!!!,negatif
"Pengguna Google,""TOLONGLAH UNTUK MENDAPATKAN NOMOR E-FIN DIPERMUDAH, MASAK UNTUK DAPAT NOMER E-FIN SAJA SUSAH. NGGAK MALU APA SAMA PAJAK YANG UDAH DIKORUPSI !"",netral"
"Pengguna Google,""A. Pengambilan EFIN harus datang sendiri ke KPP asal. 1. Apa dikiranya semua KPP itu mudah dijangkau, terutama bagi rakyat pedalaman dengan kondisi jalanan hancur, yang KPP terdekatnya berada di ibukota kabupaten lain? Contoh: Rakyat kabupaten Landak, Kalbar, harus ke KPP Sanggau. 2. Apa dikiranya semua orang punya waktu untuk datang sendiri ke KPP asal? Contoh: Warga Kulonprogo, DIY, pindah domisili jadi warga Kab. Bandung, Jabar, dan belum ada waktu pulkam bertahun-tahun. B. Kerja 2x"",netral"
Pengguna Google,Sangat memuaskan,positif
Pengguna Google,Ribet g bisa bisa,negatif
Pengguna Google,bagus sangat membantu,positif
Pengguna Google,Di tingkatkan lagi,netral
Pengguna Google,kok otp verifikasi nya lama sekali,negatif
Pengguna Google,dana pemerintah dipakai sama boomer hasilnya gini amat,netral
Pengguna Google,Perbaiki server nya dulu lah,negatif
Pengguna Google,Datang ke kantor Jumat SD jam4,netral
Pengguna Google,PERBAIKI SYSTEMNYA!!!! JANGAN CUMA MALAK DOANG SU!!,netral
Pengguna Google,Gimana ya cara verifikasi efin mohon bantuan,netral
Pengguna Google,Ga bisa dipake,negatif
Pengguna Google,aplikasi ini jelek sekali lambat jangan percaya orang-orang cht dari Wa,negatif
Pengguna Google,Palingan di kor...,netral
Pengguna Google,ga bisa login,negatif
Pengguna Google,Sangat membantu,positif
Pengguna Google,login sangat lama,negatif
Pengguna Google,ngecek nomor npwp susah banget koruptor koruptor,negatif
"Pengguna Google,""kau, Orang buat pajak aja kau persulit ya"",negatif"
Pengguna Google,Sangat membantu,positif
Pengguna Google,Susah banget minta efin,negatif
Pengguna Google,Baik sangat membantu,positif
"Pengguna Google,""Min mau tanya cara tahu nomor efin gmn,? klupaan"",netral"
Pengguna Google,pelayanan pajak baik,positif
"Pengguna Google,""Ganti coretax donk, ini M-Pajak masih memisahkan NIK dg NPWP"",netral"
Pengguna Google,Woy knapa jam kerja siang sampai sore lu ga mikir yang kerja pa gimana ditambah sabtu libur,netral
Pengguna Google,tidak bisa di buka,negatif
Pengguna Google,gak bisa di unduh,negatif
Pengguna Google,Validasi otp gagal terusss,negatif
Pengguna Google,Gak berfungsi,negatif
Pengguna Google,pajak gak guna ngurus online ribet MW minta efin tapi kolom cuma 15 sedangkan npwp 2025 sudah sama nik.gak ngotak .bubar aja ..,negatif
Pengguna Google,Kapan negara mau maju petugas pajak aja males kayak nya kasih layanan rakyat.Pecat sja petugas kayak gtu negara rugi gaji orang2 gk becus.makan gaji buta uang rakyat kau .tak laporin ke staf presiden lewat imail klian bakalan biar tau pusat sekalian mau main2 sama rakyat,negatif
Pengguna Google,Ini appl apa sih ko percuma,netral
Pengguna Google,Knpa daftar NPWP online susah,negatif
Pengguna Google,mau login aja susah skli,negatif
Pengguna Google,aplikasi apa ini? ga guna banget eror mulu,negatif
Pengguna Google,cuman di indon mau bayar pajak dipersulit,negatif
Pengguna Google,aplikasi tidak bermutu,negatif
"Pengguna Google,""""""KEMUDAHAN"""" APANYA ,,INI BUAT ORANG YANG BELUM SAMA SEKALI PUNYA NPWP MAU DAFTAR SUSAH BANGAT ,,MANA SERVER DI WEB GAJELAS ,,KADANG NOMOR NPWP CABANGNYA SALAH KADANG BENER"",netral"
Pengguna Google,Masih blm bagus,netral
Pengguna Google,ini aplikasi penipuan,negatif
Pengguna Google,kalau ada bintang 0 kasih bintang 0 deh.. ga sopan banget tiba tiba ngehapusin data orang ambil HP ga tau malu ga punya adab karyawannya,negatif
Pengguna Google,aplikasi tidak berguna,negatif
Pengguna Google,otp ga pernah di kirim woi,negatif
Pengguna Google,aplikasi apa ini GK bisa login,negatif
"Pengguna Google,""Merugikan waktu,"",negatif"
Pengguna Google,Parah parah gak becul betol yg buat aplikasi,negatif
Pengguna Google,Susah kelek aplikasinya,negatif
Pengguna Google,Trima kasih...bagus aplikasinya,positif
Pengguna Google,Aplikasi jelek ribet lagi,negatif
Pengguna Google,mau kasih dana buat lu korupsi aja susah banget,negatif
Pengguna Google,Aplikasi g jelas malah ribet,negatif
"Pengguna Google,""Data saya bocor, orang mau bayar pajak dipersulit"",negatif"
Pengguna Google,Aplikasi ga berguna,negatif
Pengguna Google,apk tertolol yang pernah ada,negatif
Pengguna Google,susah buat laporan,negatif
Pengguna Google,Susah buat login,negatif
Pengguna Google,Aplikasinya luar biasa,positif
Pengguna Google,Tidak membantu,negatif
Pengguna Google,bintang 5 buat korupsii,negatif
Pengguna Google,gak bisa d buka,negatif
Pengguna Google,dulu lebih simpel,netral
Pengguna Google,Aplikasi ga berguna,negatif
Pengguna Google,Pengajuan EFIN selalu gagal,negatif
Pengguna Google,Bikin aplikasi yang bener lah,netral
Pengguna Google,Ga bisa dibuka,negatif
Pengguna Google,Tidak membantu,negatif
Pengguna Google,Dipaksa laporan SPT. Wajib setoran. kemudian uangnya di maling buat beli robikon sama moge. Pamer kemewahannya ke rakyat sedangkan modalnya hasil nyolong uang rakyat. Kan bang$add,negatif
Pengguna Google,Susah sekale perpajakan kita epribadeh,negatif
"Pengguna Google,""Kita bayar, kita yang lapor. Kebalik"",negatif"
Pengguna Google,Kau makan uang haram aja kerjaannya wkwkw. Ayo beli rubicon lg ngab biar indonesia ini makmur damai sejahtera,netral
"Pengguna Google,""aplikasi sesat, mending di hapus saja lah .."",negatif"
Pengguna Google,tambah mudah aman,positif
"Pengguna Google,""KALO BERFUNGSI DENGAN BAIK DAN BENAR, BUKAN APLIKASI PEMERINTAH NAMANYA, APLIKASI PEMERINTAH WAJIB SAMPAH KEK GINI YA?"",netral"
Pengguna Google,Baru bikin NPWP Password anda salah Sabar aku kak Harus pake Kode EFIN mau ganti password ^_^ kode EFIN Dateng ke kantor yah ?:) Hehe,netral
Pengguna Google,aplikasi susah di gunakan,negatif
Pengguna Google,Sangat bermampaat,positif
Pengguna Google,Aplikasinya Ga Membantu,negatif
Pengguna Google,Ngabisin pulsa doang buat minta otp,negatif
"Pengguna Google,""dikasih saran hubungi via 1500200, malah tdk aktif ðŸ˜…"",netral"
"Pengguna Google,""APLIKASI LEMBAGA PEMERINTAH INDONESIA TIDAK ADA YANG BENAR, ERRORR MULU KEK PEJABATNYA.MENDING HAPUS AJA IAtU APLIKASI, GA GUNA, DANA KEBANYAKAN DI KORUPSI ...ANJENGLAH"",negatif"
Pengguna Google,Bapak / Ibu bagaimna cara mengganti kategori pendaftaran.pajak badan menjadi pajak pribadi.,netral
Pengguna Google,Buat NPWP online dipersulit,negatif
Pengguna Google,semogga bisa membantu,positif
Pengguna Google,APLIKASI EROR GAJELAS,negatif
Pengguna Google,Gagal terus buat EFIN,negatif
"Pengguna Google,""Orang Goblok ngurus negara, pantes ni negara miskin terus gk maju2"",netral"
"Pengguna Google,""korupsi doang lu getol, dari 2020 bikin NPWP itu kartu ga jadi2 skrg kudu ada EFIN. Gak jelas, ditelpon jawabannya selalu diluar jam operasional, lu kerjanya kapan?"",negatif"
Pengguna Google,Terima kasih M-Pajak,positif
Pengguna Google,Memberi dan Menerima,positif
Pengguna Google,login gagal terus,negatif
Pengguna Google,Sumpah ini aplikasi jelek banget.,negatif
Pengguna Google,Live chat nya GK bisa d akses,negatif
Pengguna Google,Kebanyakan ngelem yg bkin apk,netral
Pengguna Google,Aplikasi para koruptor,negatif
"Pengguna Google,""MAU LOGIN TAPI NGISI NO NYA CUMA 15 ANGKA, LAH ORNG NO NIK AJA 16. DIPERBAIKI YA TLNG."",netral"
Pengguna Google,Aplikasi Ngak Guna,negatif
"Pengguna Google,""ANGGARAN NEGARA + GAJI PEGAWAI NYA AJA GEDE , TAPI PELAYANAN 0 BESAR MAU LAPOR AJA SUSAH NYARI EFIN."",negatif"
Pengguna Google,Tidak bs dibuka....,negatif
Pengguna Google,Biarkan bintang yg berbicara,netral
Pengguna Google,Cape2 isi data. . Nunggu validasi kelamaan . . . Ajimmmmvapk xa nih,netral
Pengguna Google,WOI BETULIN ITU. MASA NIK NYA GABISA 1 DIGIT LAGI DIKETIK. ANGGARAN DOANG GEDE. APLIKASINYA SAMPAH,negatif
Pengguna Google,Aplikasi busuk gini ngabisin anggaran negara aja !!! Pelayanan kek kadal,negatif
Pengguna Google,sangat membantu sekali.,positif
"Pengguna Google,""MAU RESET LUPA SANDI AJA, """"PASSWORD DI KIRIM KE EMAIL"""". TAPI DITUNGGU SAMPAI KUCING BERANAK 100 PUN GAK MASUKÂ². SERIUS GAK SIH MELAYANI RAKYAT?"",netral"
"Pengguna Google,""02/11/2023 tumbang server ga bisa akses , server negara"",negatif"
Pengguna Google,kalian kalian semua kelak di akhirat akan di minta pertanggungjawaban atas pajak yg kalian terima !,netral
Pengguna Google,Sulit banget daftar NPWP online di DJP online,negatif
"Pengguna Google,""NEGARA INSTANSI NYA GK BERMUTU. UDAH NARIK IURAN,UPETI,PAJAK... INI PELAYANAN NYA GK LENGKAP. HADUH"",netral"
Pengguna Google,korupsi terus yang buat maintenance di korup bodoh,negatif
Pengguna Google,Yang digadang gadang setiap baliho efiling ternyata zonk wkwkwwk,netral
Pengguna Google,aplikasi sampah. ngabisin duit negara,negatif
Pengguna Google,Ribet bikin bingung,negatif
Pengguna Google,saya udah dipandu terimakasih,positif
Pengguna Google,penipu hati2 semua ini mencari data pribadi,negatif
Pengguna Google,Aplikasi jelek ga guna,negatif
Pengguna Google,RUWETTTT!!!!! NUNGGU PESAN GMAIL TAHAP DUA GA MUNCUL MUNCUL DJP GA GUNA NAMBAH KERJAAN ORG AJA SISTEMNYA JUGA DI PERSULIT,negatif
"Pengguna Google,""Aplikasi sampah buang"""" duit rakyat aja Halah"",negatif"
Pengguna Google,Tanyakan pada bintang,netral
Pengguna Google,Tambah ribet aplikasinya,negatif
Pengguna Google,Apk busuk jangan didonlot,negatif
Pengguna Google,susah sekali login,negatif
Pengguna Google,Mau daptar aja susah,negatif
Pengguna Google,Gak sampe 5 menit dapet Efin,positif
Pengguna Google,tahun 2025 pengurusan pajak makin di persulit,negatif
Pengguna Google,aplikasi terbobrok yang pernah saya buka,negatif
Pengguna Google,apk gak guna,negatif
Pengguna Google,Belum mencoba masih dipelajari,netral
Pengguna Google,Semoga mempermudah,positif
Pengguna Google,Rubicon nya mana nih??,netral
Pengguna Google,Baik membantu,positif
Pengguna Google,jelek lemot parah,negatif
Pengguna Google,BIROKRASI BERBELIT. UJUNG UJUNGNYA DUIT PAJAKBUAT BELI RUBICON KENAPA HARUS RIBET!,negatif
Pengguna Google,aplikasi ala kadarnya...,netral
Pengguna Google,Bikin malu ini aplikasi,negatif
Pengguna Google,Njelimet. Bertele tele.,negatif
Pengguna Google,Ga bisa dihubungi 1500200,netral
Pengguna Google,DJP memang yang terbaik,positif
Pengguna Google,YANG NGASIH BINTANG 5 FIX DIBAYAR. APLIKASI AMPAS,negatif
Pengguna Google,aplikasi rusak di biarkan . sekelas BUMN kocak,negatif
"Pengguna Google,""lupa sandi tetap minta efin, efin wajib ke kantor.... seribet ini kah rakyat menyetor uang ke negara"",negatif"
Pengguna Google,bikin NPWP susah. g guna asli,negatif
Pengguna Google,Bagus membantu,positif
Pengguna Google,Aplikasi bagus,positif
Pengguna Google,Berapa bulan lama menunggu EFIN keluar?,netral
Pengguna Google,lebih baik dari sebelumnya,positif
Pengguna Google,Ini sebenernya aplikasi apa yaa??,netral
Pengguna Google,Aplikasi buat habisin anggaran..bobrok..sebobrok moral pejabat konoha..yg penting..cuan..cuan..cuan..,negatif
Pengguna Google,Aplikasi tersusah di muka bumi ini.,negatif
"Pengguna Google,""mungkin tahap uji coba, makanya gagal terus. ðŸ¤­"",negatif"
Pengguna Google,Saya sangat terbantu,positif
Pengguna Google,AOK GK GUNA MAU DAFTAR NPWP MINTA NO HP TAPI GK NGIRIM KODE..,netral
Pengguna Google,Belum memuaskan,netral
Pengguna Google,sandi sama no npwp udh bener masa salah gimana si!!!!,netral
Pengguna Google,Kode efin ga di kirim2 parah bgt,negatif
Pengguna Google,Sangat membantu,positif
Pengguna Google,Kapan pajak d bebaskan,netral
Pengguna Google,Tidak bermanfaat,negatif
Pengguna Google,aplikasi indo emang gini,netral
"Pengguna Google,""Mantappp, terus kembangkan"",positif"
Pengguna Google,aplikasi terburuk sepanjang masa,negatif
Pengguna Google,Saya mu bikin NPWP susah g d respon,negatif
Pengguna Google,susah untuk masuk,negatif
Pengguna Google,Kurang lengkap Pak,negatif
"Pengguna Google,""Aplikasi pemerintah sama"""" DUNGU NYA"",negatif"
Pengguna Google,Gak niat bantu masyarakat ðŸ‘Ž,netral
Pengguna Google,Lambat penanganan,negatif
Pengguna Google,Selalu eror atau salah,negatif
Pengguna Google,sampah bener ni apk ya Allah,negatif
Pengguna Google,Sangat membantu,positif
Pengguna Google,periksa Sri mulayani atas kasus cortex yang memakan 1T lebih,netral
Pengguna Google,aplikasi nya rumit,negatif
Pengguna Google,Tidak berguna,negatif
Pengguna Google,mudah di gunakan,positif
Pengguna Google,xml dan jdon fi perbaiki,netral
Pengguna Google,Tetep aje ribet.. ðŸ˜Œ,negatif
Pengguna Google,aplikasi tidak berguna,negatif
Pengguna Google,mau login aja susah,negatif
Pengguna Google,aplikasi gak berguna,negatif
Pengguna Google,Proses daftar lama,negatif
Pengguna Google,Semua akan ada pertanggung jawabanya,netral
Pengguna Google,Gimana cara lapornya!!!!,netral
Pengguna Google,app nya ribet banget,negatif
"Pengguna Google,""1,2 Triliun kaya gini hasilnya?"",netral"
Pengguna Google,sangat membantu..,positif
Pengguna Google,cara daftarnya gimna,netral
"Pengguna Google,""serba ribet, lupa password minta efin, urus efin diverifikasinya GK kelar2, bikin kesel!!!"",negatif"
Pengguna Google,Coba wajib pajak,netral
Pengguna Google,Kembalikan kayak dulu,netral
Pengguna Google,DIKASIH ANGGARAN TETEP AJA BIKIN APLIKASI SAMA WEBSITE BURUK GAJELAS KUALITAS RENDAH EMANG HOBI KORUPSI PEJABAT INDO HAMA,negatif
Pengguna Google,Buang-buang kuota aja ...,negatif
Pengguna Google,dirjen pajak wajib diperiksa ni,netral
Pengguna Google,Tidak berguna,negatif
Pengguna Google,mulai kemarin error terus,negatif
Pengguna Google,aplikasi pajak cacat apalikasi apaan begini,negatif
Pengguna Google,mau buat aja di persulit,negatif
Pengguna Google,APLIKASI SAMPAH.. LUPA PASSWORD UDAH NGIKUTIN LANGKAH2 VERIFIKASI GMAIL GA MUNCUL,negatif
Pengguna Google,MAU URUS EFIN SURUH MASUKIN NPWP SEKARANG NPWP SAMA DENGAN NIK ( 16 DIGIT ) SEDANGKAN MAKSIMAL MASUKAN NPWP PADA KOLOM EFIN CUMA 15 DIGIT SAAATTT SAAATTTT,netral
Pengguna Google,pajak ketinggian,netral
Pengguna Google,Mengetahui Berapa pajak saya,netral
Pengguna Google,SDN & NASIONALISME KURANG.....MAKAN PAJAK RAKYAT.. #KONYOL kode otp sulit...,negatif
Pengguna Google,susah dan ribet,negatif
Pengguna Google,Apk gk jelas,negatif
"Pengguna Google,""Percobaan , semoga tidak mengecewakan."",netral"
Pengguna Google,MASA IYA TANGGAL LAHIR GUA TANGGAL 15 KAGAK ADA TERUS GUA HARUS ISI TANGGAL 14 NYA ? LUCU,netral
Pengguna Google,Ora kok menakne malah ngangelke goblok,negatif
Pengguna Google,Susah bukanya,negatif
Pengguna Google,sangat memuaskan,positif
"Pengguna Google,""WEB E FILLING SPT HARI INI ZONK LAGI PPKM ZONK LAGI PSBB ZONK LAGI PUASA ZONK, E FILLING ZONK (KALAH SAMA BCA) payah"",netral"
Pengguna Google,Dana aplikasi nya di korupsi kah??,netral
Pengguna Google,sekelas web pemerintah modelannya begini nunggu no verifikasi udh kaya nunggu bansos,negatif
"Pengguna Google,""Mau lapor aja, ribet"",negatif"
Pengguna Google,biar bintang yang berbicara,netral
Pengguna Google,baru masukkan NPWP udah salah..apalagi kurg 1 angka GK ke baca padahal ku paste,netral
Pengguna Google,sering susah login,negatif
Pengguna Google,Tlp. G di angkat angkat Dah abis 100rebu pulsa Cs Kantor pajak ganti pake cs bank,netral
Pengguna Google,Perlu dibenahi â€¢â€¢â€¢,netral
"Pengguna Google,""Bayar pajak elit, pelayanan syulid. Slebew"",netral"
Pengguna Google,Kode OTP nya mana njirr,netral
Pengguna Google,Gabisa dibuka,negatif
"Pengguna Google,""Buang2 anggaran aja, g guna"",negatif"
Pengguna Google,Gemana kalau ada dua npwp,netral
Pengguna Google,Bagus sekali aplikasi ini,positif
Pengguna Google,Kocak gk bisa verifikasi kode,negatif
Pengguna Google,system sampah..banyak koruptor gajelas sampah,negatif
Pengguna Google,Aplikasi ga guna..,negatif
Pengguna Google,ga niat bikin server,negatif
Pengguna Google,kalau membantu saya tambahin,netral
Pengguna Google,Birokrasi utk pegawai,netral
Pengguna Google,sangat buruk sekali,negatif
Pengguna Google,EFIN ? gak ada yg lebih muadah lagi?,negatif
Pengguna Google,gagal terus tiap buat efin,negatif
Pengguna Google,Bintang aja yg nilai,netral
Pengguna Google,apk bermasalah.... GK jelas,negatif
Pengguna Google,Aga lemot yah,negatif
Pengguna Google,Mempersulit trus,negatif
Pengguna Google,percuma pembuatan NPWP online kalo harus minta EFIN offline ke kpp,negatif
Pengguna Google,cortex emang asu mau bikin NPWP susahnya minta ampun,negatif
"Pengguna Google,""efin aja harus ke kantor,..thn 2023 masih kaku aja..."",netral"
Pengguna Google,sangat bermanfaat,positif
Pengguna Google,Pelayanan minusss....,negatif
Pengguna Google,kurang tanggap terhadap keluhan tapi maklum harus menunggu perhitungan tahunan.,negatif
Pengguna Google,Mudah di akses,positif
Pengguna Google,ga guna aplikasi sampah,negatif
Pengguna Google,Semoga selalu membantu kami,netral
Pengguna Google,APLIKASI SAMPAHHH!! GA APLIKASINYA GA INSTITUSINYA SEMUANYA GA GUNA PAYAH SEMUANYA,negatif
Pengguna Google,masih aja ada EFIN kirain udah musnah,negatif
Pengguna Google,Wah parah aplikasinya,negatif
"Pengguna Google,""emng tolol pemerintahan gada kerja nya, bikkn npwp online aja susah bgt idiot"",negatif"
Pengguna Google,wkwk Dana 1T jadinya apk ganiat,negatif
Pengguna Google,Susah mendaftar,negatif
Pengguna Google,aplilasi pemerintah kok seperti ini!!,netral
Pengguna Google,Kasih tau rubah alamt,netral
"Pengguna Google,""Data saya bocor, tolong di tindak lanjuti"",negatif"
Pengguna Google,Parah lah... Ngga bener...,negatif
"Pengguna Google,""GABISA LOGIN NIHH BLOKKK, KIRIM KODE VERIFIKASI KE EMAIL TPI GK DIKIRIM' KOCAKKKK"",negatif"
Pengguna Google,pegawai pajak kerjanya apa? karyawan diminta laporan pajak sendiri,netral
Pengguna Google,apk ga guna,negatif
Pengguna Google,Eror terus jadi horor,negatif
"Pengguna Google,""Benerin servernya, apa mau korupsi lg?"",negatif"
"Pengguna Google,""ini gimana masuknya, saya lupa kata sandi."",netral"
Pengguna Google,Aplikasi pemerintah selalu bodoh,negatif
Pengguna Google,Pelayanan lambat,negatif
Pengguna Google,verifikasi gagal terus,negatif
Pengguna Google,Gimana daftarnya,netral
Pengguna Google,mana SMS verifikasi nunggu lama lama,negatif
Pengguna Google,saya simpulkan dari komentar yang bintang 1 sampe 5...ini apk SAMPAH,negatif
Pengguna Google,Kode verifikasi g masuk2,netral
Pengguna Google,LAPOR LUPA EFIN TAPI GA DAPET KODE KONFIRMASI. ANEH,negatif
Pengguna Google,aplikasi bikin stresss,negatif
Pengguna Google,ujung2nya suruh konsultasi ke kantor pajak terdekat.,netral
Pengguna Google,aplikasi terburuk yg pernah ada,negatif
Pengguna Google,Apk ga guna,negatif
Pengguna Google,Aplikasi nya jelek,negatif
Pengguna Google,ribet..... aplikasi ga guna,negatif
"Pengguna Google,""Gausa di dnlod, ga guna"",negatif"
Pengguna Google,ini sarang korupsi/coretax eroor,negatif
Pengguna Google,gak berguna serius,negatif
Pengguna Google,Aplikasih payah.. parah,negatif
Pengguna Google,Apk ga guna,negatif
Pengguna Google,Bintang 5 tuk staf di meja informasi KPP Ambon. Serta staf lainnya,netral
Pengguna Google,Diperbaiki lah,netral
Pengguna Google,RUMIT !! GA FAHAM !,negatif
Pengguna Google,sengaja download biar kasi bintang 1,netral
Pengguna Google,masih tahap uji coba....,netral
Pengguna Google,sangat lambannnnn,negatif
Pengguna Google,Aplikasi gak guna,negatif
Pengguna Google,Semoga membantu WP,netral
Pengguna Google,aplikasi gak berguna,negatif
Pengguna Google,Aplikasi gk berguna,negatif
"Pengguna Google,""awas penipuan, report aja"",negatif"
Pengguna Google,HATI HATI PENIPUAN SAAT INI,negatif
Pengguna Google,Tim IT terburuk pada sebuah lembaga pemerintah,negatif
Pengguna Google,mau masuk eror terus,negatif
"Pengguna Google,""Langsung unimstal,, apk CACAT"",negatif"
Pengguna Google,selalu gagal verifikasi efin,negatif
Pengguna Google,mitra pelaporan yg cerdas,positif
Pengguna Google,Nggak berkembang,negatif
Pengguna Google,udah tertib... ehh gantian laporan dipersulit.,negatif
Pengguna Google,aplikasi gak guna.,negatif
"Pengguna Google,""Dear Admin Developer, kenapa nama jalan & dusun di E-NPWP beda dengan NPWP yg didapatkan dari print di KPP Pratama ya?"",netral"
Pengguna Google,Jangan di Korupsi,negatif
"Pengguna Google,""Aplikasi BUSUK, GA GUNA"",negatif"
"Pengguna Google,""Semoga, orang Awam seperti saya Makin MudengðŸ˜‚"",netral"
Pengguna Google,khusus penjabat saja,netral
Pengguna Google,Mantap app nya,positif
Pengguna Google,Bikin bangkrut warga indonesia,negatif
Pengguna Google,Aplikasi sia sia,negatif
Pengguna Google,tidak membantu,negatif
Pengguna Google,Lemot server parah,negatif
Pengguna Google,Keren nih aplikasi,positif
Pengguna Google,aplikasi gak bermutu,negatif
Pengguna Google,sampah bat aplikasi nya,negatif
Pengguna Google,Mantap Pelayanan Nya,positif
Pengguna Google,Apk sistem gK matang jgn maksa diluncurin,negatif
Pengguna Google,Paling males punya urusan sama negara,negatif
Pengguna Google,sangat baik sekali,positif
Pengguna Google,gak ada kolom lupa kata sandi,netral
Pengguna Google,Aplikasi ga guna,negatif
Pengguna Google,webnya ampas banget bambanggggg,negatif
Pengguna Google,Yang aku maah blm. Log in.,netral
Pengguna Google,login aja susah,negatif
Pengguna Google,Apl ga jelas fak kata gue teh . Link bapuk bang*t,negatif
Pengguna Google,sistem sangat buruk,negatif
Pengguna Google,rada bingung mau lapor PJK ny,negatif
Pengguna Google,Rumit.sulit.ubah data profil saja harus menghubungi kpp administrasi,negatif
Pengguna Google,sangat membantu,positif
Pengguna Google,selalu gagal cek efrin,negatif
Pengguna Google,pelayanan di kantor jelek sekali.,negatif
Pengguna Google,Aplkasi gk jelas,negatif
Pengguna Google,ga jelas mau lu gimana,negatif
Pengguna Google,Parah... mending di hapus saja,negatif
Pengguna Google,2025 apakah efin sudah tidak berlaku,netral
Pengguna Google,aplikasi yang bagus,positif
Pengguna Google,App gk jelas ...sampah,negatif
Pengguna Google,mau cek Evin aja susah bgt,negatif
Pengguna Google,Onle malah gagal,negatif
Pengguna Google,lapor SPT bisa di sini ga?,netral
Pengguna Google,EMANG ORANG PEMERINTAH KERJA PADA KAGAK BECUS,negatif
Pengguna Google,Aplikasi penipuan,negatif
Pengguna Google,ribet mau login ge,negatif
Pengguna Google,aplikasi sudah kadaluarsa ðŸ¤¦,negatif
Pengguna Google,minimal kalok promisi jangan di tipu,negatif
Pengguna Google,G niat buat aplikasi,netral
Pengguna Google,Ribet di Indonesia,negatif
Pengguna Google,cukup 1 bintang,netral
Pengguna Google,apps apaan nih,netral
Pengguna Google,kendala saat login,netral
Pengguna Google,Ribet otp segala.. Capca segala.. Hadehhb.. Persulit sekali,negatif
Pengguna Google,aplikasinya super eror,negatif
Pengguna Google,tidak berguna,negatif
Pengguna Google,aplilasi tak jelas,negatif
Pengguna Google,Mudah digunakan,positif
Pengguna Google,Parah d persulit,negatif
Pengguna Google,Dagang es teh ae udh nyusahin rakyat doang,netral
Pengguna Google,Aplikasi ngeselin,negatif
"Pengguna Google,""ngerepotin rakyat, keat"",negatif"
Pengguna Google,kortek gak jelas,negatif
Pengguna Google,tidak berguna,negatif
Pengguna Google,Belum ada pengalaman,netral
Pengguna Google,memudahkan sgalanya &di permudah,positif
Pengguna Google,sangat membantu,positif
Pengguna Google,sangat terbantukan,positif
Pengguna Google,request otpnya kelamaan,negatif
Pengguna Google,Kita yang bayar kok kita yang ribet ðŸ˜ž,negatif
Pengguna Google,tidak berguna,negatif
Pengguna Google,Ngebug aplikasinya,negatif
Pengguna Google,app Konoha emang payah,negatif
Pengguna Google,Ngerti teknologi ga sihh?,netral
Pengguna Google,ga beres aplikasinya,negatif
Pengguna Google,Aplikasi gak guna ðŸ‘Ž,negatif
Pengguna Google,Mantap kali iniðŸ˜ðŸ˜ðŸ˜,positif
Pengguna Google,AWAS APLIKASI SINDIKAT PENIPUAN,negatif
Pengguna Google,Aplikasi gak jelas,negatif
Pengguna Google,Gk ada guna aplikasiny,negatif
Pengguna Google,email tidak masuk,netral
"Pengguna Google,""sumpah, kesel banget.. gajelas"",negatif"
Pengguna Google,Ga guna banget,negatif
Pengguna Google,Bsgai mana mendapatkan kode efin saya,netral
Pengguna Google,aplikasi ga guna,negatif
Pengguna Google,tidak bisa berkata-kata,netral
Pengguna Google,awas ini aplikasi Phising,negatif
Pengguna Google,Keren aplikasi nya,positif
Pengguna Google,keren si.... minta EFIN ga harus ke KPP,positif
Pengguna Google,Bagus sekali,positif
Pengguna Google,buat npwp di tolak,negatif
Pengguna Google,Cocok untuk kemajuan,positif
Pengguna Google,mudahan sesuai harpana,positif
Pengguna Google,Aplikasi sangat baik,positif
Pengguna Google,Bagus sekali,positif
Pengguna Google,aplikasi kaga jelass,negatif
Pengguna Google,knp g bs dibuka,negatif
Pengguna Google,GK jelas... Semoga hari mu senin,netral
Pengguna Google,Mempersulit saja,negatif
Pengguna Google,ribet pake efin segala,negatif
Pengguna Google,Aplikasi gak guna,negatif
Pengguna Google,sangat membantu..,positif
Pengguna Google,Baru buka udah eror,negatif
Pengguna Google,Bagus sekali,positif
Pengguna Google,apakah pendaftaran NPWP bisa lewat online !,netral
Pengguna Google,Aplikasi gak guna,negatif
Pengguna Google,tolol menyusahkan saja,negatif
Pengguna Google,aplikasi ngga berguna,negatif
Pengguna Google,Roaming lama parah !,negatif
Pengguna Google,nyusahno wong kte gwe NPWP CK ruwet e glm dibayar opo ndk,negatif
Pengguna Google,Banyak yg eror,negatif
Pengguna Google,ngapain bayar pajak?,netral
Pengguna Google,Ngapa ini ya ðŸ™‚â€â†•ï¸,netral
Pengguna Google,Aplikasi sampaaaaaaah,negatif
Pengguna Google,Ribet banget sumpah nyusahin orang.,negatif
Pengguna Google,apk nya sampah,negatif
Pengguna Google,Aplikasi gk guna,negatif
Pengguna Google,Aplikasi ga jelas,negatif
Pengguna Google,Apk ngk mutu,negatif
Pengguna Google,Aplikasi Keluar sendiri,negatif
Pengguna Google,Ribet kata temen gua,negatif
Pengguna Google,kurang pro aplikasinya,netral
Pengguna Google,sangat membantu,positif
Pengguna Google,Lupa sandi GK bisa Daftar baru GK bisa Nyuci piring bisa kau?ðŸ¤¬ðŸ˜¡,netral
Pengguna Google,Dimana di dapatkan kode Efin pajak?,netral
Pengguna Google,terlalu ribet,negatif
Pengguna Google,Aplikasi mantul bosqoue,positif
Pengguna Google,Bikin susah aja,negatif
Pengguna Google,Login salah Mulu ajg,negatif
Pengguna Google,Aplikasi gk jelas,negatif
Pengguna Google,sangat membantu,positif
Pengguna Google,Membantu skli,positif
Pengguna Google,Parah loginnya,negatif
Pengguna Google,JOKOWI SDH KELAMAAN MENJABAT HARUS DIGANTI PARTAI LAIN.SISTEM BOBROK.MAU MINTA EFIN AJA DIPERSULIT.NEGARA ANJIHINGGGG,negatif
Pengguna Google,sangat membantu,positif
Pengguna Google,gmn cara buat spt tahunan?,netral
Pengguna Google,nggak ngerti bgt,negatif
Pengguna Google,Unfaedah nih aplikasi,negatif
Pengguna Google,Sudah dipakai menipu istri oleh oknum,negatif
Pengguna Google,Aplikasi bikin dosa aja,netral
Pengguna Google,Dicoba dulu semoga berhasil,netral
Pengguna Google,sangat membantuðŸ™,positif
Pengguna Google,Aplikasi yg TDK bermutu,negatif
Pengguna Google,W DAH TLPN MINTA KODE EFIN SUSAH BGT NGABISIN PULSA DOANG HETDAH,negatif
Pengguna Google,Semoga bermanfaat,netral
Pengguna Google,sangat membantu,positif
Pengguna Google,sangat membantu,positif
Pengguna Google,pelayanan djp Cengkareng ramah,positif
Pengguna Google,Coretax bikin pusing,negatif
Pengguna Google,Ga bisa di buka,negatif
Pengguna Google,sangat membantu,positif
Pengguna Google,sangat membantu,positif
Pengguna Google,Aplikasi ga guna,negatif
Pengguna Google,Aplikasi Penipuan,negatif
Pengguna Google,Aplikasi nyusahin doang,negatif
Pengguna Google,Akalau ngak bagia hapus lagi bos,negatif
"Pengguna Google,""Tolol npwp online tolol pembodohan, nyusahin org"",negatif"
Pengguna Google,sampah sekali,negatif
Pengguna Google,Dodo ga bisa masuk,negatif
Pengguna Google,Gk bisa d gunain,negatif
Pengguna Google,aplikasi gak jelas,negatif
Pengguna Google,sangat bermanfaat,positif
Pengguna Google,gara2 akun pajak Ni saya kenak tipu,negatif
Pengguna Google,Manfaatkan seperlunya!,netral
Pengguna Google,di perbaiki lagi,netral
Pengguna Google,Ksh rating 1 ajj Pelayanan pemerintah kok gni,negatif
Pengguna Google,ntah apa ribet kali,negatif
Pengguna Google,Bantu buka ka,netral
Pengguna Google,Aplikasi Ra jelas,negatif
Pengguna Google,Mantep.....lgsg dpt efin,positif
Pengguna Google,Aplikasi ngga guna,negatif
Pengguna Google,Aplikasi penipu,negatif
Pengguna Google,mau bikin NPWP online aja susah,negatif
Pengguna Google,bikin NPWP di persulit,negatif
Pengguna Google,Aplikasinya mantapðŸ‘ðŸ‘,positif
Pengguna Google,lambat berproses,negatif
Pengguna Google,Begini EMG KLO layanan plat merah...,netral
"Pengguna Google,""Merepotkan,"",negatif"
Pengguna Google,di pelajarin dulu,netral
Pengguna Google,kasih 3 dlu ya,netral
Pengguna Google,sangat membantu,positif
Pengguna Google,INTINYA PELAYANAN JELEK,negatif
Pengguna Google,apk gk jelas,negatif
Pengguna Google,ngak berguna,negatif
Pengguna Google,jelek sekali,negatif
Pengguna Google,aplikasi ga guna,negatif
Pengguna Google,ribet sekali,negatif
Pengguna Google,membagongkan,negatif
Pengguna Google,mending gausah ada,netral
Pengguna Google,tdk berguna,negatif
Pengguna Google,errorrr g berguna,negatif
Pengguna Google,Aplikasi gak guna,negatif
Pengguna Google,Ga bekerja...error,negatif
Pengguna Google,pelayanan yang buruk,negatif
Pengguna Google,Mantap pokok na mah..,positif
Pengguna Google,GX bisa login,negatif
Pengguna Google,Mari bayar pajak,netral
Pengguna Google,m Pajak no Ribet,netral
Pengguna Google,KODE VERIFIKASI NYA MANAAA,netral
Pengguna Google,apk ga jelas,negatif
Pengguna Google,aplikasi ga guna,negatif
Pengguna Google,VERIFIKASI GAGAL TERUS,negatif
Pengguna Google,Kenyang ya kalian,netral
Pengguna Google,Benar benar Parah,negatif
Pengguna Google,tidak membantu,negatif
Pengguna Google,Baik baik saja,positif
Pengguna Google,Paling membantu,positif
Pengguna Google,Mudah untuk. Mengecek PBB stts,positif
Pengguna Google,sangat membantu,positif
Pengguna Google,Membingungkan,negatif
Pengguna Google,sangat membantu,positif
Pengguna Google,masih perlu di evaluasi lagi,netral
Pengguna Google,apk ga guna,negatif
Pengguna Google,Lupa kata sandi,netral
Pengguna Google,apk tai lemot,negatif
Pengguna Google,SUMPAH GA GUNA BGT.,negatif
Pengguna Google,lama dapat kode otp nya,netral
Pengguna Google,stop bayar pajak,netral
Pengguna Google,aplikasi apa ini? sampah ðŸ¤£,negatif
Pengguna Google,aplikasi terjelekðŸ‘Ž,negatif
Pengguna Google,aplikasi gk guna,negatif
Pengguna Google,gak berguna,negatif
Pengguna Google,Masih di uji coba,netral
Pengguna Google,Gk bisa dibuka,negatif
Pengguna Google,Ribet mesti isi nomer efin,netral
Pengguna Google,cortex sue asu bikin emosi input panjang panjang null eror,negatif
Pengguna Google,Parah pokoknya..,negatif
Pengguna Google,sangat membantu,positif
Pengguna Google,Ni aplikasi rewel bgt,negatif
Pengguna Google,kesabaran saya dah habis:),negatif
Pengguna Google,Apk Dak jelas,negatif
Pengguna Google,ribet login nya,negatif
Pengguna Google,Perbaiki lagi,netral
Pengguna Google,Semoga membantu,positif
Pengguna Google,Puyeeng kalau permula,netral
Pengguna Google,Terlalu ribet,negatif
Pengguna Google,kok cacat ya,negatif
Pengguna Google,MANTAB lanjutkan sobat,positif
Pengguna Google,Jelek pak sumpah,negatif
Pengguna Google,aplikasi gak guna,negatif
Pengguna Google,rusak aplikasinya,negatif
Pengguna Google,semoga berhasil lapor,netral
Pengguna Google,aplikasi gak jelas,negatif
Pengguna Google,Belum saya coba,netral
Pengguna Google,Tak bermanfaat,negatif
Pengguna Google,saya merasa puas,positif
Pengguna Google,mau msk eror mlu,negatif
Pengguna Google,Balikin data gua anjingvvvv,negatif
Pengguna Google,gtw pen rating bintang 1,netral
Pengguna Google,Ga guna anjengg,negatif
Pengguna Google,cara masuknya gimana?,netral
Pengguna Google,Aplikasi ga jelas,negatif
Pengguna Google,birokrasi berbelit2,negatif
Pengguna Google,sangat membantu,positif
Pengguna Google,dimudahkan,positif
Pengguna Google,Baik sekali,positif
Pengguna Google,Aplikasi gk guna,negatif
Pengguna Google,Menyebalkan,negatif
Pengguna Google,sangat membantu,positif
Pengguna Google,Aplikasi SANGAT Pro,positif
Pengguna Google,membingungkan,negatif
Pengguna Google,coretaxnya cacat,negatif
Pengguna Google,Layanan bobrok TDK dpt di instal,negatif
Pengguna Google,sangat membantu,positif
Pengguna Google,Buang buang waktu,netral
Pengguna Google,jelek sekali,negatif
Pengguna Google,Menyedihkan,negatif
Pengguna Google,sistem eror terus,negatif
Pengguna Google,Sagat membantu,positif
Pengguna Google,Buruk sekali,negatif
Pengguna Google,tidak sesuai harapan,negatif
Pengguna Google,gak jelas aplikasi,negatif
Pengguna Google,ngabisin pulsa doang,negatif
Pengguna Google,Bayar pajak dong,netral
Pengguna Google,jelek bgt sumpah,negatif
Pengguna Google,minta efin sush banget eror Mulu,negatif
Pengguna Google,pajak kita untuk siapa?,netral
Pengguna Google,gajelas appnya,negatif
Pengguna Google,Menyusahkan,negatif
Pengguna Google,kita coba dulu,netral
Pengguna Google,asik gak dia,netral
Pengguna Google,menyusahkan,negatif
Pengguna Google,bagaimna ini pak ?,netral
Pengguna Google,APLIKASI TUKANG TIPU,negatif
Pengguna Google,Mantap x pun,positif
Pengguna Google,bgus pelyaany,positif
Pengguna Google,ribet ngisi spt,negatif
Pengguna Google,MAU NIPU APA GIMANA,negatif
Pengguna Google,saya baru mencoba,netral
Pengguna Google,Aplikasi GK gunaa,negatif
Pengguna Google,Merepotkan,negatif
Pengguna Google,1 bintang aja,netral
Pengguna Google,dicoba dulu,netral
Pengguna Google,Terlalu ruwet,negatif
Pengguna Google,Sang membantu,positif
Pengguna Google,Semoga bisa,netral
Pengguna Google,Apus aja sampah,negatif
Pengguna Google,HAPUS AJA BRE GA GUNA,negatif
Pengguna Google,Kode verifikasi bnrin,netral
Pengguna Google,aplikasi ngga bener,negatif
Pengguna Google,Mudah bgt sekarang,positif
Pengguna Google,Parah eror terus,negatif
Pengguna Google,Baik sekali,positif
Pengguna Google,Busuk bego tolol koplak,negatif
Pengguna Google,Aku galtek Gagal maning,negatif
Pengguna Google,Apakah ini real,netral
Pengguna Google,RIBET BGT TOT.,negatif
Pengguna Google,Login jgn diribetin,negatif
Pengguna Google,mengecewakan,negatif
Pengguna Google,G bisa dipakai,negatif
Pengguna Google,membingungkan,negatif
Pengguna Google,Buruk sekali,negatif
Pengguna Google,aplikasi kaga guna,negatif
"Pengguna Google,""plis lah kalau misalnya data tertentu harus pakai input fields capslock, dikasih warning untuk usernya. jangan cuman kasih alert """"Operasi Gagal, we can not verify your identity"""", tapi ga di mention salahnya dimana. saya berulang kali ga bisa login, ternyata karena di email harusnya diketik dalam font kapital."",netral"
"Pengguna Google,""apa gunanya ini apk, tidak bisa ganti kata sandi, selalu eror padahal sudah isi data dengan benar. apk tidak jelas ."",negatif"
"Pengguna Google,""aplikasi sulit di pakai , saat lupa passphares ingin dapat passphares yang baru tidak bisa , padahal sangat di butuhkan saat melaporkan perpajakan"",negatif"
"Pengguna Google,""aplikasi apaan si,di ikutin langkah 2nya malah terjadi kesalahan terus....kacau"",negatif"
Pengguna Google,pajak rakyat besar tapi aplikasi nya busuk kaya gini? gila,negatif
Pengguna Google,tidak dapat verif lgsg force close,negatif
Pengguna Google,mau masuk error trooosss,negatif
"Pengguna Google,""Gak guna,"",negatif"
Pengguna Google,bagus,positif
Pengguna Google,aplikasi Bermanfaat,positif
Pengguna Google,aplikasi ampas,negatif
Pengguna Google,apk tai,negatif
Pengguna Google,terbaik,positif
Pengguna Google,mantap,positif
"Pengguna Google,""setiap kali melakukan percobaan aktivasi muncul notif seperti ini """"We can not verify your identity! (GenericError)"""""",netral"
"Pengguna Google,""Iki opo? wes mboh aturen dewa kono, aku gak ngoros"",netral"
"Pengguna Google,""Kalau sudah bagus, We'll Be Back Soon..."",netral"
Pengguna Google,apk gajelas erorÂ² mulu,negatif
Pengguna Google,ampas high untech untech a sync...,netral
Pengguna Google,apk kaya eekðŸ’©,netral
"Pengguna Google,""ruwet, gajelas"",negatif"
Pengguna Google,not good lah,negatif
Pengguna Google,error mulu anj,negatif
Pengguna Google,Ga layak.,negatif
Pengguna Google,aplikasi bejatt...,negatif
Pengguna Google,apk payah..,negatif
Pengguna Google,Aplikasi Sampah !!!,negatif
Pengguna Google,ok,positif
Pengguna Google,it's the best,positif
Pengguna Google,Gak guna,negatif
Pengguna Google,app taiii,negatif
Pengguna Google,apk busuk,negatif
Pengguna Google,aplikasi tolol,negatif
Pengguna Google,ga beresss,negatif
Pengguna Google,update mulu,netral
Pengguna Google,aplikasi gagal,negatif
Pengguna Google,gak guna,negatif
Pengguna Google,aplikasi rusak,negatif
Pengguna Google,aplikasi payah,negatif
Pengguna Google,aplikasi tolol,negatif
Pengguna Google,apk sampah,negatif
Pengguna Google,aplikasi jelek,negatif
Pengguna Google,aplikasi sampahhh,negatif
Pengguna Google,gagal verifikasi,negatif
Pengguna Google,aplikasi cacat,negatif
Pengguna Google,gak guna,negatif
Pengguna Google,aplikasi sampah,negatif
Pengguna Google,error terus,negatif
Pengguna Google,eror terus,negatif
Pengguna Google,Aplikasi kontoll,negatif
Pengguna Google,aplikasi butut,negatif
Pengguna Google,aplikasi sampah,negatif
Pengguna Google,RIBET,negatif
Pengguna Google,jelek,negatif
Pengguna Google,lambat,negatif
Pengguna Google,sampah,negatif
Pengguna Google,sampah,negatif
Pengguna Google,ribet,negatif
Pengguna Google,BUSUK,negatif
Pengguna Google,ok,positif
Pengguna Google,ok,positif
Pengguna Google,good,positif
Pengguna Google,mantap,positif
Pengguna Google,good,positif
Pengguna Google,bagus,positif
Pengguna Google,VeryVeryGood,positif
Pengguna Google,suuulit,negatif
Pengguna Google,bagus,positif
Pengguna Google,good,positif
Pengguna Google,bagus,positif
Pengguna Google,good,positif
Pengguna Google,bagus,positif
Pengguna Google,mantap,positif
Pengguna Google,bagus,positif
Pengguna Google,Terima kasih,positif
Pengguna Google,lebih mudah,positif
Pengguna Google,waw mantap,positif
Pengguna Google,aplikasi error mulu,negatif
Pengguna Google,ok baik,positif
Pengguna Google,update cepat,positif
Pengguna Google,aplikasi Bodong,negatif
Pengguna Google,ok,positif
Pengguna Google,gooood,positif
Pengguna Google,keren,positif
Pengguna Google,aplikasi sampah.. error mulu,negatif
Pengguna Google,okesiap,positif
Pengguna Google,gabisa login,negatif
Pengguna Google,ok,positif
Pengguna Google,bagus,positif
Pengguna Google,Bagus e,positif
Pengguna Google,apk bobrok,negatif
Pengguna Google,ribet,negatif
Pengguna Google,ribet,negatif
Pengguna Google,cacat,negatif
Pengguna Google,bagus,positif
Pengguna Google,bagus,positif
Pengguna Google,gagal log in... selalu error,negatif
Pengguna Google,minus apk pemerintah cuihh,negatif
Pengguna Google,M-Pajak..ðŸ‘ðŸ’¯ðŸ’ª,netral
Pengguna Google,bagus,positif
Pengguna Google,aplikasi gaje,negatif
Pengguna Google,sukses selalu.,positif
Pengguna Google,burik bener,negatif
Pengguna Google,apk bobrok,negatif
Pengguna Google,capek bgt,negatif
Pengguna Google,aplikasi ribet,negatif
Pengguna Google,aplikasi tolol,negatif
Pengguna Google,aplikasi sampah,negatif
Pengguna Google,login susah,negatif
Pengguna Google,susah login,negatif
Pengguna Google,aplikasi sampahh,negatif
Pengguna Google,APLIKASINYA MEMPEESULITTTT,negatif
Pengguna Google,aplikasi bodoh,negatif
Pengguna Google,aplikasi sampah,negatif
Pengguna Google,error terus,negatif
Pengguna Google,kaga jelas,negatif
Pengguna Google,aplikasi erorr,negatif
Pengguna Google,aplikasi gajelas,negatif
Pengguna Google,gak jelas,negatif
Pengguna Google,aplikasi maksa,negatif
Pengguna Google,apk ribet,negatif
Pengguna Google,makin nyusahin,negatif
Pengguna Google,apk rusak,negatif
Pengguna Google,aplikasi tolol,negatif
Pengguna Google,aplikasi rempooooooooonnggg,negatif
Pengguna Google,apk tolol,negatif
Pengguna Google,sangat buruk,negatif
Pengguna Google,kaga jelas,negatif
Pengguna Google,aplikasi error,negatif
Pengguna Google,apk apaan,netral
Pengguna Google,Ngga jelas,negatif
Pengguna Google,ribet bgt,negatif
Pengguna Google,makin kacau,negatif
Pengguna Google,susah login,negatif
Pengguna Google,app buruk,negatif
Pengguna Google,Kayak Taiiii,negatif
Pengguna Google,lol apk,netral
Pengguna Google,angel login.e,netral
Pengguna Google,DAJAL,netral
Pengguna Google,susah,negatif
Pengguna Google,jelek,negatif
Pengguna Google,ribet,negatif
Pengguna Google,gakguna,negatif
Pengguna Google,gajelas,negatif
Pengguna Google,buruk,negatif
Pengguna Google,ribet,negatif
Pengguna Google,cacat,negatif
Pengguna Google,akhhh,netral
Pengguna Google,GAJELAS,negatif
Pengguna Google,ribet,negatif
Pengguna Google,iya,netral
Pengguna Google,oke,positif
Pengguna Google,keren,positif
Pengguna Google,bagus,positif
Pengguna Google,good,positif
Pengguna Google,baik,positif
Pengguna Google,manfaat,positif
Pengguna Google,trims,positif
Pengguna Google,mantap,positif
Pengguna Google,ok,positif
Pengguna Google,ok,positif
Pengguna Google,ok,positif
Pengguna Google,top,positif
Pengguna Google,oke,positif
Pengguna Google,mantap,positif
Pengguna Google,baik,positif
Pengguna Google,bagusss,positif
Pengguna Google,Terimakasih,positif
Pengguna Google,good,positif
Pengguna Google,Alhamdulillah,positif
Pengguna Google,mantap,positif
Pengguna Google,mantap,positif
Pengguna Google,Ok,positif
Pengguna Google,Terbaik,positif
Pengguna Google,mantul,positif
Pengguna Google,baik,positif
Pengguna Google,baik,positif
Pengguna Google,informatif,positif
Pengguna Google,oke,positif
Pengguna Google,propesional,positif
Pengguna Google,ribett...,negatif
Pengguna Google,oke,positif
Pengguna Google,ok,positif
Pengguna Google,sangat baik,positif
Pengguna Google,good apk,positif
Pengguna Google,sangat baik,positif
Pengguna Google,ko eror si,negatif
Pengguna Google,pwngen bilang anj,netral
Pengguna Google,Mantap,positif
Pengguna Google,apk sampah,negatif
Pengguna Google,gak guna,negatif
Pengguna Google,sangat buruk,negatif
Pengguna Google,lambat,negatif
Pengguna Google,ok,positif
Pengguna Google,ok,positif
Pengguna Google,good,positif
Pengguna Google,mantap,positif
Pengguna Google,mantap,positif
Pengguna Google,sangat bagus,positif
"Pengguna Google,""aplikasi pemerintah dengan anggaran selangit, tapi kualitas kalah sama aplikasi judol, lari kemana itu duit anggaran?"",netral"
Pengguna Google,ko login error knpa ya?,negatif
Pengguna Google,parahhhhhhh bener bener parahhhhh ðŸ˜‚ðŸ˜‚,negatif
"Pengguna Google,""LOG IN ERORRRRRRRR ,, Bukan diperbaiki ,"",negatif"
Pengguna Google,gua login gagal trsss!!!!!,negatif
Pengguna Google,gajelas error mulu,negatif
Pengguna Google,apk parahhhh bngt,negatif
Pengguna Google,gak bisa log in,negatif
Pengguna Google,Good job! :),positif
Pengguna Google,congratulationsðŸŽ‰ðŸ¥³ðŸ‘,positif
Pengguna Google,aja kelalen maca...,netral
Pengguna Google,lumayan,netral
Pengguna Google,ok,positif
Pengguna Google,bagus,positif
Pengguna Google,sangat baik..,positif
Pengguna Google,bintang 0,netral
Pengguna Google,aplikasi buruk,negatif
Pengguna Google,Aplikasi Sampah,negatif
Pengguna Google,aplikasi ribet,negatif
Pengguna Google,Aplikasi rusak,negatif
Pengguna Google,aplikasi sampah,negatif
Pengguna Google,aplikasi busuk,negatif
Pengguna Google,apk gajelas,negatif
Pengguna Google,ga guna,negatif
Pengguna Google,bug banyak,negatif
Pengguna Google,Penambah stress,negatif
Pengguna Google,eror teruss,negatif
Pengguna Google,APLIKASI TOLOL,negatif
Pengguna Google,verifikasi lambat,negatif
Pengguna Google,apk jelek,negatif
Pengguna Google,dongo !!!,netral
Pengguna Google,Sampah ...,negatif
Pengguna Google,ribet,negatif
Pengguna Google,mantaps,positif
Pengguna Google,tidak bagus,negatif
Pengguna Google,bad,negatif
Pengguna Google,jelek,negatif
Pengguna Google,buruk,negatif
Pengguna Google,sampah,negatif
Pengguna Google,ribet,negatif
Pengguna Google,ampas,negatif
Pengguna Google,sampah.,negatif
Pengguna Google,mantap,positif
Pengguna Google,baik,positif
Pengguna Google,mantaaaap,positif
Pengguna Google,informatif,positif
Pengguna Google,bagus,positif
Pengguna Google,bagus,positif
Pengguna Google,Excelence,positif
Pengguna Google,Terbaik,positif
Pengguna Google,ok,positif
Pengguna Google,mantap,positif
Pengguna Google,top,positif
Pengguna Google,ok,positif
Pengguna Google,mantab,positif
Pengguna Google,ok,positif
Pengguna Google,bagus,positif
Pengguna Google,mantap,positif
Pengguna Google,good,positif
Pengguna Google,okee,positif
Pengguna Google,ok,positif
Pengguna Google,good,positif
Pengguna Google,mantap,positif
Pengguna Google,nice,positif
"Pengguna Google,""ok,,, sip"",positif"
Pengguna Google,on-line,netral
Pengguna Google,good pelayanan,positif
Pengguna Google,very good,positif
Pengguna Google,sangat bagus,positif
Pengguna Google,ok banget,positif
Pengguna Google,cukup bagus,positif
Pengguna Google,mantap,positif
"Pengguna Google,""aplikasi tolol, login web login apk ujung""""nya error"",negatif"
"Pengguna Google,""apk sangat membantu,saya lupa efin langsung install apk terus gunakan apk alhamdulilah berhasil mendapatkan NO EFIN kembali."",positif"
Pengguna Google,live chat sibuk muluu ampasss,negatif
Pengguna Google,Aplikasi bosok... ancene ga becus,negatif
Pengguna Google,19 Februari 2025 server down !!!,netral
Pengguna Google,Tidak ada kode Verifikasi ke email saya 6x percobaan selama 1 jam,netral
"Pengguna Google,""APLIKASI GAK BERGUNA, LEMOTTTTT PARAHHHHHHH IWHHHH"",negatif"
Pengguna Google,Aplikasi Awikwok Lolot Cuih,negatif
Pengguna Google,Ampun dahhðŸ™ŒðŸ¼,netral
Pengguna Google,Aplikasi gaguna.,negatif
"Pengguna Google,""Good job, sangat membantu"",positif"
"Pengguna Google,""Error, error, error, error, error, error Capek bet"",negatif"
Pengguna Google,Live chat lambat,negatif
Pengguna Google,bagus,positif
Pengguna Google,Aplikasi tolol..,negatif
"Pengguna Google,""Sulit,"""""",negatif"
"Pengguna Google,""Aplikasi luemoottt ,,"",negatif"
Pengguna Google,Aplikasi sampah !!!,negatif
Pengguna Google,ok,positif
"Pengguna Google,""Lemot ,,,error"",negatif"
Pengguna Google,good job ðŸ‘,positif
Pengguna Google,Bagus' ðŸ‘,positif
Pengguna Google,aplikasi sampah,negatif
Pengguna Google,G guna,negatif
Pengguna Google,BAGUSAN CORETAX,netral
Pengguna Google,APK SAMPAH,negatif
Pengguna Google,Aplikasi sampah,negatif
Pengguna Google,Aplikasi ribet,negatif
Pengguna Google,Gak guna,negatif
Pengguna Google,Aplikasi bodoh,negatif
Pengguna Google,Ga guna,negatif
Pengguna Google,Aplikasi busuk,negatif
Pengguna Google,Aplikasi lelet,negatif
Pengguna Google,Ampas banget,negatif
Pengguna Google,aplikasi gakjelas,negatif
Pengguna Google,Lebih rumit,negatif
Pengguna Google,gak beres,negatif
Pengguna Google,Gabisa daftar,negatif
Pengguna Google,Aplikasi busuk,negatif
Pengguna Google,G guna,negatif
Pengguna Google,Aplikasi Lemot,negatif
Pengguna Google,Aplikasi sampah,negatif
Pengguna Google,Otp lama,negatif
Pengguna Google,lemot,negatif
Pengguna Google,Gajelas,negatif
Pengguna Google,gajelas,negatif
Pengguna Google,busuk,negatif
Pengguna Google,ribet,negatif
Pengguna Google,bad,negatif
Pengguna Google,Jelek,negatif
Pengguna Google,Cacat,negatif
Pengguna Google,tidak nyambung,negatif
Pengguna Google,Sampah,negatif
Pengguna Google,lambat,negatif
Pengguna Google,jelek,negatif
Pengguna Google,Ribettt,negatif
Pengguna Google,Tidak jelas,negatif
Pengguna Google,Jelek,negatif
Pengguna Google,Gblok,negatif
Pengguna Google,Susahhhhhh,negatif
Pengguna Google,Ribetttttt,negatif
Pengguna Google,Buruk,negatif
Pengguna Google,Lemot,negatif
Pengguna Google,Terbaik,positif
Pengguna Google,Mntap,positif
Pengguna Google,bagus,positif
Pengguna Google,ok,positif
Pengguna Google,mantap,positif
Pengguna Google,mantap,positif
Pengguna Google,bagus,positif
Pengguna Google,memudahkan,positif
Pengguna Google,good,positif
Pengguna Google,Terbaik,positif
Pengguna Google,ok,positif
Pengguna Google,oke,positif
Pengguna Google,oke,positif
Pengguna Google,ok,positif
Pengguna Google,bagus,positif
Pengguna Google,ok,positif
Pengguna Google,mantap,positif
Pengguna Google,mantab,positif
Pengguna Google,oke,positif
Pengguna Google,bagus,positif
Pengguna Google,good,positif
Pengguna Google,ok,positif
Pengguna Google,top,positif
Pengguna Google,ok,positif
Pengguna Google,ok,positif
Pengguna Google,Cocok banget.......,positif
Pengguna Google,MantapðŸ‘,positif
Pengguna Google,Mantap.,positif
Pengguna Google,sangat baik,positif
Pengguna Google,ok banget,positif
Pengguna Google,sangat propesional,positif
Pengguna Google,sulit login,negatif
Pengguna Google,Hemat sangat,positif
Pengguna Google,bagus,positif
Pengguna Google,MemudHkan segala urusanðŸ‘ðŸ‘ðŸ‘ðŸ’ª,positif
"Pengguna Google,""Gak guna,"",negatif"
Pengguna Google,aplikasi gajelas!!!,negatif
Pengguna Google,ok,positif
Pengguna Google,oke,positif
Pengguna Google,lag mulu,negatif
Pengguna Google,Gak guna,negatif
Pengguna Google,Aplikasi apassssas,negatif
Pengguna Google,gak jelas,negatif
Pengguna Google,Tambah jelek,negatif
Pengguna Google,ga jelass,negatif
Pengguna Google,Payah,negatif
Pengguna Google,Eror,negatif
Pengguna Google,gaguna,negatif
Pengguna Google,sampah,negatif
Pengguna Google,ok,positif
Pengguna Google,top,positif
Pengguna Google,ok,positif
Pengguna Google,mantap,positif
Pengguna Google,Baik,positif
Pengguna Google,Susah belumbisa,negatif
Pengguna Google,Cepat selesai,positif
Pengguna Google,Masih bagus,positif
Pengguna Google,Verifikasi terus,netral
Pengguna Google,Ga guna,negatif
Pengguna Google,aplikasi idiot,negatif
Pengguna Google,Lemot,negatif
Pengguna Google,ok,positif
Pengguna Google,mantap,positif
Pengguna Google,oke,positif
Pengguna Google,good,positif
Pengguna Google,ok,positif
Pengguna Google,Ok ðŸ‘,positif
"Pengguna Google,""Teu bisa dibuka, nyeun bala bala gehu weh meh ngenah."",netral"
Pengguna Google,fitur lupa password login apk ga da,netral
Pengguna Google,Please fix bug verifikasi,negatif
Pengguna Google,Saya hanya ingin lihat data PPh 21 saya,netral
Pengguna Google,Eror mulu,negatif
Pengguna Google,Aplikasi konyol,negatif
Pengguna Google,APLIKASI TOLOL,negatif
Pengguna Google,Aplikasi bego,negatif
Pengguna Google,aplikasi mbelgedes,netral
Pengguna Google,Aplikasi yang sangat bagus,positif
Pengguna Google,lemot,negatif
Pengguna Google,hadeh,negatif
Pengguna Google,Gembel,negatif
Pengguna Google,Bagus,positif
Pengguna Google,Mantap,positif
Pengguna Google,bagus,positif
Pengguna Google,Baik,positif
Pengguna Google,Ok,positif
Pengguna Google,Bagus,positif
Pengguna Google,Sangat bagus,positif
"Pengguna Google,""Jan duit pajak asli ne gae opo seh, kok kerjo ne koyok ngene wong pajekðŸ˜¤"",netral"
"Pengguna Google,""Terima kasih sekali sangat membantu ,live chat nya juga cepat aplikasi berjalan lancar. Sebagai perantau yang pertama kali juga lupa efin badan bingung banget karena beda sama lupa efin pribadi dengan live chat sangat terbantu makasih kak satria walaupun aku bingung banget tapi Alhamdulillah muncul emil padahal live chat nya keburu berakhir. Makasih pokonya sehat selalu pegawai dpj ðŸ™ðŸ»"",positif"
Pengguna Google,aplikasi insitusi kelas negara tapi peforma aplikasi scam. kerja bagus!!,positif
"Pengguna Google,""Error, force close, input otp error parah2"",negatif"
"Pengguna Google,""gak bisa dipake, server (101)"",negatif"
Pengguna Google,Eror Mulu aplksi nyn kg jls,negatif
Pengguna Google,Pas mau verifikasi wajah for close mulu hedeh,negatif
"Pengguna Google,""1,a y d, lagi ðŸ˜ðŸ¥²ðŸ˜´"",netral"
Pengguna Google,Apk PPK Error Truss,negatif
"Pengguna Google,""Kak agak susah dftarnya,pdhal sdh dtulis smua syaratnya"",negatif"
Pengguna Google,Error kalau buat log in...,negatif
Pengguna Google,Sering down server,negatif
Pengguna Google,Buset dah...,netral
Pengguna Google,Ga Guna!!!,negatif
Pengguna Google,Top..aplikasinya,positif
Pengguna Google,TELKOMSEL ROLI ðŸ‡®ðŸ‡©,netral
Pengguna Google,Good job! :),positif
Pengguna Google,Mantap,positif
Pengguna Google,Okrh,positif
Pengguna Google,Bagus,positif
Pengguna Google,Mantap,positif
Pengguna Google,Cek ok,positif
Pengguna Google,Aplikasi sampah,negatif
Pengguna Google,oke,positif
Pengguna Google,Aplikasi apa !!!! Spam !!!!,negatif
Pengguna Google,Sangat baik.,positif
Pengguna Google,Gak guna,negatif
Pengguna Google,Aplikasi tolol,negatif
Pengguna Google,APLIKASI SAMPAH,negatif
Pengguna Google,aplikasi gajelas,
Pengguna Google,Aplikasi sampah,negatif
Pengguna Google,Sampah lambad,negatif
Pengguna Google,Aplikasi ribet,negatif
Pengguna Google,Apk ghoblokk,negatif
Pengguna Google,Gak fungsi,negatif
Pengguna Google,Aplikasi sampah,negatif
Pengguna Google,ribet anjr,negatif
Pengguna Google,Error mulu,negatif
Pengguna Google,aplikasi anjeng,negatif
Pengguna Google,Parah nyet,negatif
Pengguna Google,Ribet banget,negatif
Pengguna Google,ERORRR TERUUUSSSSS,negatif
Pengguna Google,jelek banget,negatif
Pengguna Google,Aplikasi sampah,negatif
Pengguna Google,apl burik,negatif
Pengguna Google,Ga guna,negatif
Pengguna Google,No coment,netral
Pengguna Google,Ter buruk,negatif
Pengguna Google,Nggk guna,negatif
Pengguna Google,Aplikasi sampah,negatif
Pengguna Google,Buruk lemot,negatif
Pengguna Google,Web eror,negatif
Pengguna Google,Cek dlu,netral
Pengguna Google,Aplikasi no,negatif
Pengguna Google,error mulu,negatif
Pengguna Google,Gak jelas,negatif
Pengguna Google,Aplikasi gembel,negatif
Pengguna Google,Crash ancur,negatif
Pengguna Google,Aplikasi busuk,negatif
Pengguna Google,Ga becus,negatif
Pengguna Google,gak jelas,negatif
Pengguna Google,Apk tai,negatif
Pengguna Google,Gak guna,negatif
Pengguna Google,Aplikasi jelek,negatif
Pengguna Google,aplikasi bagus,negatif
Pengguna Google,Gabisa login,negatif
Pengguna Google,Gagal terus,negatif
Pengguna Google,Mantap betul penjelasannya,positif
Pengguna Google,APLIKASI BUSUK !!!!!!!!!!!,negatif
Pengguna Google,BOSOKKKK !!!!!,negatif
Pengguna Google,Sampah,negatif
Pengguna Google,Gajelas,negatif
Pengguna Google,Lemot,negatif
Pengguna Google,Buruk,negatif
Pengguna Google,Ripuh,negatif
Pengguna Google,Sampah,negatif
Pengguna Google,Sampah,negatif
Pengguna Google,Useless,positif
Pengguna Google,Tidak jelas,negatif
Pengguna Google,Sampah,negatif
Pengguna Google,Buruk,negatif
Pengguna Google,buruk,negatif
Pengguna Google,Bagus,negatif
Pengguna Google,gajelas,negatif
Pengguna Google,Jelek,negatif
Pengguna Google,Busuk,negatif
Pengguna Google,ribettttt,negatif
Pengguna Google,Bangsat,negatif
Pengguna Google,Angel angel,negatif
Pengguna Google,Buruk,negatif
Pengguna Google,Sampahh,negatif
Pengguna Google,Good,positif
Pengguna Google,Eror,negatif
Pengguna Google,Nyusahin,negatif
Pengguna Google,ampas,negatif
Pengguna Google,Jelek,negatif
Pengguna Google,kentut,negatif
Pengguna Google,Membantu ðŸ‘ðŸ‘ðŸ‘,positif
Pengguna Google,mantap,positif
Pengguna Google,Ok,positif
Pengguna Google,Mantap,positif
Pengguna Google,Ok,positif
Pengguna Google,Oke,positif
Pengguna Google,Mantap,positif
Pengguna Google,Jos,positif
Pengguna Google,Ok,positif
Pengguna Google,Ok,positif
Pengguna Google,Lumayan,positif
Pengguna Google,Keren,positif
Pengguna Google,membantu,positif
Pengguna Google,Bermanfaat,positif
Pengguna Google,Good,positif
Pengguna Google,Good,positif
Pengguna Google,Ya gitu,netral
Pengguna Google,Error,negatif
Pengguna Google,Bagus,positif
Pengguna Google,The best,positif
Pengguna Google,Mantap,positif
Pengguna Google,Mantap,positif
Pengguna Google,Oke,positif
Pengguna Google,Ok,positif
Pengguna Google,bagus,positif
Pengguna Google,Good,positif
Pengguna Google,Ok,positif
Pengguna Google,Ok,positif
Pengguna Google,Ok,positif
Pengguna Google,Good,positif
Pengguna Google,good,positif
Pengguna Google,Goood,positif
Pengguna Google,Bagus,positif
Pengguna Google,Mantap,positif
Pengguna Google,Mantap,positif
Pengguna Google,Terbaik,positif
Pengguna Google,Thanx,positif
Pengguna Google,mantap,positif
Pengguna Google,Ok,positif
Pengguna Google,Mantap,positif
Pengguna Google,Ok,positif
Pengguna Google,Ok,positif
Pengguna Google,mantab,positif
Pengguna Google,Mantap,positif
Pengguna Google,Ok,positif
Pengguna Google,Ok,positif
Pengguna Google,Ok,positif
Pengguna Google,Ok,positif
Pengguna Google,Ok,positif
Pengguna Google,Ok....ðŸ‘,positif
Pengguna Google,mantap ðŸ‘,positif
Pengguna Google,Mantap.,positif
Pengguna Google,H google,netral
Pengguna Google,Cek NPWP,netral
Pengguna Google,Pajak ok,positif
Pengguna Google,Good apk,positif
Pengguna Google,Sgat bantu,positif
Pengguna Google,Sangat bagus,positif
Pengguna Google,Sangat bagus,positif
Pengguna Google,kadang lemot,negatif
Pengguna Google,Sangat bagus,positif
Pengguna Google,Sangat baguss,positif
Pengguna Google,Cukup baguss,positif
Pengguna Google,good aplikasi,positif
Pengguna Google,Sesuai data,positif
Pengguna Google,Ok mantap,positif
Pengguna Google,Ok thanks,positif
Pengguna Google,Good apps,positif
Pengguna Google,Nomor tin,netral
Pengguna Google,mantap,positif
Pengguna Google,suka banget,positif
Pengguna Google,suka,positif
Pengguna Google,ok,positif
Pengguna Google,mantap,positif
Pengguna Google,Apk ga jelas error mulu,negatif
Pengguna Google,Wes jalok pajek di persulit pisan djancokkk ancene,negatif
Pengguna Google,Force close bego,negatif
Pengguna Google,Apk najisss cuih,negatif
Pengguna Google,Great good...!!!!,positif
Pengguna Google,Sangat ramah layanan nya,positif
Pengguna Google,coba dulu,netral
Pengguna Google,Ok,positif
Pengguna Google,Aplikasi gajelas,negatif
Pengguna Google,Gk jelas,negatif
Pengguna Google,Ga guna,negatif
Pengguna Google,Gak guna,negatif
Pengguna Google,Completely the Patient One,positif
Pengguna Google,Eror,negatif
Pengguna Google,Baik,positif
Pengguna Google,Bagus,positif
Pengguna Google,Baik,positif
Pengguna Google,Manttttapppz,positif
Pengguna Google,Bagus,positif
Pengguna Google,Membantu,positif
Pengguna Google,Mantap,positif
Pengguna Google,Ok,positif
Pengguna Google,Okhay,positif
Pengguna Google,Mantap,positif
Pengguna Google,Suka,positif
Pengguna Google,Ok,positif
Pengguna Google,Cukup puas,positif
Pengguna Google,Sangat bagus,positif
Pengguna Google,Oke Bagus,positif
Pengguna Google,5 bintang,positif
Pengguna Google,Luar biasa,positif
Pengguna Google,Sangat bagus ðŸ‘ðŸ‘ðŸ‘ðŸ‘ðŸ‘ðŸ‘ðŸ‘ðŸ‘,positif
Pengguna Google,Terimakasih.... ðŸ™ðŸ™ðŸ™ðŸ™ðŸ™ðŸ™ðŸ™ðŸ™ðŸ™ðŸ™ðŸ™,positif
"Pengguna Google,""Buat yang kemarin kemarin kecewa sama aplikasi ini, sekarang sudah beda ya, sat set cepat dan mudah sekali dalam penggunaan nya, mantap djp dan tim IT nya"",positif"
Pengguna Google,bagus,positif
Pengguna Google,criptical error occured !,negatif
Pengguna Google,Mantab!!,positif
Pengguna Google,Very good ðŸ‘,positif
Pengguna Google,Developer taii,negatif
Pengguna Google,Aplikasi sampah,negatif
Pengguna Google,Nyusahin orang,negatif
Pengguna Google,apk sampah,negatif
Pengguna Google,Noob,negatif
Pengguna Google,kacau,negatif
Pengguna Google,Cacat,negatif
Pengguna Google,Mantap,positif
Pengguna Google,Mantaap,positif
Pengguna Google,Mantap,positif
Pengguna Google,Oke,positif
Pengguna Google,Coba,netral
Pengguna Google,Ok,positif
Pengguna Google,ok,positif
Pengguna Google,Mantap,positif
Pengguna Google,Ok,positif
Pengguna Google,Ok,positif
Pengguna Google,Bongkar dong mas bro,netral
Pengguna Google,Sangat bagus,positif
Pengguna Google,Ben seneng,positif
Pengguna Google,ok,positif
Pengguna Google,SipppðŸ‘ðŸ‘ðŸ‘,positif
"Pengguna Google,""Tujuan nginstal buat lupa efin, giluran mw request lupa efin malah error melulu"",negatif"
"Pengguna Google,""Error validate ktp, maunya apa"",negatif"
Pengguna Google,mantap,positif
Pengguna Google,Aplikasi sampah!,negatif
Pengguna Google,Mantap,positif
Pengguna Google,Ok,positif
Pengguna Google,erorr terussss,negatif
Pengguna Google,Apk rusak,negatif
Pengguna Google,Aplikasi goblokkkkkk,negatif
Pengguna Google,Error mulu,negatif
Pengguna Google,Apk bodoh,negatif
Pengguna Google,aplikasi aneh,negatif
Pengguna Google,Lemot gilak,negatif
Pengguna Google,Cacat,negatif
Pengguna Google,buruk,negatif
Pengguna Google,Jelek,negatif
Pengguna Google,Buruk,negatif
Pengguna Google,Ribet.,negatif
Pengguna Google,Bagus,positif
Pengguna Google,nice,positif
Pengguna Google,Bagus,positif
Pengguna Google,Ok,positif
Pengguna Google,Mantap,positif
Pengguna Google,Kerenn,positif
"Pengguna Google,""Nyesal Download, auto unistal"",negatif"
Pengguna Google,Good job buat djp!,positif
Pengguna Google,fatal error JS function. malu malu woy,negatif
Pengguna Google,crash dan bug mulu dah,negatif
Pengguna Google,Rudet cacak dek mayar,negatif
"Pengguna Google,""Sungguh tidak berpungsi,,"",negatif"
Pengguna Google,Membantu,positif
Pengguna Google,Redownload,positif
Pengguna Google,Bagus,positif
Pengguna Google,rumit,negatif
Pengguna Google,Maruzani,netral
Pengguna Google,Bagus,positif
Pengguna Google,Membantu,positif
Pengguna Google,Sangat bagus,positif
Pengguna Google,Gabisa login,negatif
Pengguna Google,aplikasi sampah,negatif
Pengguna Google,Ora jls,negatif
Pengguna Google,Apk tolol,negatif
Pengguna Google,Aplikasi aneh,negatif
Pengguna Google,Aplikasi parah,negatif
Pengguna Google,Ribet banget,negatif
Pengguna Google,Kurang praktis,negatif
Pengguna Google,Erroran,negatif
Pengguna Google,Eror an,negatif
Pengguna Google,error,negatif
"Pengguna Google,""bagus,,"",positif"
Pengguna Google,mantapp,positif
Pengguna Google,like,positif
Pengguna Google,Mantp,positif
Pengguna Google,Baik,positif
Pengguna Google,Top,positif
Pengguna Google,Ok,positif
Pengguna Google,Mantap,positif
Pengguna Google,Best,positif
Pengguna Google,kom,netral
Pengguna Google,Ok,positif
Pengguna Google,Bagus,positif
Pengguna Google,Ok,positif
Pengguna Google,Wajib,netral
Pengguna Google,Good,positif
Pengguna Google,Mantap,positif
Pengguna Google,Ok,positif
Pengguna Google,Bagus,positif
Pengguna Google,NICE & RECOMMENDED,positif
Pengguna Google,Tehnik mesin,netral
Pengguna Google,Coba dulu,netral
Pengguna Google,Luar biasa,positif
Pengguna Google,Tertib pajak,netral
Pengguna Google,Good aplikation,positif
Pengguna Google,Good app,positif
Pengguna Google,Bagus ....,positif
Pengguna Google,Bagus,positif
Pengguna Google,Good job! :),positif
Pengguna Google,Aplikasi Bangke !!!,negatif
Pengguna Google,Ga guna,negatif
Pengguna Google,LEMBAGA TOLLLOL,negatif
Pengguna Google,Payah,negatif
Pengguna Google,Sangat bsik,negatif
Pengguna Google,Suka,positif
Pengguna Google,bbaik,positif
Pengguna Google,Aplikasi bangsatt,negatif
Pengguna Google,Aplikasi aneh,negatif
Pengguna Google,Ok,positif
Pengguna Google,Sippp,positif
Pengguna Google,Oke,positif
Pengguna Google,Hendry Hartanto,netral
Pengguna Google,Bagus banget,positif
"Pengguna Google,""apk ibab, gak guna"",negatif"
Pengguna Google,Gagal terus minta efin.,negatif
Pengguna Google,GAGAL MULU,negatif
Pengguna Google,Gagal trus,negatif
Pengguna Google,Ga guna,negatif
Pengguna Google,kodenya manaaaaaaaa,netral
Pengguna Google,Busuuuuk,negatif
Pengguna Google,Ribet,negatif
Pengguna Google,Baik,positif
Pengguna Google,Memuaskann,positif
Pengguna Google,ok,positif
Pengguna Google,Bagus,positif
Pengguna Google,Lengkap,positif
Pengguna Google,ok,positif
Pengguna Google,Mantap,positif
Pengguna Google,Keren,positif
Pengguna Google,Mantep,positif
Pengguna Google,Mantap ...,positif
Pengguna Google,Oke Mantap,positif
Pengguna Google,Sangat bagus,positif
Pengguna Google,OK,positif
Pengguna Google,hanciik.. cek angele.. jarene ono menu efine.. mbelgedes.. angel sisan verifikasi,negatif
Pengguna Google,Mantap,positif
Pengguna Google,Baik,positif
Pengguna Google,Kurang simpel,netral
Pengguna Google,Aplikasi susah,negatif
Pengguna Google,mantap,positif
Pengguna Google,ok,positif
Pengguna Google,Kenapa ngelag terus...fatal error..bla.bla.bla...ðŸ¤·â€â™‚ï¸,negatif
Pengguna Google,Tombol bikin id billing error meluluðŸ˜­,negatif
Pengguna Google,Payah parah.,negatif
Pengguna Google,Minimal server benerin,negatif
Pengguna Google,Now easy login and editing profile,positif
Pengguna Google,GoodðŸ‘ðŸ»,positif
Pengguna Google,Ok,positif
Pengguna Google,Good,positif
Pengguna Google,Saya suka,positif
Pengguna Google,Sixal lelet,negatif
Pengguna Google,Sudah bisa,positif
Pengguna Google,Sering error,negatif
Pengguna Google,Banyak bug,negatif
Pengguna Google,Aplikasi tolol,negatif
Pengguna Google,aplikasi eror,negatif
Pengguna Google,Pusing,negatif
Pengguna Google,Slowrespon,negatif
Pengguna Google,Useless,negatif
Pengguna Google,Ribet,negatif
Pengguna Google,Brengsek,negatif
Pengguna Google,Error,negatif
Pengguna Google,Tolol,negatif
Pengguna Google,Rumit,negatif
Pengguna Google,Bagus,positif
Pengguna Google,Mantap,positif
Pengguna Google,Bantu,positif
Pengguna Google,Ok,positif
Pengguna Google,Keren,positif
Pengguna Google,Alhamdulillah,positif
Pengguna Google,Ok,positif
Pengguna Google,Keren,positif
Pengguna Google,Good,positif
Pengguna Google,Ok,positif
Pengguna Google,Oke,positif
Pengguna Google,Bagus,positif
Pengguna Google,Good,positif
Pengguna Google,Good,positif
Pengguna Google,Ok,positif
Pengguna Google,Alhamdulillah,positif
Pengguna Google,Ok,positif
Pengguna Google,Josss,positif
Pengguna Google,Bagus,positif
Pengguna Google,Makasih,positif
Pengguna Google,mantap,positif
Pengguna Google,Ok,positif
Pengguna Google,Ok,positif
Pengguna Google,Ok,positif
Pengguna Google,Bagus,positif
Pengguna Google,Mantap,positif
Pengguna Google,Mantap,positif
Pengguna Google,Ok,positif
Pengguna Google,Ok,positif
Pengguna Google,Oke,positif
Pengguna Google,Mantaaap,positif
Pengguna Google,Top,positif
Pengguna Google,Terima,positif
Pengguna Google,Ok,positif
Pengguna Google,Bagus,positif
Pengguna Google,Oke,positif
Pengguna Google,Mantap,positif
Pengguna Google,Mantaaap,positif
Pengguna Google,Ok,positif
Pengguna Google,Bagus,positif
Pengguna Google,Bagus..,positif
Pengguna Google,Saya suka,positif
Pengguna Google,need to improve,netral
Pengguna Google,Sangat bagusss,positif
Pengguna Google,Mantap Mentong,positif
Pengguna Google,Ok banget,positif
Pengguna Google,Mantap,positif
Pengguna Google,Ok,positif
"Pengguna Google,""Kaga bagus,..bikin puyeng pala"",negatif"
Pengguna Google,NPWP tidak valid gmn y bung?,negatif
Pengguna Google,Ga jelass.. susah,negatif
Pengguna Google,Good job Terimakasih DJP,positif
Pengguna Google,Aduh kmha ie teh,netral
Pengguna Google,Tes dl,netral
Pengguna Google,Ok,positif
Pengguna Google,Mayan,positif
Pengguna Google,Sangat bagus..,positif
Pengguna Google,Ruwet bestiee,negatif
Pengguna Google,I thank you Google,positif
Pengguna Google,Jelek,negatif
Pengguna Google,Eror,negatif
Pengguna Google,Ribet,negatif
Pengguna Google,ya bgus,positif
Pengguna Google,Top,positif
Pengguna Google,Ok,positif
Pengguna Google,Nice,positif
Pengguna Google,Goood,positif
Pengguna Google,Bagus,positif
Pengguna Google,Okay,positif
Pengguna Google,Bagus,positif
Pengguna Google,Baik,positif
Pengguna Google,Ok,positif
Pengguna Google,Good,positif
Pengguna Google,Ok,positif
Pengguna Google,cepat,positif
Pengguna Google,Ok,positif
Pengguna Google,Ok,positif
Pengguna Google,Bagus,positif
Pengguna Google,Mantap,positif
Pengguna Google,Bintang lima,positif
Pengguna Google,Very Good,positif
Pengguna Google,Ok jugga,positif
Pengguna Google,Sangat Bagus,positif
Pengguna Google,Sangat baik,positif
Pengguna Google,Terima kasih,positif
Pengguna Google,Ok bagus,positif
Pengguna Google,Ok banget,positif
Pengguna Google,Bagus,positif
Pengguna Google,Mantap. Very helpfullðŸ‘,positif
Pengguna Google,Kereeen DJP ðŸ‘ðŸ»,positif
Pengguna Google,Ok,positif
Pengguna Google,bagus,positif
Pengguna Google,Baik,positif
Pengguna Google,Nice,positif
Pengguna Google,Nice,positif
Pengguna Google,Siip keres,positif
Pengguna Google,Memuaskan,positif
Pengguna Google,Server Ampas,negatif
Pengguna Google,Susah masuk,negatif
Pengguna Google,Jelek,negatif
Pengguna Google,Here,netral
Pengguna Google,Ok,positif
Pengguna Google,Mantaf,positif
Pengguna Google,Ok,positif
Pengguna Google,Mantap,positif
Pengguna Google,Mantap,positif
Pengguna Google,Lanjutkan,positif
Pengguna Google,Top,positif
Pengguna Google,Oke,positif
Pengguna Google,Bagus,positif
Pengguna Google,dicoba,positif
Pengguna Google,Ok,positif
Pengguna Google,Ok,positif
Pengguna Google,Ok,positif
Pengguna Google,Good,positif
Pengguna Google,Mantap,positif
Pengguna Google,Mantap,positif
Pengguna Google,Mantap,positif
Pengguna Google,Keren,positif
Pengguna Google,Good,positif
Pengguna Google,Agak ribet,negatif
Pengguna Google,Fungsi,netral
Pengguna Google,Muannntapppp,positif
Pengguna Google,Good,positif
Pengguna Google,mantap,positif
Pengguna Google,Good,positif
Pengguna Google,Kereeeeennnnn,positif
Pengguna Google,I like,positif
Pengguna Google,mantap,positif
Pengguna Google,Oke,positif
Pengguna Google,goood,positif
Pengguna Google,Alhamdulillah,positif
Pengguna Google,Bagus,positif
Pengguna Google,GOOD,positif
Pengguna Google,Cakepp,positif
Pengguna Google,Bagus,positif
Pengguna Google,Top,positif
Pengguna Google,Terimakasih pajak,positif
Pengguna Google,Sangat bagus,positif
Pengguna Google,Ooke banget,positif
Pengguna Google,Aplikasi bagus,positif
Pengguna Google,Waw keren,positif
Pengguna Google,Sangat mudah,positif
Pengguna Google,Blm coba,netral
Pengguna Google,Oke mantap,positif
Pengguna Google,OK,positif
Pengguna Google,OK,positif
Pengguna Google,Ok,positif
Pengguna Google,OK,positif
Pengguna Google,OK,positif
Pengguna Google,Ok..,positif
Pengguna Google,top..,positif
Pengguna Google,OK,positif
Pengguna Google,OK,positif
"Pengguna Google,""Bintang 2 dl dech, gmn nich apk, tiba2 erorr, mnta restart tp erorr """"Critical Error Occured!"""""",negatif"
Pengguna Google,Tetap saja isi spt harus kudu mesti lewat pc. Jadinya ini aplikasi gak guna,negatif
Pengguna Google,Ini aplikasi yg gue instal versi terbaru kan? Tapi kenapa pas dibuka minta update pembaruan jink!?,negatif
"Pengguna Google,""Jangan ragu download aplikasi M pajak,yg lagi cari EFIN ,,asal hp android anda ada kapasitas mantap..langsung keluar EFIN lewat email yg terdaftar"",positif"
Pengguna Google,aplikasi tolollllll mau ganti pw aj susah bener taiii korupis mulu anjg,negatif
"Pengguna Google,""Piye pak piye pak piyeeeeeeee web e angel di akses,aplikasi ne yow angel...... Angeeeeel..... Angeeeeeeeel.....wes.... ðŸ¤£ðŸ¤£ðŸ¤£"",negatif"
"Pengguna Google,""muterÂ² suweee, Jane ISO PO Ra gae aplikasi"",negatif"
"Pengguna Google,""Pokoknya semua yang ulasannya bintang 1, saya like semuaaaa :D :D :D anccuuurrrrrrrrr!!!!!"",negatif"
Pengguna Google,gabisa di akses kocak banget nih aplikasi. ðŸ¤£ðŸ¤£ðŸ˜†,negatif
Pengguna Google,Baca data bank personal si M Banking gak tuh,netral
"Pengguna Google,""hp ram 4 ko ga bisa, payah"",netral"
"Pengguna Google,""Dengan membayar pajak kita menjadi warga yang baik dan mudah digunakan meski lewat online, urusan menjadi lebih mudah"",positif"
Pengguna Google,sering error' saat login,negatif
Pengguna Google,Ujung2nya lapor online via web. ðŸ˜„,netral
"Pengguna Google,""Hati hati dengan penipuan dengan mengatasnamakan pengembalian pajak, karena ada aplikasi m pajak yang bisa hack device , hati hati"",netral"
Pengguna Google,lupa pasword dan efin gimana ya...,netral
"Pengguna Google,""susah login, error trs"",negatif"
Pengguna Google,susah apk nya error mulu,negatif
Pengguna Google,apk pemerintah the best bintang satu,negatif
Pengguna Google,kode otp ga masuk2 gjlsss,negatif
Pengguna Google,Nyieun npwp ge rudet anyingg,negatif
Pengguna Google,Kasian semoga amanah lagi,netral
"Pengguna Google,""u know laah, useless"",negatif"
Pengguna Google,apk ga guna...ribetin,negatif
"Pengguna Google,""Ah, tolol anying"",negatif"
Pengguna Google,Log-in aja sulit,negatif
Pengguna Google,Aplikasi gblok cap t*i,negatif
Pengguna Google,weh gawe sgl hese,negatif
Pengguna Google,apk taiiik eror terus,negatif
Pengguna Google,Ebusseet ini apk kek kntl,negatif
Pengguna Google,Aplikasi yg sangat jelek,negatif
Pengguna Google,perbagus lagi dh apkny,netral
Pengguna Google,Verifikasi lupa efin error,negatif
Pengguna Google,Error mulu.. Hadehh,negatif
Pengguna Google,Ora iso mlebu..,netral
Pengguna Google,Aplikasi t*L*oL,negatif
Pengguna Google,Apakah pegawai pajak bebas pajak?,netral
Pengguna Google,OK,positif
Pengguna Google,Berulang kali daftar gagal melulu kenapa,negatif
Pengguna Google,Allahu akbar....,netral
Pengguna Google,aplikasi kocak.,netral
"Pengguna Google,""Apk sampah,"",negatif"
Pengguna Google,Fix the issue ASAP,netral
Pengguna Google,Apl abala abalan,negatif
Pengguna Google,Aplikasi ny erorr,negatif
Pengguna Google,Apkx eror Mulu,negatif
Pengguna Google,apk tol*l,negatif
Pengguna Google,jelek ðŸ‘ŽðŸ¤Ÿ,negatif
Pengguna Google,Aplikasi dangak2...,negatif
Pengguna Google,Lupa username dan password,netral
Pengguna Google,1: dulu,netral
Pengguna Google,KORUPSI TRUSSS....,negatif
"Pengguna Google,""We,z"",netral"
Pengguna Google,Gak guna !!!,negatif
Pengguna Google,Ah uy ah lier,negatif
Pengguna Google,lemot. banget.,negatif
Pengguna Google,Gak gunaðŸ‘¿ðŸ‘¿,negatif
Pengguna Google,Membantu,positif
Pengguna Google,Good,positif
Pengguna Google,ok,positif
Pengguna Google,Ok,positif
Pengguna Google,bagus,positif
Pengguna Google,Redownload,positif
Pengguna Google,Ok,positif
Pengguna Google,Bagus,positif
Pengguna Google,nice,positif
Pengguna Google,Mudah,positif
Pengguna Google,Mantap,positif
Pengguna Google,Ok,positif
Pengguna Google,Buat,positif
Pengguna Google,Good,positif
Pengguna Google,BAGUS,positif
Pengguna Google,3 dlu,netral
Pengguna Google,Coba dulu,netral
Pengguna Google,luar biasa,positif
Pengguna Google,Verry Good,positif
Pengguna Google,cobak dulu,netral
Pengguna Google,Terima kasih !!,positif
Pengguna Google,good,positif
Pengguna Google,Keren,positif
Pengguna Google,Baik,positif
Pengguna Google,Bagus,positif
Pengguna Google,Oke,positif
Pengguna Google,Lumayan ðŸ‘,positif
Pengguna Google,Mantap ðŸ‘,positif
Pengguna Google,I like youðŸ‘,positif
Pengguna Google,Sampah !,negatif
Pengguna Google,PENIPUAN!,negatif
Pengguna Google,aplikasi gajelas,negatif
Pengguna Google,Eror terus,negatif
Pengguna Google,Apk Lol,negatif
Pengguna Google,ga fungsi,negatif
Pengguna Google,aplikasi cacat,negatif
Pengguna Google,Aplikasi asu,negatif
Pengguna Google,Sangat buruk,negatif
Pengguna Google,Aplikasi tempek,negatif
Pengguna Google,sangat ribet,negatif
Pengguna Google,sampah banget,negatif
Pengguna Google,aplikasi konyol,negatif
Pengguna Google,aplikasi tolol,negatif
Pengguna Google,Sangat buruk,negatif
Pengguna Google,Kebanyakan chapcha,netral
Pengguna Google,Pajak tolol,negatif
Pengguna Google,Aplikkasi bapuk,negatif
Pengguna Google,Tidak bisa log in,negatif
Pengguna Google,Nyusahin banget,negatif
Pengguna Google,aplikasi tolol,negatif
Pengguna Google,Gak jelas,negatif
Pengguna Google,GAGAL LOGIN,negatif
Pengguna Google,aplikasi buuusuuk,negatif
Pengguna Google,Aplikasi bodoh,negatif
Pengguna Google,susah login,negatif
Pengguna Google,Aplikasi sampah,negatif
Pengguna Google,Konttooolll riibet,negatif
Pengguna Google,aplikasi kocak,negatif
Pengguna Google,aplikasi koruptor,negatif
Pengguna Google,sangatt burukkkk,negatif
Pengguna Google,Delay banget,nrgatif
Pengguna Google,Bikin bigung,negatif
Pengguna Google,PAJAK DIKORUPSI,negatif
Pengguna Google,aplikasi tolol,negatif
Pengguna Google,serba lambat,negatif
Pengguna Google,Lambat respon,negatif
Pengguna Google,busuk bgt,negatif
Pengguna Google,apk ampas,negatif
Pengguna Google,not simple,negatif
Pengguna Google,kurang jelas,netral
Pengguna Google,Login kelamaan,negatif
Pengguna Google,aplikasi aneh,negatif
Pengguna Google,Susah aja,negatif
Pengguna Google,sangat buruk,negatif
Pengguna Google,aplikasi cacat,negatif
Pengguna Google,Apk sampah,negatif
Pengguna Google,Apk nyusahin,negatif
Pengguna Google,aplikasih busuk,negatif
Pengguna Google,lemot gembel,negatif
Pengguna Google,aplikasi gembel,negatif
Pengguna Google,APLIKASI SAMPAH,negatif
Pengguna Google,Error mulu,negatif
Pengguna Google,Aplikasi tolol,negatif
Pengguna Google,low rate,negatif
Pengguna Google,Guoblooog app,negatif
Pengguna Google,gak jelas,negatif
Pengguna Google,dh lah,netral
Pengguna Google,aplikasi ampas,negatif
Pengguna Google,apk penipuan,negatif
Pengguna Google,Sistem Error,negatif
Pengguna Google,gabisa login,negatif
Pengguna Google,aplikasi lemot,negatif
Pengguna Google,No recommendations,negatif
Pengguna Google,Sippp-Mantabbbbz,positif
Pengguna Google,Eror wae,negatif
Pengguna Google,Susah di download,negatif
Pengguna Google,Masih coba,netral
Pengguna Google,ga paham,netral
Pengguna Google,Apk jmbtðŸ˜„ðŸ˜„ðŸ˜„ðŸ˜„,negatif
Pengguna Google,Burukkkk!!,negatif
Pengguna Google,Sangat baik aplikasinya,positif
Pengguna Google,Ok dl aja,positif
Pengguna Google,aGus suparru republik,netral
Pengguna Google,PENIPU!!!,negatif
Pengguna Google,HAMA HAMA HAMAAAAAAAAAA,netral
Pengguna Google,Ok... Sip,positif
Pengguna Google,Siiip de....,positif
Pengguna Google,Kecewa,negatif
Pengguna Google,Tidak perlu,netral
Pengguna Google,Payah,negatif
Pengguna Google,gaje,negatif
Pengguna Google,hadeuh,netral
Pengguna Google,ribet,negatif
Pengguna Google,Mempersulit,negatif
Pengguna Google,burik,negatif
Pengguna Google,Ribettt,negatif
Pengguna Google,BURUK,negatif
Pengguna Google,useless,negatif
Pengguna Google,tolol tolol,negatif
Pengguna Google,Lelet,negatif
Pengguna Google,ribet,negatif
Pengguna Google,Bad,negatif
Pengguna Google,Ribet,negatif
Pengguna Google,buruk,negatif
Pengguna Google,korupsi korupsi,negatif
Pengguna Google,sampah,negatif
Pengguna Google,payah,negatif
Pengguna Google,Jelek,negatif
Pengguna Google,Haha,netral
Pengguna Google,jelek,negatif
Pengguna Google,cacat,negatif
Pengguna Google,Berat,netral
Pengguna Google,Payah,negatif
Pengguna Google,ampas,negatif
Pengguna Google,Ribet,negatif
Pengguna Google,Gaje,negatif
Pengguna Google,Ok,positif
Pengguna Google,ribet,negatif
Pengguna Google,Bad,negatif
Pengguna Google,Dipersulit,negatif
Pengguna Google,Lemot,negatif
Pengguna Google,ribet,negatif
Pengguna Google,none,netral
Pengguna Google,PAYAH,negatif
Pengguna Google,Jelek,negatif
Pengguna Google,Burik,negatif
Pengguna Google,wawasan,netral
Pengguna Google,Buruk,negatif
Pengguna Google,Ribet,negatif
Pengguna Google,Parahhhh,negatif
Pengguna Google,pruuug,netral
Pengguna Google,buruk,negatif
Pengguna Google,belibet,negatif
Pengguna Google,Bad,negatif
Pengguna Google,payah,negatif
Pengguna Google,Ribet,negatif
Pengguna Google,TIDAK REKOMENDASI,negatif
Pengguna Google,Penipuan,negatif
Pengguna Google,Jelek,negatif
Pengguna Google,Penipuan,negatif
Pengguna Google,cacad,negatif
Pengguna Google,Penipuan,negatif
Pengguna Google,good,positif
Pengguna Google,pantekk,negatif
Pengguna Google,Lemot.,negatif
Pengguna Google,Ampas.,negatif
"Pengguna Google,""Penting,,,"",positif"
Pengguna Google,Baik,positif
Pengguna Google,Ribet,negatif
Pengguna Google,Top,positif
Pengguna Google,Ok,positif
Pengguna Google,good,positif
Pengguna Google,Bagus,positif
Pengguna Google,Okkk,positif
Pengguna Google,Bagus,positif
Pengguna Google,Mantap,positif
Pengguna Google,Mantap,positif
Pengguna Google,Mantap,positif
Pengguna Google,Mantap,positif
Pengguna Google,Okay,positif
Pengguna Google,Ok,positif
Pengguna Google,mantab,positif
Pengguna Google,good,positif
Pengguna Google,Josss,positif
Pengguna Google,Ok,positif
Pengguna Google,Ok,positif
Pengguna Google,Best,positif
Pengguna Google,Mantap,positif
Pengguna Google,is good,positif
Pengguna Google,Membantu,positif
Pengguna Google,oke,positif
Pengguna Google,Ok,positif
Pengguna Google,Baik,positif
Pengguna Google,Baik,positif
Pengguna Google,cukup,positif
Pengguna Google,good,positif
Pengguna Google,Mantap,positif
Pengguna Google,Josssssss,positif
Pengguna Google,Ok,positif
Pengguna Google,matap,positif
Pengguna Google,is the best,positif
Pengguna Google,good,positif
Pengguna Google,Okk,positif
Pengguna Google,Bagus,positif
Pengguna Google,Ok,positif
Pengguna Google,Baik,positif
Pengguna Google,Mantap,positif
Pengguna Google,Ok,positif
Pengguna Google,Ok,positif
Pengguna Google,Ichblaboy,netral
Pengguna Google,Top,positif
Pengguna Google,memuaskan,positif
Pengguna Google,oke,positif
Pengguna Google,Bagus,positif
Pengguna Google,Bagus,positif
Pengguna Google,ok,positif
Pengguna Google,okok,positif
Pengguna Google,Bagus,positif
Pengguna Google,Good,positif
Pengguna Google,Bagus,positif
Pengguna Google,mantap,positif
Pengguna Google,tertarik,positif
Pengguna Google,Baik,positif
Pengguna Google,Bagus,positif
Pengguna Google,Ok,positif
Pengguna Google,Good,positif
Pengguna Google,Ok,positif
Pengguna Google,Mantap,positif
Pengguna Google,Ok,positif
Pengguna Google,Mantap,positif
Pengguna Google,Ok,positif
Pengguna Google,Bgus,positif
Pengguna Google,Oke,positif
Pengguna Google,Mantappp,positif
Pengguna Google,Ok,positif
Pengguna Google,Oke,positif
Pengguna Google,Bagus,positif
Pengguna Google,Mantap,positif
Pengguna Google,Oke,positif
Pengguna Google,Mantap,positif
Pengguna Google,Ok,positif
Pengguna Google,Ok,positif
Pengguna Google,mantap,positif
Pengguna Google,Okeee,positif
Pengguna Google,mantap,positif
Pengguna Google,Ok,positif
Pengguna Google,Okey,positif
Pengguna Google,suka,positif
Pengguna Google,Mantap,positif
Pengguna Google,Good,positif
Pengguna Google,ok,positif
Pengguna Google,Ok,positif
Pengguna Google,Sippp,positif
Pengguna Google,Ok,positif
Pengguna Google,Bagus,positif
Pengguna Google,Good,positif
Pengguna Google,Mantaap,positif
Pengguna Google,Terbaik,positif
Pengguna Google,Bagus,positif
Pengguna Google,Ok,positif
Pengguna Google,oke,positif
Pengguna Google,Mantap,positif
Pengguna Google,good,positif
Pengguna Google,ok,positif
Pengguna Google,Ok,positif
Pengguna Google,Ok,positif
Pengguna Google,Baik,positif
Pengguna Google,Mantap,positif
Pengguna Google,Mantul,positif
Pengguna Google,ok,positif
Pengguna Google,Ok,positif
Pengguna Google,ok,positif
Pengguna Google,okebaik,positif
Pengguna Google,Bagus,positif
Pengguna Google,Ok,positif
Pengguna Google,Goood,positif
Pengguna Google,Bagus,positif
Pengguna Google,Ok,positif
Pengguna Google,mantap,positif
Pengguna Google,Mantap,positif
Pengguna Google,Membantu,positif
Pengguna Google,mantap,positif
Pengguna Google,ok,positif
Pengguna Google,Ok,positif
Pengguna Google,Bagus,positif
Pengguna Google,Mantap,positif
Pengguna Google,Ok,positif
Pengguna Google,manthaafff,positif
Pengguna Google,mantap,positif
Pengguna Google,Mantap,positif
Pengguna Google,Bagus,positif
Pengguna Google,bagus,positif
Pengguna Google,Liked,positif
Pengguna Google,Keren,positif
Pengguna Google,ok,positif
Pengguna Google,mantap,positif
Pengguna Google,Ok,positif
Pengguna Google,Mantabz,positif
Pengguna Google,Mantap,positif
Pengguna Google,Top,positif
Pengguna Google,ok,positif
Pengguna Google,Mantap,positif
Pengguna Google,Bagus,positif
Pengguna Google,Ntaps,positif
Pengguna Google,ok,positif
Pengguna Google,baik,positif
Pengguna Google,Baik,positif
Pengguna Google,Krennn,positif
Pengguna Google,Mantaap,positif
Pengguna Google,bagus,positif
Pengguna Google,Ajarin,netral
Pengguna Google,mantap ðŸ‘,positif
Pengguna Google,ðŸ‘Top,positif
Pengguna Google,BISMILLAH...,positif
Pengguna Google,Oke.,positif
Pengguna Google,Scam?,negatif
Pengguna Google,Oke lah,positif
Pengguna Google,Lupayan bagus,positif
Pengguna Google,Sangat medukung,positif
Pengguna Google,Sangat betul,positif
Pengguna Google,Ok mantap,positif
Pengguna Google,Luar biasa,positif
Pengguna Google,Good apk,positif
Pengguna Google,Sangat mbantu,positif
Pengguna Google,Jadi mudah,positif
Pengguna Google,Sangat baik,positif
Pengguna Google,ok punya,positif
Pengguna Google,SANGAT MEMBANTU,positif
Pengguna Google,Jos mantab,positif
Pengguna Google,bagus aplikasinyaa,positif
Pengguna Google,sangat terbantu,positif
Pengguna Google,Sangat Puas,positif
Pengguna Google,Terima kasih,positif
Pengguna Google,selalu ok,positif
Pengguna Google,Good aplilasi,positif
Pengguna Google,Ok mantap,positif
Pengguna Google,Wao emezing,positif
Pengguna Google,Baik lanjar,positif
Pengguna Google,SANGAT MEMBANTU,positif
Pengguna Google,sangat baik,positif
Pengguna Google,Sangat baik,positif
Pengguna Google,Sangat bagus,positif
Pengguna Google,Good apk,positif
Pengguna Google,Bagus mudah,positif
Pengguna Google,Oke Mantap,positif
Pengguna Google,Good Aplication,positif
Pengguna Google,Sangat Bagus,positif
Pengguna Google,Sangat Baik,positif
Pengguna Google,TELKOMSEL ROLI,netral
Pengguna Google,Ok nyaman,positif
Pengguna Google,mantap aplikasi,positif
Pengguna Google,bagus,positif
Pengguna Google,okee..,positif
Pengguna Google,Jos banget ..........,positif
Pengguna Google,oke mbaik ðŸ‘ðŸ‘ðŸ‘ðŸ‘ðŸ‘,positif
Pengguna Google,Ok..,positif
